,name,code,close,rate,premium,tag,mtexp,fundfirm,listdate,index,avgamount,m1,y0,y1,y3,y5,scale
0,黄金ETF,518880,8.857,10033,10000,商品，黄金,0.60%,华安基金,2013-07-29,黄金9999指数,527765.54,9848,14941,14971,22525,22999,682.64
1,纳指ETF,513100,1.856,10043,10000,跨境，美国,0.80%,国泰基金,2013-05-15,纳斯达克100指数,126585.16,9857,11393,12083,21758,21728,166.04
2,红利低波ETF,512890,1.202,9942,10000,策略，红利,0.60%,华泰柏瑞基金,2019-01-18,红利低波指数,87888.51,9967,10694,11223,14534,16706,201.64
3,标普500ETF,513500,2.39,10149,10000,跨境，美国,0.80%,博时基金,2014-01-15,标准普尔500指数,63580.92,10162,11055,10978,17691,21737,220.38
4,创业板ETF,159915,2.908,10014,9991,宽基，中小盘,0.20%,易方达基金,2011-12-09,创业板指,470252.36,9572,13834,13640,12816,11215,1102.0
5,沪深300ETF,510300,4.557,9985,9999,宽基，大盘股,0.20%,华泰柏瑞基金,2012-05-28,沪深300指数,456874.63,9669,11586,11854,12609,9808,4255.81
6,光伏ETF,515790,0.927,9989,9990,主题，光伏，新兴产业,0.60%,华泰柏瑞基金,2020-12-18,光伏产业指数,72470.49,10109,12246,11333,6180,10000,139.76
7,豆粕ETF,159985,2.006,10147,10000,商品，农产品,0.60%,华夏基金,2019-12-05,大商所豆粕期货价格指数,45560.91,10235,10980,10625,10956,16829,24.45
8,恒生科技指数ETF,513180,0.746,10177,10000,跨境，香港，科技,0.65%,华夏基金,2021-05-25,恒生科技指数,580339.77,9199,12209,12840,15318,10000,451.9
9,科创50ETF,588000,1.36,10067,9986,宽基，中小盘，科创板,0.20%,华夏基金,2020-11-16,科创50指数,377754.16,9233,13014,13492,12794,9564,756.2
10,酒ETF,512690,0.581,9932,9994,行业，食品饮料，酒,0.60%,鹏华基金,2019-05-06,中证酒指数,76273.28,9798,9432,9341,7937,6948,203.21
11,日经ETF,513520,1.812,10112,10000,跨境，日本,0.25%,华夏基金,2019-06-25,日经225指数,31825.35,9608,12462,12897,16840,15138,16.28
12,创业板50ETF,159949,1.384,10000,10011,宽基，中小盘,0.60%,华安基金,2016-07-22,创业板50指数,170478.47,9532,14402,14239,13529,12559,290.37
13,港股创新药ETF,513120,1.332,10238,10000,跨境，香港，医药,0.60%,广发基金,2022-07-12,港股创新药港币指数,589285.3,9948,18372,18222,14800,10000,248.89
14,化工ETF,159870,0.724,9931,10016,行业，化工,0.60%,鹏华基金,2021-03-03,细分化工指数,85200.71,10328,12526,12189,9476,10000,185.44
15,红利低波50ETF,515450,1.446,9938,10000,策略，低波动，红利,0.60%,南方基金,2020-02-26,标普中国A股大盘红利低波50指数,19017.34,9972,10365,11095,15866,17589,127.39
16,消费ETF,159928,0.825,10000,10010,行业，消费，必选消费,0.60%,汇添富基金,2013-09-16,中证消费指数,49268.69,9892,10098,10160,8881,6957,195.73
17,证券ETF,512880,1.175,10017,10000,行业，金融，证券,0.60%,国泰基金,2016-08-08,证券公司指数,293288.77,9438,10043,10069,13490,9695,553.34
18,中韩半导体ETF,513310,2.303,10026,10000,跨境，韩国,0.95%,华泰柏瑞基金,2022-12-22,中韩半导体指数,262691.86,9652,16218,16485,10000,10000,19.16
19,医疗ETF,512170,0.348,10116,10028,行业，医药,0.60%,华宝基金,2019-06-17,中证医疗指数,58759.84,9405,10642,10419,7002,4995,264.04
20,通信ETF,515880,2.426,9878,10010,行业，TMT，通信,0.60%,国泰基金,2019-09-06,通信设备指数,141520.21,9238,17786,18505,27853,21564,115.52
21,金融科技ETF,159851,0.815,10200,10003,主题，金融科技,0.60%,华宝基金,2021-03-19,金融科技指数,37584.68,9325,11367,11164,16219,10000,123.19
22,银行ETF,512800,0.835,9940,10013,行业，金融，银行,0.60%,华宝基金,2017-08-03,中证银行指数,124579.33,10012,11246,12208,16325,14372,139.38
23,电池ETF,159755,1.007,9921,10020,主题，新兴产业，新能源车，电池,0.60%,广发基金,2021-06-24,新能电池指数,116873.24,9777,15445,14183,10981,10000,150.97
24,煤炭ETF,515220,1.122,9912,10006,行业，煤炭，资源,0.60%,国泰基金,2020-03-02,中证煤炭指数,74045.19,9273,9903,9949,10476,19315,114.13
25,纳指ETF,159941,1.394,10080,10000,跨境，美国,1.00%,广发基金,2015-07-13,纳斯达克100指数,167026.33,9887,11324,12059,21646,22796,290.2
26,恒生互联网ETF,513330,0.53,10291,10000,跨境，香港，互联网,0.65%,华夏基金,2021-02-08,恒生互联网科技业指数,398434.17,9315,12710,12864,12990,10000,355.32
27,半导体ETF,512480,1.333,10083,9993,行业，半导体，芯片,0.60%,国联安基金,2019-06-12,半导体指数,130844.54,9162,13211,13771,15165,12377,230.32
28,有色金属ETF,512400,1.638,9927,10017,行业，资源，有色金属,0.60%,南方基金,2017-09-01,有色金属指数,81201.76,9803,16997,15934,14914,17357,143.16
29,人工智能ETF,159819,1.36,10052,9986,主题，新兴产业，人工智能,0.20%,易方达基金,2020-09-23,CS人工智能指数,70413.26,9309,14945,15420,19512,13779,250.04
30,中概互联网ETF,513050,1.54,10246,10000,跨境，中概股,0.80%,易方达基金,2017-01-18,中国互联网50指数,270304.28,9356,13208,13604,16109,7193,431.71
31,上证50ETF,510050,3.094,9977,10001,宽基，大盘股,0.20%,华夏基金,2005-02-23,上证50指数,199148.65,9769,11300,11751,12636,9496,1804.54
32,红利ETF,510880,3.227,9914,10010,策略，红利,0.60%,华泰柏瑞基金,2007-01-18,红利指数,49941.39,9844,10079,10729,12806,13543,196.76
33,中证红利质量ETF,159209,1.121,10018,9990,,0.20%,招商基金,2025-03-25,中证红利质量指数,2179.9,9893,10000,10000,10000,10000,4.59
34,恒生科技ETF,513130,0.732,10181,10000,跨境，香港，科技,0.25%,华泰柏瑞基金,2021-06-01,恒生科技指数,681494.42,9208,12282,12842,15062,10000,415.06
35,科创创业ETF,159781,0.827,9952,9974,宽基，中小盘,0.20%,易方达基金,2021-07-05,科创创业50指数,30996.91,9366,14637,14928,13317,10000,122.26
36,港股通创新药ETF,159570,1.735,10291,10000,跨境，香港，医药,0.60%,汇添富基金,2024-01-22,港股通创新药指数,256598.55,10128,18054,18035,10000,10000,224.87
37,科创芯片ETF,588200,2.15,10042,9995,行业，半导体，芯片，科创板,0.60%,嘉实基金,2022-10-26,科创芯片指数,284292.83,9064,14686,15479,19027,10000,404.04
38,军工ETF,512660,1.188,10403,10013,行业，军工,0.60%,国泰基金,2016-08-08,中证军工指数,65624.44,10085,11401,11423,10189,10780,141.09
39,机器人ETF,562500,0.941,10107,10011,主题，新兴产业，机器人,0.60%,华夏基金,2021-12-29,机器人指数,118350.71,9326,12095,12365,12768,10000,227.98
40,德国ETF,513030,1.823,10111,10000,跨境，德国,1.00%,华安基金,2014-09-05,德国DAX指数,6758.86,9676,12722,13003,17069,16990,18.05
41,自由现金流ETF,159201,1.149,9974,10000,,0.20%,华夏基金,2025-02-27,自由现金流指数,51321.71,9905,10000,10000,10000,10000,44.54
42,恒生ETF,159920,1.579,10128,10000,跨境，香港,0.75%,华夏基金,2012-10-22,香港恒生指数,70036.78,9832,12765,13325,15496,11319,162.78
43,德国ETF,159561,1.32,10130,10000,跨境，德国,0.60%,嘉实基金,2024-04-30,德国DAX指数,10103.44,9742,12656,12891,10000,10000,16.65
44,游戏ETF,159869,1.387,10328,10022,主题，游戏,0.60%,华夏基金,2021-03-05,动漫游戏指数,64138.59,9520,13856,13085,18060,10000,106.97
45,稀有金属ETF,562800,0.821,9832,10013,主题，稀有金属,0.60%,嘉实基金,2021-09-27,CS稀金属指数,35056.86,10024,16789,15009,11080,10000,24.58
46,道琼斯ETF,513400,1.22,10083,10000,跨境，美国,0.65%,鹏华基金,2024-02-02,道琼斯工业平均指数,15593.26,10167,10535,10357,10000,10000,14.19
47,旅游ETF,159766,0.753,10027,10000,主题，旅游,0.60%,富国基金,2021-07-23,中证旅游指数,22487.0,10301,10681,10742,7968,10000,49.27
48,纳斯达克ETF,513300,2.333,10100,10000,跨境，美国,0.80%,华夏基金,2020-11-05,纳斯达克100指数,68832.98,10026,11141,11861,22009,23424,111.02
49,红利低波动ETF,563020,1.234,9936,10001,策略，红利,0.20%,易方达基金,2023-12-14,红利低波指数,10425.96,9968,10759,11261,10000,10000,29.17
50,传媒ETF,512980,0.99,10334,10022,行业，TMT，传媒,0.60%,广发基金,2018-01-19,中证传媒指数,15633.34,10206,12791,12579,17188,10951,29.84
51,纳指ETF易方达,159696,1.717,10053,10000,跨境，美国,0.60%,易方达基金,2023-08-25,纳斯达克100指数,8972.06,10106,11470,12195,10000,10000,37.29
52,香港证券ETF,513090,2.042,10044,10005,跨境，香港,0.20%,易方达基金,2020-03-26,香港证券港元指数,853972.78,9031,13779,14005,20098,16974,343.54
53,沙特ETF,159329,0.95,10085,10000,跨境，沙特,0.60%,南方基金,2024-07-16,富时阿拉伯指数,9403.34,9491,9295,9415,10000,10000,16.21
54,电池50ETF,159796,0.928,9978,9983,主题，新兴产业，新能源车,0.20%,汇添富基金,2022-03-14,CS电池指数,51900.02,10022,16028,14660,10300,10000,84.48
55,现金流ETF南方,159232,1.209,9942,10004,,0.20%,南方基金,2025-04-30,中证现金流指数,12219.56,10033,10000,10000,10000,10000,7.81
56,东南亚科技ETF,513730,1.395,10131,10000,跨境，新加坡，东南亚,0.50%,华泰柏瑞基金,2023-12-01,新交所泛东南亚科技指数,5836.89,9845,10333,10190,10000,10000,14.08
57,中药ETF,560080,1.077,10065,10010,行业，医药,0.60%,汇添富基金,2022-10-17,中证中药指数,10260.28,9917,9872,9800,8871,10000,24.89
58,5G通信ETF,515050,1.858,9915,10001,主题，新兴产业，5G,0.60%,华夏基金,2019-10-16,5G通信指数,46924.34,9117,16284,17595,22770,15106,96.4
59,能源化工ETF,159981,1.213,10176,10000,商品，化工,0.60%,建信基金,2020-01-17,易盛能化A,17366.66,9704,8377,8424,8579,13228,10.82
60,科创新能源ETF,588830,1.428,10120,9975,行业，新能源，科创板,0.60%,鹏华基金,2024-08-09,科创新能指数,21100.53,10120,12450,10951,10000,10000,9.07
61,有色ETF,159980,1.796,10056,10000,商品，有色金属,0.70%,大成基金,2019-12-24,上期有色金属指数,17705.75,10000,10985,10852,11886,16064,18.22
62,短融ETF,511360,112.654,10001,10000,债券，信用债，短期融资券,0.20%,海富通基金,2020-09-25,中证短融指数,1789847.27,10013,10136,10166,10638,11210,631.5
63,创业板成长ETF,159967,0.545,9963,9991,策略，动量，成长,0.60%,华夏基金,2019-07-15,创成长指数,19172.81,9332,12084,12165,9750,9785,35.38
64,新能源ETF,516160,2.73,9891,9986,主题，新能源，新兴产业,0.20%,南方基金,2021-02-04,中证新能指数,29831.63,10066,13802,12686,7954,10000,61.48
65,黄金股ETF,517520,1.869,10000,10028,行业，黄金,0.60%,永赢基金,2023-11-01,SSH黄金股票指数,38127.09,9639,17582,16511,10000,10000,116.69
66,电网设备ETF,159326,1.366,10089,9996,主题，电网设备,0.60%,华夏基金,2024-09-09,电网设备主题指数,21548.73,10081,12218,12218,10000,10000,1.25
67,新能源车ETF,515030,1.742,9881,10011,主题，新兴产业，新能源车,0.60%,华夏基金,2020-03-04,CS新能车指数,18780.78,9814,14590,13473,9881,12550,59.78
68,芯片ETF,512760,1.48,10082,9993,行业，半导体，芯片,0.60%,国泰基金,2019-06-12,中华半导体人民币指数,35015.09,9102,13156,13716,14815,12447,105.87
69,法国CAC40ETF,513080,1.784,10171,10000,跨境，法国,0.65%,华安基金,2020-06-12,法国CAC40指数,5258.08,9754,12120,12111,14003,16412,9.5
70,创新药ETF,159992,0.868,10140,9982,行业，医药,0.55%,银华基金,2020-04-10,CS创新药指数,45376.81,9623,12453,12191,9185,6803,120.05
71,中证2000增强ETF,159552,1.925,10164,9996,宽基，中小盘,0.60%,招商基金,2024-06-28,中证2000指数,6821.01,9644,14774,14270,10000,10000,5.4
72,食品饮料ETF,515170,0.572,9965,10012,行业，食品饮料,0.60%,华夏基金,2021-01-13,细分食品指数,15843.07,9828,9597,9679,8667,10000,50.8
73,双创ETF,588300,0.855,9977,9995,宽基，中小盘,0.60%,招商基金,2021-07-05,科创创业50指数,6924.96,9375,14615,14921,13486,10000,19.87
74,恒生医疗ETF,513060,0.648,10189,10000,跨境，香港，医药，医疗保健,0.65%,博时基金,2021-03-29,恒生医疗保健指数,99394.88,9863,16615,16744,11846,10000,74.3
75,中证500ETF,510500,6.97,10069,9996,宽基，中小盘,0.20%,南方基金,2013-03-15,中证500指数,281467.31,9615,12192,12163,11745,11553,1400.98
76,价值100ETF,512040,1.103,9991,10011,策略，价值,0.70%,富国基金,2018-11-29,国信价值指数,7007.81,9831,11244,11490,14384,15887,16.75
77,港股通非银ETF,513750,1.641,10000,10000,跨境，香港，金融,0.60%,广发基金,2023-11-27,港股通非银人民币指数,120708.97,9797,13942,14319,10000,10000,197.42
78,恒生红利低波ETF,159545,1.477,10027,10000,跨境，香港,0.20%,易方达基金,2024-04-15,恒生港股通高股息低波动指数,13846.7,10121,12427,13303,10000,10000,38.89
79,港股红利ETF博时,513690,1.126,10027,10009,跨境，香港，策略，红利,0.60%,博时基金,2021-05-20,恒生港股通高股息率指数,34939.83,10144,12470,13313,16333,10000,53.07
80,日经225ETF,513880,1.715,10088,10000,跨境，日本,0.25%,华安基金,2019-06-25,日经225指数,33902.03,9822,12846,13142,16475,14772,17.88
81,中证红利ETF,515080,1.574,9943,10013,策略，红利,0.30%,招商基金,2019-12-27,中证红利指数,29492.28,9758,10370,10875,12807,14676,75.93
82,标普ETF,159655,1.789,10147,10000,跨境，美国,0.75%,华夏基金,2022-10-25,标准普尔500指数,20219.9,10159,10816,10842,17136,10000,33.65
83,芯片ETF,159995,1.594,10057,9983,行业，半导体，芯片,0.60%,华夏基金,2020-02-10,国证芯片指数,71926.01,9067,13002,13730,14925,13184,286.01
84,科技100ETF,515580,1.146,10017,9985,主题，新兴产业，科技,0.60%,华泰柏瑞基金,2019-10-28,科技100指数,2025.11,9518,13874,14361,15383,14883,5.39
85,军工龙头ETF,512710,0.681,10397,10006,行业，军工,0.60%,富国基金,2019-08-26,军工龙头指数,71469.29,10029,10984,11055,8675,8955,146.9
86,纳指ETF嘉实,159501,1.741,9994,10000,跨境，美国,0.60%,嘉实基金,2023-06-14,纳斯达克100指数,27512.12,10087,11499,12209,10000,10000,83.46
87,港股红利低波ETF,520550,1.237,10008,10000,跨境，香港,0.20%,招商基金,2025-01-24,恒生港股通高股息低波动指数,6612.43,10139,10000,10000,10000,10000,10.18
88,红利低波100ETF,159307,1.084,9954,10018,策略，低波动，红利,0.20%,博时基金,2024-04-25,红利低波100指数,2599.91,9909,10540,11063,10000,10000,13.79
89,纳指生物科技ETF,513290,1.509,10357,10000,跨境，美国，生物科技,0.65%,汇添富基金,2022-08-29,纳斯达克生物科技指数,35546.81,11128,13054,12461,13437,10000,13.3
90,锂电池ETF,159840,0.803,9889,9988,主题，新兴产业，新能源车，电池,0.52%,工银瑞信基金,2021-08-20,新能电池指数,19658.16,9745,15383,14137,10985,10000,20.7
91,港股通红利ETF,513530,1.696,9971,10000,跨境，香港，红利,0.60%,华泰柏瑞基金,2022-04-25,港股通高股息港元指数,12563.1,10021,12196,12867,18738,10000,20.37
92,中证A500ETF,159338,1.127,10000,9997,宽基，中小盘,0.20%,国泰基金,2024-10-15,中证A500指数,470468.78,9699,11801,12002,10000,10000,225.51
93,化工ETF,516020,0.767,9910,10005,行业，化工,0.60%,华宝基金,2021-03-08,细分化工指数,20678.54,10337,12636,12292,9746,10000,27.12
94,稀有金属ETF基金,159671,1.151,9888,10037,主题，稀有金属,0.52%,工银瑞信基金,2023-03-10,CS稀金属指数,3595.97,10061,17027,15225,10000,10000,5.68
95,人工智能ETF,515980,0.781,10000,10002,主题，新兴产业，人工智能,0.60%,华富基金,2020-02-10,人工智能指数,31165.9,9156,16070,16373,20181,13524,80.79
96,储能电池ETF,159566,1.969,10025,10000,主题，新兴产业，新能源,0.60%,易方达基金,2024-02-08,新能源电池指数,31572.33,9825,14860,14531,10000,10000,18.21
97,纳指100ETF,159660,2.065,10034,10000,跨境，美国,0.65%,汇添富基金,2023-04-17,纳斯达克100指数,23796.89,10248,11352,12462,10000,10000,36.21
98,自由现金流ETF易方达,159222,1.221,9975,10014,,0.20%,易方达基金,2025-04-17,自由现金流指数,6510.15,9919,10000,10000,10000,10000,3.79
99,纳斯达克100ETF,159659,1.984,10086,10000,跨境，美国,0.65%,招商基金,2023-04-25,纳斯达克100指数,50499.41,10097,11589,12149,10000,10000,62.92
100,纳指ETF富国,513870,1.75,10086,10000,跨境，美国,0.60%,富国基金,2023-11-02,纳斯达克100指数,22103.29,10086,11559,12144,10000,10000,16.81
101,电力ETF,159611,1.018,9961,9992,行业，电力,0.60%,广发基金,2022-01-07,电力指数,17636.89,9640,10272,10538,11490,10000,36.27
102,中证1000ETF,512100,2.895,10115,9990,宽基，中小盘,0.20%,南方基金,2016-11-04,中证1000指数,165162.07,9780,12153,11965,11195,11211,766.3
103,家电ETF,159996,1.47,9980,9982,行业，家电,0.60%,国泰基金,2020-03-16,家用电器指数,5886.76,9735,11036,11529,14744,10208,16.57
104,恒生科技ETF,159740,0.732,10181,10000,跨境，香港，科技,0.60%,大成基金,2021-05-27,恒生科技指数,266762.59,9219,12303,12797,15093,10000,155.76
105,红利价值ETF,563700,1.071,9907,10005,,0.20%,易方达基金,2025-04-28,红利价值指数,1541.14,9835,10000,10000,10000,10000,7.81
106,上证指数ETF,510210,0.956,9958,9995,宽基，综合,0.60%,富国基金,2011-03-25,上证指数,89307.08,9785,11701,12040,13170,12417,44.87
107,价值ETF,159263,1.073,9972,10018,,0.60%,易方达基金,2025-07-08,价值100指数,4956.28,10171,10000,10000,10000,10000,5.34
108,电池ETF,561910,0.791,9962,9990,主题，新兴产业，新能源车，电池,0.60%,招商基金,2021-08-12,CS电池指数,36268.08,10051,16209,14868,10747,10000,56.06
109,MSCIA股ETF易方达,512090,1.839,9984,10000,MSCI,0.20%,易方达基金,2018-06-01,MSCI中国A股国际通指数,29060.96,9674,11691,11988,12613,11451,6.05
110,新能车ETF,515700,2.321,9868,10005,主题，新兴产业，新能源车,0.20%,平安基金,2020-02-10,新能源车指数,8923.06,9793,14681,13549,10118,13255,24.98
111,恒生医药ETF,159892,0.845,10230,10000,跨境，香港，生物科技,0.65%,华夏基金,2021-10-19,恒生香港上市生物科技指数,89206.3,9918,17531,17531,13162,10000,60.23
112,A500ETF基金,512050,1.12,10018,9997,宽基，中小盘,0.20%,华夏基金,2024-11-15,中证A500指数,555003.29,9680,11789,11953,10000,10000,183.8
113,光伏ETF龙头,560980,0.669,10015,9994,主题，光伏，新兴产业,0.60%,广发基金,2022-11-29,光伏龙头30指数,5416.46,10229,13515,12647,10000,10000,3.39
114,科创AIETF,588790,0.737,10152,9994,主题，新兴产业，人工智能,0.60%,博时基金,2025-01-09,科创AI指数,24608.08,9201,10000,10000,10000,10000,70.59
115,科创ETF,588050,1.328,10053,9981,宽基，中小盘，科创板,0.35%,工银瑞信基金,2020-11-16,科创50指数,36316.27,9229,13032,13455,12648,9359,122.98
116,医药ETF,512010,0.392,10129,10012,行业，医药,0.60%,易方达基金,2013-10-28,300医药指数,52222.38,9423,10859,10652,8467,5951,189.88
117,养殖ETF,159865,0.633,10000,9983,行业，畜牧养殖,0.60%,国泰基金,2021-03-08,中证畜牧指数,18545.13,9906,11164,11066,8147,10000,60.97
118,农业ETF,159825,0.805,10037,10007,行业，农业,0.60%,富国基金,2020-12-29,中证农业指数,7651.83,10063,12087,11961,9482,10000,24.15
119,中证现金流ETF,159235,1.216,9959,10014,,0.20%,大成基金,2025-04-30,中证现金流指数,12645.84,10050,10000,10000,10000,10000,11.33
120,软件ETF,515230,0.898,10322,10016,主题，新兴产业，软件,0.60%,国泰基金,2021-03-02,软件指数,15635.83,9771,11469,10845,11169,10000,19.15
121,港股央企红利ETF,513910,1.643,10006,10000,跨境，香港，央企,0.60%,华夏基金,2024-03-04,港股通央企红利指数,28341.85,10012,12179,13261,10000,10000,34.91
122,港股科技50ETF,513980,0.75,10218,10048,跨境，香港，科技,0.60%,景顺长城基金,2021-07-02,HKC科技人民币指数,101485.51,9282,13736,14340,16304,10000,253.98
123,港股通科技30ETF,159636,1.37,10178,10065,跨境，香港，科技,0.52%,工银瑞信基金,2022-07-20,港股通科技指数,88943.12,9307,13314,13965,16830,10000,408.37
124,沪深300ETF易方达,510310,4.369,9989,10006,宽基，大盘股,0.20%,易方达基金,2013-03-25,沪深300指数,109293.03,9681,11603,11873,12747,10069,3051.65
125,建材ETF,159745,0.644,10063,10004,行业，建筑材料,0.60%,国泰基金,2021-06-18,建筑材料指数,5097.44,9892,11027,10627,8407,10000,11.02
126,港股通央企红利ETF,513920,1.643,10000,10000,跨境，香港，央企,0.60%,华安基金,2024-01-05,恒生港股通中国央企红利指数,29574.51,10031,12638,13625,10000,10000,33.68
127,红利ETF易方达,515180,1.374,9942,10013,策略，红利,0.20%,易方达基金,2019-12-20,中证红利指数,22775.54,9752,10391,10888,12900,14247,90.51
128,生物医药ETF,512290,1.034,10108,10004,行业，医药，生物科技,0.60%,国泰基金,2019-05-20,CS生医指数,6637.18,9357,11363,11215,8200,5477,33.44
129,证券保险ETF,512070,0.851,9977,9999,行业，金融,0.60%,易方达基金,2014-07-18,300非银指数,39760.22,9616,10467,10532,14647,9785,122.47
130,证券ETF,159841,1.065,10019,9999,行业，金融，证券,0.60%,天弘基金,2021-02-09,证券公司指数,37735.33,9450,10028,10066,13430,10000,92.77
131,纳斯达克100指数ETF,159513,1.544,10052,10000,跨境，美国,1.00%,大成基金,2023-07-28,纳斯达克100指数,17356.56,10059,11262,12053,10000,10000,59.95
132,日经225ETF易方达,513000,1.813,10112,10000,跨境，日本,0.25%,易方达基金,2019-06-25,日经225指数,18942.91,10000,12687,12913,16694,15071,14.37
133,航空航天ETF,159227,1.152,10501,10000,,0.60%,华夏基金,2025-05-16,国证航天指数,20151.0,10277,10000,10000,10000,10000,13.64
134,消费50ETF,515650,1.196,9992,10015,行业，消费,0.60%,富国基金,2019-11-11,CS消费50指数,9106.48,10017,10213,10650,10688,7628,31.28
135,稀土ETF,516780,1.615,10075,9995,主题，稀土,0.60%,华泰柏瑞基金,2021-03-08,稀土产业指数,12699.86,9417,16330,15221,14523,10000,32.98
136,创业板人工智能ETF华宝,159363,0.812,10062,10008,主题，新兴产业，人工智能,0.60%,华宝基金,2024-12-16,创业板人工智能指数,78047.08,9690,16846,10000,10000,10000,43.52
137,恒生科技ETF易方达,513010,0.766,10200,10000,跨境，香港，科技,0.25%,易方达基金,2021-05-25,恒生科技指数,164763.72,9240,12236,12939,15538,10000,223.83
138,日经ETF,159866,1.351,10120,10000,跨境，日本,0.25%,工银瑞信基金,2021-04-08,日经225指数,19882.97,9956,12650,12867,16617,10000,7.7
139,成长ETF,159259,0.889,10034,10008,,0.60%,易方达基金,2025-08-28,成长100指数,8157.0,9044,10000,10000,10000,10000,17.72
140,资源ETF,510410,1.648,9970,10013,行业，资源,0.60%,博时基金,2012-05-11,上证资源指数,1654.61,9786,13586,13475,15387,22151,5.75
141,软件ETF,159852,0.872,10295,10013,主题，新兴产业，软件,0.60%,嘉实基金,2021-02-09,软件服务指数,41414.06,9754,11310,10686,10283,10000,50.25
142,中证2000ETF,563300,1.271,10168,9972,宽基，中小盘,0.60%,华泰柏瑞基金,2023-09-14,中证2000指数,39155.49,9800,12510,12174,10000,10000,21.68
143,港股通互联网ETF,159792,0.902,10250,10015,跨境，香港，互联网,0.60%,富国基金,2021-09-28,HKC互联网指数,288455.24,9318,12978,13403,14909,10000,976.54
144,AI人工智能ETF,512930,1.942,10062,9994,主题，新兴产业，人工智能,0.20%,平安基金,2019-08-23,CS人工智能指数,14832.29,9314,14927,15388,19247,14498,31.76
145,黄金基金ETF,518800,8.754,10031,10000,商品，黄金,0.60%,国泰基金,2013-07-29,黄金9999指数,39303.21,9854,14949,14974,22510,22952,200.19
146,半导体设备ETF,561980,1.827,10150,9973,行业，半导体，芯片,0.60%,招商基金,2023-09-01,中证半导指数,17706.32,9516,14593,14185,10000,10000,22.81
147,银行ETF,159887,1.36,9934,10011,行业，金融，银行,0.60%,富国基金,2021-05-20,800银行指数,23863.71,10037,11258,12230,16287,10000,18.06
148,科技ETF,515000,0.9,10078,10009,主题，新兴产业，科技,0.60%,华宝基金,2019-08-16,科技龙头指数,11471.44,9212,13740,14107,15088,10502,35.61
149,红利质量ETF,159758,1.012,10050,10008,策略，红利，价值,0.20%,华夏基金,2021-12-28,红利质量指数,4001.86,9353,11084,11384,11686,10000,10.21
150,券商ETF,512000,0.562,10018,10005,行业，金融，证券,0.60%,华宝基金,2016-09-14,证券公司指数,113564.09,9445,10036,10081,13477,9715,358.6
151,智能汽车ETF,515250,1.062,10114,10010,主题，智能汽车,0.60%,富国基金,2021-01-08,CS智汽车指数,2619.55,9259,11383,11481,12873,10000,7.72
152,高股息ETF,159207,1.124,9991,10002,,0.60%,广发基金,2025-04-09,智选高股息指数,1942.78,9748,10000,10000,10000,10000,2.15
153,A500ETF易方达,159361,1.147,10009,10003,宽基，中小盘,0.20%,易方达基金,2024-11-19,中证A500指数,435107.2,9704,11825,12010,10000,10000,230.86
154,光伏龙头ETF,159609,0.538,10037,10020,主题，光伏，新兴产业,0.60%,浦银安盛基金,2022-07-08,光伏产业指数,3274.62,10132,12227,11326,6163,10000,2.93
155,科创芯片设计ETF,588780,1.387,10073,9973,主题，芯片设计,0.60%,国联安基金,2024-12-26,科创芯片设计指数,9920.66,8891,14631,10000,10000,10000,7.56
156,恒生科技ETF基金,513260,1.435,10106,10000,跨境，香港，科技,0.20%,汇添富基金,2022-09-13,恒生科技指数,41377.79,9240,12254,12951,15615,10000,74.6
157,中概互联ETF,159605,1.111,10240,10000,跨境，中概股,0.60%,广发基金,2021-12-02,中国互联网30人民币指数,52843.67,9266,12344,12611,16078,10000,50.59
158,汽车ETF,516110,1.345,10113,10021,行业，汽车,0.60%,国泰基金,2021-05-07,800汽车指数,3727.61,9295,10541,10700,13753,10000,8.96
159,红利低波100ETF,515100,1.558,9924,10000,策略，低波动，红利,0.60%,景顺长城基金,2020-07-03,红利低波100指数,15900.61,9873,10421,10903,13864,16816,46.85
160,稀有金属ETF,159608,0.942,9833,10000,主题，稀有金属,0.60%,广发基金,2021-12-23,CS稀金属指数,14064.77,10021,16973,15267,11530,10000,6.8
161,标普500ETF南方,513650,1.771,10161,10000,跨境，美国,0.75%,南方基金,2023-04-04,标准普尔500指数,26544.65,10190,11103,11110,10000,10000,36.29
162,恒生消费ETF,513970,0.96,10052,10000,跨境，香港，消费,0.65%,景顺长城基金,2023-04-21,恒生消费指数,18740.01,9717,11073,11525,10000,10000,24.66
163,基建50ETF,516970,1.15,10088,9985,主题，基建,0.60%,广发基金,2021-07-05,基建工程指数,4342.05,9411,10305,10204,10213,10000,26.12
164,中药ETF,159647,0.999,10040,10006,行业，医药,0.60%,鹏华基金,2022-07-28,中证中药指数,4012.37,9891,9891,9833,9041,10000,9.57
165,计算机ETF,159998,0.993,10185,9988,行业，计算机,0.60%,天弘基金,2020-04-13,CS计算机指数,9024.12,9502,11271,11107,11993,8962,33.03
166,日本东证指数ETF,513800,1.619,10094,10000,跨境，日本,0.25%,南方基金,2019-06-25,东证指数,7332.19,9872,11843,11966,15471,14887,9.07
167,影视ETF,159855,0.978,10241,10010,主题，TMT，影视,0.60%,银华基金,2021-02-26,中证影视指数,1108.58,10093,11826,11452,12587,10000,1.06
168,矿业ETF,561330,1.627,9903,10014,行业，资源，有色金属,0.60%,国泰基金,2022-11-01,有色矿业指数,3087.02,9813,17438,16221,15378,10000,2.91
169,红利国企ETF,510720,0.99,9910,10009,策略，红利,0.60%,国泰基金,2024-05-15,上国红利指数,11453.04,9791,10124,10700,10000,10000,30.01
170,港股通50ETF,513550,1.174,10156,10035,跨境，香港,0.60%,华泰柏瑞基金,2021-01-13,港股通50港元指数,12031.02,9924,13059,13651,16283,10000,29.87
171,房地产ETF,512200,1.544,10013,10000,行业，金融，房地产,0.60%,南方基金,2017-09-25,房地产指数,43060.61,9438,10561,9791,7831,5945,74.18
172,钢铁ETF,515210,1.448,9966,9983,行业，钢铁,0.60%,国泰基金,2020-03-02,中证钢铁指数,21180.8,9870,12323,12273,11563,12397,36.6
173,游戏ETF,516010,1.377,10315,10024,主题，游戏,0.60%,国泰基金,2021-03-05,动漫游戏指数,12173.19,9536,13811,13065,17860,10000,30.01
174,现金流ETF嘉实,159221,1.161,9983,10006,,0.20%,嘉实基金,2025-05-13,自由现金流指数,3650.09,9957,10000,10000,10000,10000,6.88
175,上证综指ETF,510760,1.233,9992,10018,宽基，综合,0.20%,国泰基金,2020-09-09,上证指数,24170.36,9770,11709,12094,13795,14240,18.97
176,医疗ETF龙头,560260,0.872,10093,10019,行业，医药,0.55%,广发基金,2023-09-15,中证医疗指数,1392.6,9386,10713,10468,10000,10000,16.38
177,医疗器械ETF,159883,0.503,10060,10000,行业，医药，医疗器械,0.60%,永赢基金,2021-04-30,医疗器械指数,8949.55,9455,10350,10040,7575,10000,47.3
178,纳指100ETF,513390,2.112,10134,10000,跨境，美国,0.65%,博时基金,2023-05-08,纳斯达克100指数,6441.79,9972,11611,12424,10000,10000,34.82
179,科创人工智能ETF华宝,589520,0.554,10128,9983,主题，新兴产业，人工智能,0.60%,华宝基金,2025-03-13,科创AI指数,3078.83,9203,10000,10000,10000,10000,5.76
180,恒生创新药ETF,520500,1.731,10237,10000,,0.60%,华泰柏瑞基金,2024-12-27,恒生创新药指数,73186.14,9948,17574,10000,10000,10000,16.25
181,新能源ETF,159875,0.645,9893,9992,主题，新兴产业，新能源,0.60%,嘉实基金,2021-08-17,中证新能指数,14195.96,10078,13782,12622,7953,10000,12.75
182,港股创新药ETF,159567,0.84,10256,10000,跨境，香港，医药,0.60%,银华基金,2024-01-11,港股通创新药指数,122909.94,10120,17592,17427,10000,10000,77.01
183,新经济ETF,159822,0.726,10126,10000,跨境，新兴产业,0.35%,银华基金,2020-10-23,标普新中国行业指数,2155.49,9629,12100,12140,12410,7035,3.45
184,纳斯达克ETF,159632,2.093,10067,10000,跨境，美国,0.80%,华安基金,2022-08-03,纳斯达克100指数,20029.15,10072,10941,12063,21511,10000,95.59
185,光伏ETF,159857,0.785,9987,9996,主题，光伏，新兴产业,0.60%,天弘基金,2021-02-24,光伏产业指数,22392.53,10116,12266,11393,6230,10000,24.81
186,卫星ETF,159206,1.15,10370,10000,,0.60%,永赢基金,2025-03-14,卫星通信指数,6975.44,10222,10000,10000,10000,10000,11.93
187,港股红利ETF基金,513820,1.287,9992,10000,跨境，香港，红利,0.60%,汇添富基金,2024-05-16,港股通高股息港元指数,13504.49,10023,11979,12712,10000,10000,31.57
188,创50ETF,159681,1.358,10000,9998,宽基，中小盘,0.20%,鹏华基金,2023-01-03,创业板50指数,14975.63,9516,14370,14220,10000,10000,23.72
189,电池ETF景顺,159757,0.832,9905,10004,主题，新兴产业，新能源车，电池,0.60%,景顺长城基金,2021-08-09,新能电池指数,5107.22,9777,15465,14271,11274,10000,4.56
190,沙特ETF,520830,0.94,10140,10000,跨境，沙特,0.60%,华泰柏瑞基金,2024-07-16,富时阿拉伯指数,4644.83,9505,9325,9372,10000,10000,16.75
191,创业50ETF,159682,1.342,10000,10000,宽基，中小盘,0.20%,景顺长城基金,2023-01-03,创业板50指数,30155.62,9518,14399,14231,10000,10000,60.46
192,港股红利低波ETF,159569,1.395,10000,10000,跨境，香港，策略，红利,0.58%,景顺长城基金,2024-08-22,港股通红利低波指数,3790.71,10175,12485,13519,10000,10000,3.31
193,云计算ETF华泰柏瑞,159738,1.732,10117,10004,跨境，香港，云计算,0.60%,华泰柏瑞基金,2022-01-28,SHS云计算人民币指数,1932.4,9596,16187,16386,21383,10000,5.07
194,800ETF,515800,1.188,9975,10004,宽基，综合,0.20%,汇添富基金,2019-12-16,中证800指数,9795.31,9666,11739,11928,12508,10485,53.02
195,国防ETF,512670,0.791,10367,10016,行业，军工,0.40%,鹏华基金,2019-08-01,中证国防指数,28226.54,9937,11381,11332,8370,9350,69.85
196,化工50ETF,516120,0.781,9899,10000,行业，化工,0.60%,富国基金,2021-03-09,细分化工指数,6420.51,10331,12658,12338,9824,10000,12.64
197,稀土ETF嘉实,516150,1.671,10072,9992,主题，稀土,0.60%,嘉实基金,2021-03-17,稀土产业指数,24523.32,9403,16255,15013,14113,10000,76.48
198,科创新材料ETF,588010,0.786,10181,10004,主题，新材料，科创板,0.60%,博时基金,2022-10-26,科创材料指数,2417.7,9800,14162,12843,7805,10000,2.91
199,中证A500ETF摩根,560530,1.14,9991,9994,宽基，中小盘,0.20%,摩根资产管理,2024-10-15,中证A500指数,19322.05,9686,11790,11961,10000,10000,59.9
200,云50ETF,560660,1.765,10068,10025,行业，TMT，互联网,0.60%,新华基金,2021-08-25,云计算50指数,1254.62,9608,16557,16667,23193,10000,2.05
201,高股息ETF,563180,1.126,9921,10020,策略，红利,0.60%,银华基金,2024-05-14,高息策略指数,1291.63,9929,10227,10837,10000,10000,1.93
202,环保ETF,512580,1.245,10000,9984,主题，环保，新兴产业,0.60%,广发基金,2017-02-28,中证环保指数,1775.11,10000,12614,12064,8658,11443,13.48
203,机器人ETF易方达,159530,1.402,10108,9996,主题，新兴产业，机器人,0.60%,易方达基金,2024-01-18,机器人100指数,41877.37,9260,12034,12277,10000,10000,133.15
204,稀有金属ETF基金,561800,0.875,9843,10013,主题，稀有金属,0.60%,华富基金,2021-08-24,CS稀金属指数,2590.81,10057,16762,14881,10870,10000,1.93
205,中证A50ETF基金,561230,1.259,10000,9992,宽基，大盘,0.20%,工银瑞信基金,2024-03-18,中证A50指数,1885.99,9692,11334,11576,10000,10000,10.48
206,恒生红利ETF,159726,1.358,10022,10000,跨境，香港,0.60%,华夏基金,2021-11-23,恒生中国内地企业高股息率指数,1583.52,10149,12739,13580,17568,10000,3.73
207,中证2000ETF华夏,562660,1.611,10158,9987,宽基，中小盘,0.60%,华夏基金,2023-09-14,中证2000指数,2683.31,9926,14257,14181,10000,10000,2.27
208,恒生科技ETF龙头,513380,0.674,10166,10000,跨境，香港，科技,0.60%,广发基金,2022-05-12,恒生科技指数,55461.97,9208,12199,12753,15028,10000,101.89
209,A500红利ETF,560570,1.01,9941,10010,,0.40%,国联安基金,2025-09-18,A500红利低波指数,5105.18,9950,10000,10000,10000,10000,12.47
210,人工智能AIETF,515070,1.729,10070,10000,主题，新兴产业，人工智能,0.60%,华夏基金,2019-12-24,CS人工智能指数,18873.19,9321,14892,15383,19427,13799,95.96
211,地产ETF,159707,0.655,10046,9997,行业，金融，房地产,0.60%,华宝基金,2021-11-12,800地产指数,4774.33,9576,10315,9747,7143,10000,4.76
212,港股科技30ETF,513160,1.216,10150,10015,跨境，香港，科技,0.60%,银华基金,2022-02-09,恒生港股通中国科技指数,69240.67,9150,13160,14042,16772,10000,51.86
213,港股金融ETF,513140,1.598,10082,10000,跨境，香港,0.60%,华泰柏瑞基金,2023-01-12,H300金融服务港币指数,9127.24,10257,13440,14268,10000,10000,1.37
214,银行AH优选ETF,517900,1.524,9980,10009,行业，金融，银行,0.60%,招商基金,2022-03-25,银行AH人民币指数,5262.57,9948,11651,12796,16766,10000,10.07
215,物流ETF,516910,1.102,10000,9988,行业，物流,0.60%,富国基金,2021-06-11,CS物流指数,1417.47,9701,10576,10627,10678,10000,0.707
216,红利低波ETF基金,159547,1.235,9960,10013,策略，红利,0.20%,华夏基金,2024-02-06,红利低波指数,4196.19,9992,10716,11319,10000,10000,3.76
217,恒生科技指数ETF,159742,0.778,10130,10000,跨境，香港，科技,0.65%,博时基金,2021-05-25,恒生科技指数,21015.88,9396,12589,13254,15781,10000,45.95
218,国开ETF,159650,107.247,10000,10000,债券，利率债，国开债,0.20%,博时基金,2022-10-28,中债-0-3年国开行债券全价(总值)指数,159256.49,10019,10078,10169,10715,10000,37.39
219,黄金ETF,159934,9.254,10029,10000,商品，黄金,0.60%,易方达基金,2013-12-16,黄金9999指数,131381.98,9847,14950,14991,22549,22968,261.93
220,医疗ETF易方达,159847,0.407,10074,9996,行业，医药,0.20%,易方达基金,2021-07-19,中证医疗指数,1837.79,9378,10654,10544,7281,10000,11.61
221,油气ETF,159697,1.126,9903,9986,行业，石油，天然气,0.60%,鹏华基金,2023-05-04,国证油气指数,1259.17,10009,10643,10806,10000,10000,1.15
222,创业板人工智能ETF南方,159382,1.741,10058,10013,主题，新兴产业，人工智能,0.60%,南方基金,2025-05-09,创业板人工智能指数,19001.48,9688,10000,10000,10000,10000,3.4
223,黄金股ETF,159562,2.04,10000,10025,行业，黄金,0.20%,华夏基金,2024-01-22,SSH黄金股票指数,6273.7,9650,17481,16545,10000,10000,24.09
224,双创50ETF,588380,0.848,9953,9994,宽基，中小盘,0.60%,富国基金,2021-07-06,科创创业50指数,11509.82,9370,14596,14877,13375,10000,29.41
225,工业有色ETF,560860,1.335,10060,10005,行业，资源，有色金属,0.60%,万家基金,2023-03-13,工业有色指数,18812.01,9688,16835,16380,10000,10000,36.1
226,科创50ETF龙头,588060,0.825,10073,9989,宽基，中小盘，科创板,0.60%,广发基金,2021-07-29,科创50指数,26014.73,9239,13054,13502,12634,10000,69.41
227,港股消费ETF,159735,0.83,10147,10002,跨境，香港，消费,0.60%,银华基金,2021-06-04,HKC消费港元指数,5466.33,9640,12206,12691,14335,10000,8.36
228,科创人工智能ETF华夏,589010,1.302,10140,9992,主题，新兴产业，人工智能,0.60%,华夏基金,2025-04-09,科创AI指数,16858.66,9208,10000,10000,10000,10000,7.4
229,有色金属ETF,159871,1.665,9928,10014,行业，资源，有色金属,0.60%,银华基金,2021-03-31,中证有色指数,3864.91,9835,16501,15374,14853,10000,4.02
230,中证1000ETF易方达,159633,2.981,10095,9978,宽基，中小盘,0.20%,易方达基金,2022-08-04,中证1000指数,6460.68,9787,12222,12064,11387,10000,15.55
231,光伏50ETF,516880,0.784,10026,10002,主题，光伏，新兴产业,0.60%,银华基金,2021-01-18,光伏产业指数,6612.91,10129,12308,11496,6333,10000,19.24
232,医药卫生ETF,159938,0.67,10075,9990,行业，医药,0.60%,广发基金,2015-01-08,全指医药,3039.31,9531,10948,10772,8438,6823,72.01
233,银行ETF天弘,515290,1.495,9934,9998,行业，金融，银行,0.60%,天弘基金,2020-12-28,中证银行指数,9789.62,10000,11283,12264,16483,10000,58.44
234,建材ETF,516750,0.703,10029,9980,行业，建筑材料,0.60%,富国基金,2021-11-05,建筑材料指数,1951.37,9874,10967,10587,8242,10000,1.54
235,恒生创新药ETF,159316,1.405,10241,10000,,0.60%,易方达基金,2025-03-26,恒生港股通创新药指数,65980.48,10050,10000,10000,10000,10000,28.89
236,300红利低波ETF,515300,1.343,9970,10019,策略，红利，低波动,0.60%,嘉实基金,2019-09-19,300红利LV指数,14782.96,9933,9952,10561,14792,15054,45.34
237,锂电池ETF,561160,0.791,9962,9984,主题，新兴产业，新能源车,0.60%,富国基金,2022-07-08,CS电池指数,15176.29,10025,16110,14785,10505,10000,22.67
238,科创成长ETF,588110,1.699,10125,10003,策略，成长，科创板,0.60%,广发基金,2023-08-31,科创成长指数,3782.41,9518,15864,16739,10000,10000,3.88
239,标普500ETF,159612,1.854,10109,10000,跨境，美国,0.75%,国泰基金,2022-05-20,标准普尔500指数,4669.29,10027,10534,10983,17327,10000,7.61
240,食品饮料ETF天弘,159736,0.712,9986,10021,行业，食品饮料,0.60%,天弘基金,2021-09-27,CS食品饮指数,3874.65,9861,9780,9930,8578,10000,55.25
241,科创创业ETF嘉实,588400,0.837,9952,9981,宽基，中小盘,0.60%,嘉实基金,2021-07-05,科创创业50指数,3888.69,9383,14607,14867,13244,10000,17.66
242,深红利ETF,159905,1.764,9989,10003,策略，红利,0.60%,工银瑞信基金,2011-01-11,深证红利指数,5245.97,9822,10684,10928,11839,7739,19.6
243,消费ETF嘉实,512600,0.701,9986,9988,行业，消费，必选消费,0.60%,嘉实基金,2014-07-25,中证消费指数,1153.61,9859,10086,10174,9010,7480,7.46
244,消费30ETF,510630,0.935,9957,9998,行业，消费，必选消费,0.60%,华夏基金,2013-05-08,上证消费指数,1938.01,9852,9709,9926,8730,7259,4.99
245,恒生红利ETF,513950,1.428,9993,10000,跨境，香港,0.60%,富国基金,2023-04-28,恒生港股通高股息低波动指数,6369.18,10099,12299,13195,10000,10000,26.01
246,能源ETF,159930,1.439,9843,10024,行业，资源，能源,0.60%,汇添富基金,2013-09-16,中证能源指数,8901.55,9924,10127,10458,12746,21100,2.48
247,石油天然气ETF,159588,1.063,9907,10029,行业，石油，天然气,0.60%,景顺长城基金,2024-05-31,国证油气指数,1099.13,10114,10683,10891,10000,10000,0.766
248,港股通金融ETF,513190,1.775,10000,10000,跨境，香港，金融,0.60%,华夏基金,2023-10-11,港股通内地金融港元指数,46030.81,10108,12966,14032,10000,10000,26.06
249,科创创业50ETF,159783,0.834,9812,9996,宽基，中小盘,0.20%,华夏基金,2021-07-05,科创创业50指数,10127.52,9371,14632,14893,13301,10000,52.97
250,港股消费ETF,513230,1.074,10132,10026,跨境，香港，消费,0.60%,华夏基金,2022-01-24,HKC消费港元指数,3070.4,9641,12246,12740,14917,10000,4.28
251,半导体设备ETF,159516,1.387,10229,10005,行业，半导体，芯片,0.60%,国泰基金,2023-07-27,半导体材料设备指数,51366.14,9781,13842,12495,10000,10000,82.99
252,港股消费ETF易方达,513070,1.364,10111,10022,跨境，香港，消费,0.20%,易方达基金,2022-03-24,HKC消费港元指数,6457.41,9619,12266,12880,15156,10000,8.62
253,科创创新药ETF汇添富,589120,0.854,10191,9965,,0.60%,汇添富基金,2025-09-19,科创新药指数,3902.53,9977,10000,10000,10000,10000,3.32
254,港股通科技30ETF,520980,1.107,10147,10000,跨境，香港，科技,0.60%,汇添富基金,2025-07-02,恒生港股通中国科技指数,64052.22,9126,10000,10000,10000,10000,52.52
255,A500ETF,159339,1.133,9974,9993,宽基，中小盘,0.20%,银华基金,2024-10-15,中证A500指数,13056.95,9675,11741,11939,10000,10000,35.08
256,科创芯片ETF基金,588290,2.103,10033,9998,行业，半导体，芯片，科创板,0.20%,华安基金,2022-10-26,科创芯片指数,25944.61,9084,14706,15497,18997,10000,37.9
257,A500ETF嘉实,159351,1.136,10018,10003,宽基，中小盘,0.20%,嘉实基金,2024-10-15,中证A500指数,143558.59,9693,11789,11973,10000,10000,119.13
258,机器人ETF嘉实,159526,1.376,10110,10003,主题，新兴产业，机器人,0.60%,嘉实基金,2024-04-24,机器人指数,2952.82,9316,12060,12330,10000,10000,8.82
259,数字经济ETF,560800,0.935,10108,9991,主题，数字经济,0.60%,鹏扬基金,2022-01-07,数字经济指数,1183.32,9158,12159,12567,13710,10000,7.23
260,游戏ETF华泰柏瑞,516770,1.436,10324,10011,主题，游戏,0.36%,华泰柏瑞基金,2021-03-05,动漫游戏指数,2174.25,9542,13834,13150,18625,10000,2.62
261,科创100ETF华夏,588800,1.217,10116,9994,宽基，中小盘，科创板,0.20%,华夏基金,2023-11-16,科创100指数,15777.53,9605,14021,13830,10000,10000,28.7
262,黄金股票ETF,159321,1.43,9937,10010,行业，黄金,0.60%,华安基金,2024-05-27,SSH黄金股票指数,1954.55,9636,17024,16176,10000,10000,1.97
263,黄金ETF基金,159937,8.845,10035,10000,商品，黄金,0.60%,博时基金,2014-09-01,黄金9999指数,144934.82,9854,14941,14981,22512,22980,306.85
264,港股医疗ETF,159366,1.485,10150,10000,,0.60%,永赢基金,2025-04-14,港股通医疗主题指数,5929.8,9501,10000,10000,10000,10000,3.27
265,科创100ETF,588190,1.244,10139,10004,宽基，中小盘，科创板,0.20%,银华基金,2023-09-15,科创100指数,13432.79,9584,13899,13670,10000,10000,38.96
266,双创ETF,159780,0.83,9952,9984,宽基，中小盘,0.60%,南方基金,2021-07-05,科创创业50指数,14341.73,9357,14613,14848,13301,10000,38.88
267,集成电路ETF,562820,2.062,10039,9979,行业，半导体，芯片,0.60%,嘉实基金,2024-04-22,集成电路指数,1307.96,8985,13042,14280,10000,10000,1.29
268,科创板100ETF,588120,1.253,10121,10000,宽基，中小盘，科创板,0.20%,国泰基金,2023-09-15,科创100指数,6899.63,9587,13953,13724,10000,10000,12.24
269,教育ETF,513360,0.542,10150,10000,跨境，教育,0.65%,博时基金,2021-06-17,中国教育人民币指数,3798.73,9509,10775,10586,11860,10000,3.98
270,大数据ETF,159739,1.469,10152,10017,主题，TMT，互联网,0.60%,鹏华基金,2021-11-17,云计算指数,1642.32,9677,13898,13858,18713,10000,4.54
271,碳中和ETF,159790,0.751,9960,9988,主题，低碳,0.60%,华夏基金,2021-08-06,内地低碳指数,4235.16,9960,12772,12251,9170,10000,21.62
272,VRETF,159786,1.026,10128,10014,主题，增强现实,0.60%,银华基金,2021-08-06,中证VR指数,1228.83,9344,11972,12512,15044,10000,2.11
273,中证500ETF易方达,510580,3.518,10051,10002,宽基，中小盘,0.20%,易方达基金,2015-09-14,中证500指数,4232.18,9646,12241,12254,12017,12287,29.49
274,科创综指ETF华夏,589000,1.217,10167,9997,,0.20%,华夏基金,2025-03-05,科创综指,9392.25,9515,10000,10000,10000,10000,16.18
275,红利ETF基金,159581,1.055,9953,10011,策略，红利,0.60%,万家基金,2024-03-15,中证红利指数,2794.24,9741,10343,10866,10000,10000,20.17
276,旅游ETF,562510,0.761,10013,10006,主题，旅游,0.60%,华夏基金,2021-12-30,中证旅游指数,5260.51,10326,10703,10749,8002,10000,10.97
277,卫星ETF,563230,0.985,10379,9995,,0.60%,富国基金,2025-09-17,卫星产业指数,2613.24,10155,10000,10000,10000,10000,3.09
278,半导体设备ETF易方达,159558,1.621,10214,10008,行业，半导体，芯片,0.60%,易方达基金,2024-06-18,半导体材料设备指数,7732.66,9800,13878,12605,10000,10000,15.81
279,云计算ETF,516510,1.535,10132,10001,主题，TMT，互联网,0.20%,易方达基金,2021-04-07,云计算指数,8164.82,9672,13917,13816,18904,10000,25.5
280,电池ETF基金,159775,0.839,9917,10017,主题，新兴产业，新能源车,0.60%,建信基金,2022-01-24,新能电池指数,4079.31,9756,15227,14077,10784,10000,3.73
281,创业大盘ETF,159814,0.597,9933,9978,宽基，中小盘,0.60%,西部利得基金,2020-07-17,创业大盘指数,5158.32,9431,14490,14248,13208,11697,6.59
282,军工ETF龙头,512680,1.217,10384,10016,行业，军工,0.60%,广发基金,2016-10-14,中证军工指数,14392.67,10091,11395,11395,10150,10837,77.81
283,央企红利ETF,561580,1.257,9945,10007,策略，红利，央企,0.60%,华泰柏瑞基金,2023-05-30,央企红利指数,4276.88,10045,11077,11714,10000,10000,4.51
284,新能源汽车ETF,516390,0.945,9844,10016,主题，新兴产业，新能源车,0.20%,汇添富基金,2021-06-18,新能源车指数,2198.28,9813,14651,13558,10021,10000,3.71
285,化工行业ETF,516570,0.873,9887,9994,行业，化工，石油化工,0.20%,易方达基金,2021-06-18,石化产业指数,1328.09,10246,11609,11656,10543,10000,0.818
286,恒生中国企业ETF,510900,1.174,10095,9998,跨境，香港，中概股,0.75%,易方达基金,2012-10-22,恒生中国企业指数,31061.75,9686,12358,13103,15973,10077,87.07
287,央企科技ETF,560170,0.942,10129,9987,主题，央企，新兴产业,0.60%,南方基金,2023-07-06,央企科技引领指数,2736.7,9235,10815,11135,10000,10000,14.63
288,恒生ETF,513660,3.185,10121,10000,跨境，香港,0.60%,华夏基金,2015-01-26,香港恒生指数,17178.13,9833,12952,13501,16062,12684,50.13
289,电池龙头ETF,159767,0.818,9903,9993,主题，新兴产业，新能源车，电池,0.60%,兴银基金,2021-08-23,新能电池指数,3037.16,9738,15318,14128,11054,10000,3.32
290,汽车零部件ETF,159565,1.428,10063,9990,主题，汽车零部件,0.60%,易方达基金,2024-02-26,汽车零部件指数,2156.16,9321,12385,12526,10000,10000,2.82
291,畜牧ETF,159867,0.647,10031,10005,行业，畜牧业,0.60%,鹏华基金,2021-03-05,中证畜牧指数,2756.54,9954,11194,11155,8370,10000,8.1
292,信息技术ETF,159939,0.813,10049,9991,行业，信息技术,0.60%,广发基金,2015-02-05,全指信息,2198.96,9197,12987,13416,15154,11451,15.44
293,港股通科技ETF,159262,1.085,10159,10000,,0.60%,广发基金,2025-07-07,恒生港股通科技主题指数,51319.91,9141,10000,10000,10000,10000,55.9
294,券商ETF,159842,1.114,10000,9993,行业，金融，证券,0.20%,银华基金,2021-03-19,证券公司指数,46805.39,9441,10054,10091,13389,10000,66.84
295,生物科技ETF,159837,0.509,10099,9978,主题，新兴产业，生物科技,0.20%,易方达基金,2021-01-27,中证生科指数,2530.95,9479,11542,11236,8372,10000,12.99
296,黄金股票ETF,517400,1.472,9986,9997,行业，黄金,0.60%,国泰基金,2024-05-08,SSH黄金股票指数,1865.92,9608,17136,16283,10000,10000,3.37
297,房地产ETF,159768,0.589,10068,10014,行业，金融，房地产,0.60%,银华基金,2022-02-16,内地地产指数,6490.42,9593,10333,9800,6857,10000,7.6
298,科技50ETF,515750,1.697,10137,10009,主题，新兴产业，科技,0.60%,富国基金,2019-12-06,中证科技指数,2140.53,9324,12740,13074,14455,11623,7.98
299,家电ETF龙头,560880,1.541,10006,9995,行业，家电,0.60%,广发基金,2022-04-12,家用电器指数,1606.26,9735,11151,11692,15123,10000,7.19
300,科创板50ETF,588080,1.317,10069,9983,宽基，中小盘，科创板,0.20%,易方达基金,2020-11-16,科创50指数,119986.63,9249,13115,13541,12714,9352,767.61
301,恒生科技ETF天弘,520920,0.868,10176,10000,跨境，香港，科技,0.60%,天弘基金,2025-09-30,恒生科技指数,28715.8,9185,10000,10000,10000,10000,12.2
302,双创龙头ETF,159603,1.284,9969,10005,宽基，中小盘,0.60%,天弘基金,2022-06-08,科创创业50指数,1747.27,9359,14674,14948,13431,10000,28.46
303,恒生生物科技ETF,159615,1.213,10254,10000,跨境，香港，生物科技,0.65%,南方基金,2022-06-28,恒生香港上市生物科技指数,10064.13,9934,17453,17478,12850,10000,5.35
304,云计算ETF天弘,517390,1.629,10062,9975,跨境，香港，云计算,0.60%,天弘基金,2021-12-23,SHS云计算人民币指数,1536.54,9537,16209,16421,21462,10000,5.38
305,大数据ETF,515400,0.942,10250,9992,主题，新兴产业,0.60%,富国基金,2021-01-20,中证数据指数,6332.87,9593,11241,11201,12510,10000,13.75
306,科创芯片50ETF,588750,1.432,10021,9975,行业，半导体，芯片，科创板,0.60%,汇添富基金,2024-12-26,科创芯片指数,19974.08,9046,14553,10000,10000,10000,55.82
307,港股通科技ETF南方,159269,1.053,10184,10000,跨境，香港，科技,0.35%,南方基金,2025-07-10,HKC科技人民币指数,11943.23,9278,10000,10000,10000,10000,17.86
308,A500ETF南方,159352,1.172,10009,10004,宽基，中小盘,0.20%,南方基金,2024-10-15,中证A500指数,386537.91,9702,11787,11978,10000,10000,233.71
309,光伏龙头ETF,516290,0.576,10000,9989,主题，光伏，新兴产业,0.20%,汇添富基金,2021-08-23,光伏产业指数,5174.69,10123,12229,11361,6254,10000,5.22
310,科创成长50ETF,588020,1.737,10111,9998,策略，成长，科创板,0.60%,易方达基金,2023-08-31,科创成长指数,7164.84,9513,15878,16783,10000,10000,6.67
311,金融科技ETF,516860,1.387,10191,9985,主题，金融科技,0.60%,博时基金,2021-10-11,金融科技指数,8452.3,9315,11313,11052,15815,10000,25.41
312,科创100ETF基金,588220,1.246,10147,9996,宽基，中小盘，科创板,0.20%,鹏华基金,2023-09-15,科创100指数,26573.41,9592,13875,13662,10000,10000,75.52
313,证券ETF龙头,159993,1.264,10040,9987,行业，金融，证券,0.60%,鹏华基金,2020-02-07,证券龙头指数,11525.14,9461,10227,10268,13621,10251,37.9
314,生物药ETF,159839,0.37,10027,9958,主题，新兴产业，生物科技,0.60%,汇添富基金,2021-02-22,生物医药指数,2902.02,9463,10947,10482,6643,10000,5.81
315,港股科技ETF,513020,1.165,10210,10035,跨境，香港，科技,0.60%,国泰基金,2022-02-08,HKC科技人民币指数,27920.83,9268,13754,14365,16408,10000,46.33
316,纳斯达克100ETF,513110,2.119,10100,10000,跨境，美国,1.00%,华泰柏瑞基金,2023-03-20,纳斯达克100指数,38270.39,10071,11448,12102,10000,10000,37.12
317,中证A50指数ETF,159593,1.297,10000,10008,宽基，大盘,0.20%,平安基金,2024-03-12,中证A50指数,11940.36,9686,11259,11549,10000,10000,60.68
318,创新药ETF,515120,0.651,10156,9991,行业，医药,0.60%,广发基金,2021-01-04,CS创新药指数,26854.22,9616,12519,12237,9313,10000,58.28
319,MSCI中国A50ETF,560050,0.999,9960,10000,MSCI,0.60%,汇添富基金,2021-11-08,MSCI中国A50互联互通人民币指数,8454.6,9615,12080,12488,12974,10000,44.87
320,港股汽车ETF,520600,1.231,10140,10000,跨境，香港，汽车,0.60%,广发基金,2024-12-30,港股通汽车指数,19115.08,9340,12652,10000,10000,10000,6.38
321,A50ETF基金,159592,1.275,10016,10003,宽基，大盘,0.20%,银华基金,2024-03-18,中证A50指数,4916.55,9696,11293,11538,10000,10000,19.87
322,云计算ETF汇添富,159273,1.222,10066,9979,跨境，香港，云计算,0.60%,汇添富基金,2025-08-06,SHS云计算人民币指数,3770.39,9539,10000,10000,10000,10000,17.65
323,香港医药ETF,513700,0.685,10193,9977,跨境，香港，医药,0.60%,鹏华基金,2021-08-06,HKC医药C人民币指数,17847.44,9842,16748,16748,12298,10000,10.09
324,科创200ETF,588230,1.362,10279,9986,宽基，中小盘，科创板,0.20%,华泰柏瑞基金,2024-12-24,科创200指数,5466.38,9687,14262,10000,10000,10000,8.58
325,保险证券ETF,515630,1.364,9985,10006,行业，金融，证券保险,0.60%,鹏华基金,2020-04-03,800证保指数,1981.74,9538,10326,10365,14062,10420,5.62
326,食品饮料ETF,159843,0.656,9970,10017,行业，食品饮料,0.60%,招商基金,2021-02-05,国证食品指数,1681.73,9894,9690,9835,9061,10000,4.97
327,科创200ETF指数,588240,1.268,10301,10018,宽基，中小盘，科创板,0.20%,鹏华基金,2025-02-25,科创200指数,3263.75,9679,10000,10000,10000,10000,2.9
328,科创半导体设备ETF,588710,1.376,10073,9997,,0.60%,华泰柏瑞基金,2025-06-04,科创半导体材料设备指数,11987.4,9663,10000,10000,10000,10000,11.53
329,央企创新驱动ETF,515900,1.551,10019,9978,主题，央企,0.20%,博时基金,2019-12-18,央企创新指数,1371.86,9755,10306,10652,12776,14828,34.88
330,工业母机ETF,159667,1.393,10094,9999,行业，机床,0.60%,国泰基金,2022-10-26,中证机床指数,4656.34,9587,13778,14214,14128,10000,11.7
331,港股红利ETF,159691,1.33,10008,10000,跨境，香港，策略，红利,0.52%,工银瑞信基金,2023-04-21,HK高股息港元指数,41225.93,9992,11960,12269,10000,10000,72.28
332,中概互联网ETF,159607,1.111,10230,10000,跨境，中概股,0.60%,嘉实基金,2021-12-02,中国互联网30人民币指数,18772.33,9266,12497,12697,15940,10000,10.77
333,银行ETF南方,512700,1.688,9941,10018,行业，金融，银行,0.60%,南方基金,2017-07-26,中证银行指数,17666.5,10006,11299,12259,16459,14690,17.99
334,中国A50ETF,563000,1.013,9961,10000,MSCI,0.20%,易方达基金,2021-11-08,MSCI中国A50互联互通人民币指数,5032.14,9648,12175,12615,13105,10000,32.16
335,中证2000ETF易方达,159532,1.466,10145,9978,宽基，中小盘,0.20%,易方达基金,2023-09-21,中证2000指数,2165.34,9832,13474,13291,10000,10000,0.747
336,港股高股息ETF,159302,1.339,9978,10000,跨境，香港，红利,0.60%,银华基金,2024-09-02,港股通高股息港元指数,1788.68,10030,12009,12620,10000,10000,1.13
337,影视ETF,516620,1.091,10244,9984,主题，TMT，影视,0.60%,国泰基金,2021-11-05,中证影视指数,1834.19,10074,11885,11533,12730,10000,0.791
338,信创ETF,562570,1.392,10303,9987,行业，信息技术,0.60%,华夏基金,2024-04-30,中证信创指数,2660.77,9782,11581,11154,10000,10000,4.42
339,医药ETF,159929,1.378,10073,9994,行业，医药,0.60%,汇添富基金,2013-09-16,中证医药指数,9276.53,9517,10876,10633,8449,6298,22.4
340,有色金属ETF基金,516650,1.62,9933,10033,行业，资源，有色金属,0.60%,华夏基金,2021-06-21,细分有色指数,10052.34,9818,16875,15851,15577,10000,9.28
341,机器人ETF,159770,0.975,10104,10004,主题，新兴产业，机器人,0.60%,天弘基金,2021-11-08,机器人指数,29325.1,9330,12097,12373,12965,10000,90.78
342,通用航空ETF,159378,1.183,10350,9978,行业，航空,0.60%,永赢基金,2025-01-10,通用航空指数,3445.04,9826,10000,10000,10000,10000,12.09
343,科创芯片ETF南方,588890,2.411,10021,9977,行业，半导体，芯片，科创板,0.60%,南方基金,2024-04-23,科创芯片指数,16380.44,9050,14692,15475,10000,10000,23.85
344,800现金流ETF,563990,1.204,9942,9996,,0.60%,富国基金,2025-04-24,800现金流指数,2064.3,10058,10000,10000,10000,10000,8.86
345,软件50ETF,159590,1.148,10352,10044,主题，新兴产业，软件,0.60%,汇添富基金,2024-11-06,软件指数,3344.47,9795,11389,10861,10000,10000,1.9
346,深证100ETF,159901,3.269,9991,9994,宽基，大盘股,0.20%,易方达基金,2006-04-24,深证100指数,28882.12,9577,12094,12173,11888,9105,77.52
347,半导体材料ETF,562590,1.455,10203,10010,行业，半导体，芯片,0.60%,华夏基金,2023-10-18,半导体材料设备指数,6635.07,9778,13805,12565,10000,10000,8.79
348,农业ETF,516550,0.736,9973,10023,行业，农业,0.60%,嘉实基金,2021-04-08,大农业指数,1177.72,10124,11609,11701,9710,10000,1.71
349,传媒ETF,159805,1.39,10327,10019,行业，TMT，传媒,0.60%,鹏华基金,2020-04-17,中证传媒指数,2861.51,10213,12894,12694,17595,12378,1.74
350,芯片设备ETF,560780,1.524,10221,10002,行业，半导体，芯片,0.60%,广发基金,2023-12-12,半导体材料设备指数,6832.22,9775,13982,12764,10000,10000,13.94
351,机器人产业ETF,159551,1.217,10108,10004,主题，新兴产业，机器人,0.60%,国泰基金,2023-11-16,机器人指数,1786.1,9326,12038,12318,10000,10000,5.38
352,创业板新能源ETF鹏华,159261,1.479,9986,9977,,0.60%,鹏华基金,2025-07-07,创新能源指数,2748.53,9801,10000,10000,10000,10000,1.07
353,创业板新能源ETF华夏,159368,1.41,10028,10001,,0.20%,华夏基金,2025-03-24,创新能源指数,6754.02,9839,10000,10000,10000,10000,11.17
354,创新药50ETF,159835,0.674,10135,9972,行业，医药,0.60%,建信基金,2021-03-29,CS创新药指数,1697.75,9587,12413,12122,9183,10000,2.22
355,中证1000ETF,159845,2.946,10099,9989,宽基，中小盘,0.20%,华夏基金,2021-03-31,中证1000指数,91015.41,9784,12143,11932,11192,10000,454.69
356,软件龙头ETF,159899,0.898,10310,10006,主题，新兴产业，软件,0.60%,招商基金,2021-06-28,软件指数,3037.43,9761,11632,11073,11723,10000,4.02
357,有色50ETF,159652,1.428,9917,9995,行业，资源，有色金属,0.60%,汇添富基金,2023-02-08,细分有色指数,16033.4,9808,16741,15796,10000,10000,22.21
358,双创龙头ETF,588330,0.841,9976,9996,宽基，中小盘,0.60%,华宝基金,2021-07-06,科创创业50指数,4035.26,9365,14626,14885,13392,10000,12.27
359,A股ETF,563330,3.95,10033,9985,宽基，综合,0.60%,华泰柏瑞基金,2023-11-07,中证A股指数,6358.32,9724,12043,12233,10000,10000,0.947
360,通信设备ETF,159583,0.993,10030,9994,行业，TMT，通信,0.60%,富国基金,2024-07-08,通信设备主题指数,17973.94,9403,16845,17575,10000,10000,7.24
361,科创半导体ETF,588170,1.335,10091,9998,,0.60%,华夏基金,2025-04-08,科创半导体材料设备指数,39949.8,9632,10000,10000,10000,10000,27.9
362,沪深300增强ETF,561990,0.993,9990,10006,宽基，大盘股,0.60%,招商基金,2021-12-10,沪深300指数,2381.18,9650,11573,11878,12538,10000,5.97
363,半导体设备ETF基金,159327,1.643,10205,10011,行业，半导体，芯片,0.60%,万家基金,2024-08-05,半导体材料设备指数,3820.04,9791,13830,12494,10000,10000,4.72
364,港股通医药ETF,513200,1.152,10195,9991,跨境，香港，医药,0.20%,易方达基金,2022-02-11,HKC医药C港元指数,13001.13,9855,17067,16991,12441,10000,23.19
365,稀土ETF易方达,159715,1.099,10083,9985,主题，稀土,0.20%,易方达基金,2021-09-10,稀土产业指数,6686.37,9409,16502,15392,15180,10000,5.94
366,港股通汽车ETF,159323,1.274,10151,10000,跨境，香港，汽车,0.60%,华夏基金,2025-01-08,港股通汽车指数,5563.49,9340,10000,10000,10000,10000,2.24
367,稀土ETF,159713,1.197,10076,9973,主题，稀土,0.60%,富国基金,2021-08-16,稀土产业指数,8112.84,9381,16352,15190,14669,10000,13.15
368,消费ETF,510150,0.555,10036,9985,行业，消费,0.60%,招商基金,2011-02-25,消费80指数,5313.79,9569,10491,10653,9343,7547,18.19
369,券商ETF基金,515010,1.347,10000,10014,行业，金融，证券,0.20%,华夏基金,2019-11-07,证券公司指数,6755.28,9453,10113,10158,13647,10282,17.85
370,深证成指ETF,159943,1.373,9935,10015,宽基，综合,0.60%,大成基金,2015-07-08,深证成指,2274.16,9689,12314,12381,12215,10468,2.15
371,上海国企ETF,510810,0.905,10100,9994,主题，国企，区域,0.55%,汇添富基金,2016-08-29,上海国企指数,1110.87,9587,10538,10758,12934,10251,79.94
372,储能电池ETF广发,159305,1.746,10011,9994,主题，新兴产业，新能源,0.60%,广发基金,2024-09-27,新能源电池指数,2872.41,9803,14599,14265,10000,10000,1.79
373,双创50ETF,159782,0.828,9928,9974,宽基，中小盘,0.60%,银华基金,2021-07-07,科创创业50指数,2628.56,9377,14603,14839,13333,10000,9.31
374,电子ETF,515260,0.6,10000,9992,行业，电子,0.60%,华宝基金,2020-07-31,电子50指数,1761.22,9050,13230,14118,17045,12109,9.43
375,恒生科技ETF指数,513580,0.741,10193,10000,跨境，香港，科技,0.60%,华安基金,2021-05-27,恒生科技指数,27249.36,9251,12167,12798,15092,10000,48.91
376,芯片50ETF,516920,0.948,10053,9973,行业，半导体，芯片,0.20%,汇添富基金,2021-08-16,芯片产业指数,4102.41,9115,13076,13660,15192,10000,6.75
377,上证50ETF易方达,510100,2.931,9966,10001,宽基，大盘股,0.20%,易方达基金,2019-10-09,上证50指数,24460.78,9768,11292,11732,12783,10179,44.96
378,沪深300ETF,159919,4.71,9994,10018,宽基，大盘股,0.20%,嘉实基金,2012-05-28,沪深300指数,100035.41,9701,11596,11887,12647,9856,1996.95
379,5GETF,159994,1.52,9909,9995,主题，新兴产业，5G,0.60%,银华基金,2020-02-28,5G通信指数,7647.91,9140,16170,17532,22619,14917,19.23
380,港股通消费50ETF,159268,0.969,10041,10000,,0.60%,汇添富基金,2025-07-21,港股通消费指数,4925.94,9729,10000,10000,10000,10000,5.05
381,金融ETF,510230,1.372,9942,10014,行业，金融,0.60%,国泰基金,2011-05-23,180金融指数,3981.17,9920,11013,11607,15870,12116,44.39
382,国证2000ETF,159628,1.252,10129,9984,宽基，中小盘,0.60%,万家基金,2022-07-18,国证2000指数,5876.47,9843,12520,12299,12789,10000,12.86
383,银行ETF指数,512730,1.71,9948,10015,行业，金融，银行,0.40%,鹏华基金,2020-02-07,中证银行指数,1162.61,9994,11257,12214,16332,15461,1.32
384,航天航空ETF,159208,1.172,10464,10000,,0.60%,万家基金,2025-05-12,国证航天指数,1881.74,10236,10000,10000,10000,10000,2.51
385,恒生消费ETF,159699,1.037,10048,10000,跨境，香港，消费,0.60%,广发基金,2023-08-23,恒生消费指数,6471.96,9719,10916,11309,10000,10000,11.35
386,300现金流ETF,562080,0.596,9950,10016,,0.60%,华宝基金,2025-04-15,300现金流指数,5854.49,10136,10000,10000,10000,10000,10.34
387,云计算ETF,159890,1.563,10130,9998,主题，TMT，互联网,0.25%,招商基金,2021-04-02,云计算指数,2468.21,9666,13993,13930,18809,10000,4.77
388,机器人指数ETF,560770,0.925,10120,10013,主题，新兴产业，机器人,0.60%,招商基金,2025-09-01,机器人指数,2795.56,9334,10000,10000,10000,10000,8.74
389,科创50指数ETF,588870,1.322,10053,9990,宽基，中小盘，科创板,0.20%,汇添富基金,2025-01-27,科创50指数,8513.44,9232,10000,10000,10000,10000,5.89
390,医药龙头ETF,515950,0.945,10053,9997,行业，医药,0.60%,富国基金,2020-04-01,医药50指数,1422.16,9459,10988,10976,8718,7155,4.67
391,港股互联网ETF,513770,0.553,10222,10020,跨境，香港，互联网,0.60%,华宝基金,2022-02-18,HKC互联网指数,64072.66,9263,13027,13406,14826,10000,117.4
392,医疗创新ETF,516820,0.367,10055,9983,行业，医药,0.60%,平安基金,2021-07-01,CS医药创新指数,4111.23,9386,10955,10762,6990,10000,15.32
393,半导体ETF,159813,1.022,10069,9993,行业，半导体，芯片,0.60%,鹏华基金,2020-05-25,国证芯片指数,33095.13,9076,12986,13718,14876,13724,53.62
394,畜牧养殖ETF,516670,0.703,10014,10018,行业，畜牧养殖,0.30%,招商基金,2021-03-26,中证畜牧指数,2769.42,9943,11320,11266,8511,10000,8.79
395,通信ETF,159695,1.81,10022,10006,行业，TMT，通信,0.60%,嘉实基金,2023-05-10,国证通信指数,2652.15,9481,14922,15753,10000,10000,2.76
396,消费电子ETF,159732,0.991,10000,9989,主题，消费电子,0.60%,华夏基金,2021-08-23,消费电子指数,10534.73,9059,12311,13161,15015,10000,44.57
397,港股通创新药ETF工银,159217,1.412,10217,10000,跨境，香港，医药,0.47%,工银瑞信基金,2025-04-03,港股通创新药指数,65560.8,10158,10000,10000,10000,10000,54.35
398,军工ETF易方达,512560,0.73,10399,10020,行业，军工,0.60%,易方达基金,2017-07-28,中证军工指数,5845.13,10125,11496,11569,10519,11680,6.81
399,港股通红利ETF,159220,0.62,10049,10000,,0.60%,华宝基金,2025-05-12,标普港股通低波红利指数,3358.37,10308,10000,10000,10000,10000,2.7
400,创业板ETF华夏,159957,1.922,10042,10019,宽基，中小盘,0.20%,华夏基金,2018-01-04,创业板指,11082.34,9591,13847,13680,12925,11835,22.66
401,沪深300ETF华夏,510330,4.622,9985,9997,宽基，大盘股,0.20%,华夏基金,2013-01-16,沪深300指数,53929.23,9665,11590,11861,12644,9845,2280.61
402,机器人50ETF,159559,1.262,10128,10005,主题，新兴产业，机器人,0.60%,景顺长城基金,2023-12-12,机器人100指数,10836.29,9259,11962,12146,10000,10000,26.0
403,电子ETF,159997,1.479,10000,9997,行业，电子,0.60%,天弘基金,2020-03-20,CS电子指数,2644.24,9102,13265,13913,16415,12103,14.81
404,机床ETF,159663,1.377,10088,10000,行业，机床,0.60%,华夏基金,2022-10-26,中证机床指数,1714.83,9562,13674,14022,13743,10000,1.43
405,300ETF,159300,4.679,9991,10016,宽基，大盘股,0.20%,富国基金,2024-06-05,沪深300指数,8562.51,9711,11599,11906,10000,10000,14.16
406,新能源车ETF,159806,0.757,9870,9990,主题，新兴产业，新能源车,0.60%,国泰基金,2020-03-20,CS新能车指数,3130.02,9793,14586,13494,10040,12831,12.17
407,科创50增强ETF,588460,1.514,10046,9989,宽基，中小盘，科创板,1.10%,鹏华基金,2023-01-05,科创50指数,7397.41,9126,13494,14405,10000,10000,8.19
408,房地产ETF基金,515060,0.736,10000,10000,行业，金融，房地产,0.60%,华夏基金,2020-01-03,房地产指数,2515.41,9485,10636,9840,8151,7050,8.17
409,1000ETF,159629,2.939,10107,10005,宽基，中小盘,0.20%,富国基金,2022-08-03,中证1000指数,13092.92,9829,12135,11967,11232,10000,133.73
410,芯片ETF龙头,159801,0.793,10063,9990,行业，半导体，芯片,0.60%,广发基金,2020-02-18,国证芯片指数,15736.26,9073,13000,13720,14948,13239,48.15
411,食品ETF,515710,0.609,9967,10011,行业，食品饮料,0.60%,华宝基金,2021-01-07,细分食品指数,5369.17,9823,9606,9744,8878,10000,12.86
412,消费电子ETF,561600,1.091,9973,10002,主题，消费电子,0.60%,平安基金,2021-09-09,消费电子指数,2084.41,8935,13082,13987,15563,10000,4.52
413,中证500ETF,159922,2.787,10072,10010,宽基，中小盘,0.20%,嘉实基金,2013-03-15,中证500指数,33639.7,9634,12197,4612,4463,3945,136.94
414,公用事业ETF,159301,0.958,9979,10011,行业，公用事业,0.60%,华夏基金,2024-07-22,全指公用,1382.58,9706,10084,10504,10000,10000,0.649
415,香港消费ETF,513590,0.96,10159,10021,跨境，香港，消费,0.60%,鹏华基金,2021-08-19,HKC消费港元指数,1365.57,9658,12276,12715,14747,10000,3.05
416,工程机械ETF,560280,1.485,10068,10009,行业，机械,0.60%,广发基金,2023-10-30,工程机械主题指数,4662.68,9712,12553,12649,10000,10000,3.51
417,信创50ETF,560850,1.414,10329,10007,行业，信息技术,0.60%,汇添富基金,2024-04-15,中证信创指数,1022.71,9779,11487,11125,10000,10000,1.92
418,A500指数ETF,560610,1.108,10009,10018,宽基，中小盘,0.20%,招商基金,2024-10-15,中证A500指数,28549.88,9711,11780,11993,10000,10000,61.1
419,通信ETF南方,159511,1.592,10063,10013,行业，TMT，通信,0.60%,南方基金,2023-08-07,800通信指数,1020.05,9556,14851,15841,10000,10000,1.46
420,中国A50ETF,159602,0.97,9959,10000,MSCI,0.22%,南方基金,2021-11-08,MSCI中国A50互联互通人民币指数,1855.5,9642,12195,12645,13129,10000,7.25
421,国防军工ETF,512810,0.687,10378,10025,行业，军工,0.60%,华宝基金,2016-08-22,中证军工指数,6642.47,10118,11431,11517,10545,12480,11.26
422,港股通央企红利ETF南方,520660,1.065,9953,10000,跨境，香港，央企,0.60%,南方基金,2024-07-10,国新港股通央企红利指数,6850.27,10162,11576,12635,10000,10000,19.91
423,银行ETF易方达,516310,1.376,9928,10003,行业，金融，银行,0.20%,易方达基金,2021-05-28,中证银行指数,10027.05,10000,11344,12308,16822,10000,20.98
424,创业板ETF广发,159952,1.773,10017,9994,宽基，中小盘,0.20%,广发基金,2017-05-19,创业板指,44966.1,9563,13819,13607,12932,11336,154.4
425,中证500ETF华泰柏瑞,512510,1.985,10035,9997,宽基，中小盘,0.20%,华泰柏瑞基金,2015-06-12,中证500指数,1476.63,9645,12261,12299,12322,12923,9.84
426,新能源ETF易方达,516090,0.533,9907,9991,主题，新兴产业，新能源,0.20%,易方达基金,2021-03-19,中证新能指数,5778.72,10114,13880,12813,8251,10000,10.09
427,港股科技ETF,159751,1.079,10218,10046,跨境，香港，科技,0.55%,鹏华基金,2021-12-28,HKC科技港币指数,14692.36,9294,13420,14123,16080,10000,11.83
428,科创医药ETF,588860,0.724,10154,9982,行业，医药，科创板,0.52%,工银瑞信基金,2024-08-23,科创生物指数,1300.08,9718,13164,12646,10000,10000,2.06
429,科创创业ETF,588360,0.9,9978,9991,宽基，中小盘，科创板,0.60%,国泰基金,2021-07-06,科创创业50指数,3569.83,9395,14730,15025,13761,10000,4.68
430,创新药ETF沪港深,159622,1.126,10172,9963,行业，医药,0.55%,东财基金,2023-05-09,SHS创新药人民币指数,3427.89,9724,14623,14454,10000,10000,6.96
431,科技ETF,159807,0.658,10030,9994,主题，新兴产业，科技,0.20%,易方达基金,2020-03-30,科技50指数,4236.17,9268,12727,13108,11771,9107,10.04
432,电力ETF,561560,1.232,9968,9985,行业，电力,0.60%,华泰柏瑞基金,2022-05-16,电力指数,5469.38,9640,10284,10593,11656,10000,5.56
433,半导体龙头ETF,159665,1.645,10049,9972,行业，半导体，芯片,0.52%,工银瑞信基金,2023-01-06,国证芯片指数,2522.65,9098,13149,13988,10000,10000,4.07
434,消费电子ETF富国,561100,1.175,9958,10012,主题，消费电子,0.60%,富国基金,2022-02-08,消费电子指数,2192.4,8969,13262,14312,16596,10000,11.52
435,恒生互联网科技ETF,159202,1.14,10335,10000,跨境，香港，互联网,0.60%,万家基金,2025-04-16,恒生互联网科技业指数,23588.6,9337,10000,10000,10000,10000,12.15
436,创新药ETF易方达,516080,0.682,10149,9980,行业，医药,0.20%,易方达基金,2021-02-23,CS创新药指数,2249.84,9633,12700,12491,9942,10000,7.71
437,300增强ETF,561300,0.949,9989,10008,宽基，大盘股,0.60%,国泰基金,2021-12-10,沪深300指数,4506.25,9684,11489,11848,13000,10000,9.58
438,沪深300ETF南方,159925,4.464,9969,10008,宽基，大盘股,0.20%,南方基金,2013-04-11,沪深300指数,10520.03,9678,11586,11884,12747,10104,32.01
439,科创100指数ETF,588030,1.248,10130,10003,宽基，中小盘，科创板,0.20%,博时基金,2023-09-15,科创100指数,26158.58,9593,13913,13714,10000,10000,71.79
440,科创AIETF富国,589380,1.3,10117,9992,主题，新兴产业，人工智能,0.40%,富国基金,2025-07-01,科创AI指数,1569.29,9226,10000,10000,10000,10000,2.28
441,高端装备ETF,159638,0.875,10392,10004,主题，高端装备,0.60%,嘉实基金,2022-08-12,高装细分50指数,16707.39,10139,11290,11232,9358,10000,11.17
442,信创ETF易方达,159540,1.508,10107,10000,行业，信息技术,0.60%,易方达基金,2023-09-28,国证信创指数,1298.03,9314,12769,13182,10000,10000,1.79
443,港股通科技ETF华泰柏瑞,513150,1.182,10190,10021,跨境，香港，科技,0.60%,华泰柏瑞基金,2022-02-11,HKC科技港币指数,10542.26,9249,13478,14293,16236,10000,1.26
444,云计算50ETF,516630,1.493,10150,9996,主题，TMT，互联网,0.20%,华夏基金,2021-09-03,云计算指数,2149.83,9645,13940,13850,18570,10000,6.52
445,中证A50ETF,159591,1.291,10000,10001,宽基，大盘,0.20%,富国基金,2024-03-18,中证A50指数,3414.12,9707,11354,11610,10000,10000,7.54
446,A500ETF华泰柏瑞,563360,1.19,10017,9997,宽基，中小盘,0.20%,华泰柏瑞基金,2024-10-15,中证A500指数,462874.84,9691,11759,11960,10000,10000,283.93
447,光伏50ETF,159864,0.602,10000,9985,主题，光伏，新兴产业,0.60%,国泰基金,2021-08-10,光伏产业指数,3468.2,10169,12361,11555,6459,10000,6.8
448,A500ETF龙头,563800,1.123,10009,9996,宽基，中小盘,0.20%,广发基金,2024-11-18,中证A500指数,93526.03,9689,11809,11985,10000,10000,170.81
449,中证A500ETF富国,563220,1.168,10026,9987,宽基，中小盘,0.20%,富国基金,2024-10-15,中证A500指数,79288.53,9677,11774,11979,10000,10000,193.3
450,港股通互联网ETF,513040,1.47,10215,10000,跨境，香港，互联网,0.20%,易方达基金,2023-06-12,HKC互联网指数,72168.71,9274,12986,13449,10000,10000,49.25
451,港股通医疗ETF富国,159506,1.468,10266,10000,跨境，香港，医疗,0.60%,富国基金,2023-07-03,恒生港股通医疗保健指数,36256.1,10007,18101,17990,10000,10000,36.62
452,港股通创新药ETF,520880,0.557,10258,10000,,0.60%,华宝基金,2025-07-07,恒生港股通创新药精选指数,36107.25,10072,10000,10000,10000,10000,18.06
453,港股创新药50ETF,513780,1.706,10265,10000,跨境，香港，医疗,0.60%,景顺长城基金,2024-10-25,港股通创新药指数,34125.38,9896,18130,18130,10000,10000,36.51
454,港股通科技ETF,513860,0.75,10204,10045,跨境，香港，科技,0.60%,海富通基金,2021-07-02,HKC科技港币全收益指数,30818.79,9271,13636,14313,16340,10000,48.68
455,中证A500ETF景顺,159353,1.139,10009,10005,宽基，中小盘,0.20%,景顺长城基金,2024-10-15,中证A500指数,30094.26,9702,11796,11968,10000,10000,71.37
456,港股通科技ETF基金,159101,0.963,10169,10000,跨境，香港，科技,0.60%,华夏基金,2025-09-03,港股通科技指数,29876.92,9277,10000,10000,10000,10000,14.72
457,科创板ETF,588090,1.331,10060,9988,宽基，中小盘，科创板,0.60%,华泰柏瑞基金,2020-11-16,科创50指数,27106.1,9237,13036,13458,12592,9360,56.08
458,恒生指数ETF,513600,2.971,10140,10000,跨境，香港,0.60%,南方基金,2015-01-26,香港恒生指数,25595.6,9854,12856,13492,15750,12261,27.85
459,恒生互联网ETF,159688,1.076,10307,10000,跨境，香港，互联网,0.65%,华安基金,2023-02-15,恒生互联网科技业指数,25267.4,9357,12629,12825,10000,10000,13.69
460,创业板人工智能ETF华夏,159381,1.528,10033,9986,主题，新兴产业，人工智能,0.20%,华夏基金,2025-03-24,创业板人工智能指数,22880.85,9677,10000,10000,10000,10000,6.32
461,港股央企红利50ETF,520990,1.062,9981,10000,跨境，香港，央企,0.60%,景顺长城基金,2024-07-10,国新港股通央企红利指数,21311.44,10153,11528,12556,10000,10000,43.11
462,人工智能ETF科创,588760,0.697,10146,9983,主题，新兴产业，人工智能,0.60%,广发基金,2025-01-23,科创AI指数,20652.72,9195,10000,10000,10000,10000,24.9
463,创业板ETF天弘,159977,1.521,10013,9998,宽基，中小盘,0.20%,天弘基金,2019-09-27,创业板R指数,19486.1,9572,13765,13623,12841,11288,101.2
464,港股创新药ETF基金,520700,1.648,10249,10000,跨境，香港，医疗,0.60%,万家基金,2024-10-14,港股通创新药指数,19234.52,9904,18517,18434,10000,10000,9.99
465,证券ETF龙头,560090,1.264,10024,10026,行业，金融，证券,0.60%,汇添富基金,2023-03-15,证券公司指数,16892.96,9454,10040,10088,10000,10000,34.29
466,香港科技ETF,513560,1.381,10207,10000,跨境，香港，科技,0.60%,兴银基金,2023-02-13,HKC科技港币指数,16294.37,9268,13646,14208,10000,10000,8.72
467,中证500ETF华夏,512500,3.826,10058,10003,宽基，中小盘,0.20%,华夏基金,2015-05-29,中证500指数,16085.0,9630,12189,12189,11743,11541,171.41
468,中证A50ETF基金,159595,1.294,10008,10001,宽基，大盘,0.20%,大成基金,2024-03-18,中证A50指数,15927.13,9664,11252,11523,10000,10000,31.06
469,银行ETF龙头,512820,1.465,9932,10015,行业，金融，银行,0.60%,汇添富基金,2018-11-23,中证银行指数,15289.77,10014,11243,12212,16296,14349,10.86
470,中证2000ETF,159531,1.302,10188,10006,宽基，中小盘,0.20%,南方基金,2023-09-18,中证2000指数,15138.3,9864,12968,12568,10000,10000,5.43
471,中证A500指数ETF,563880,1.162,10009,10003,宽基，中小盘,0.20%,汇添富基金,2024-11-25,中证A500指数,14671.57,9699,11773,11979,10000,10000,40.26
472,科创人工智能ETF,588730,1.351,10150,9991,主题，新兴产业，人工智能,0.60%,易方达基金,2025-01-24,科创AI指数,14592.67,9216,10000,10000,10000,10000,17.53
473,科创综指ETF易方达,589800,1.21,10160,9978,,0.20%,易方达基金,2025-03-04,科创综指,12649.72,9520,10000,10000,10000,10000,18.27
474,恒生科技ETF南方,520570,0.938,10185,10000,跨境，香港，科技,0.20%,南方基金,2025-11-17,恒生科技指数,11719.38,10000,10000,10000,10000,10000,4.51
475,科创创新药ETF国泰,589720,0.921,10222,9987,,0.60%,国泰基金,2025-08-01,科创新药指数,11654.93,10011,10000,10000,10000,10000,4.26
476,恒生科技ETF基金,159741,0.733,10181,10000,跨境，香港，科技,0.20%,嘉实基金,2021-06-03,恒生科技指数,10929.39,9243,12278,12792,15145,10000,9.28
477,恒生科技HKETF,513890,1.128,10199,10000,跨境，香港，科技,0.65%,上投摩根基金,2022-01-21,恒生科技指数,10944.97,9238,12396,12951,15667,10000,8.12
478,港股互联网ETF,159568,1.773,10249,10000,跨境，香港，互联网,0.60%,博时基金,2024-02-27,HKC互联网指数,10946.84,9341,12980,13411,10000,10000,3.82
479,生物医药ETF,159859,0.397,10076,9963,行业，医药，生物科技,0.60%,天弘基金,2021-07-07,生物医药指数,10834.87,9452,10997,10559,6752,10000,31.61
480,港股通恒生科技ETF,520840,0.956,10170,10000,,0.60%,华安基金,2025-08-25,恒生港股通科技主题指数,10794.91,9105,10000,10000,10000,10000,14.52
481,创业板人工智能ETF国泰,159388,1.659,10042,10000,主题，新兴产业，人工智能,0.60%,国泰基金,2025-04-07,创业板人工智能指数,10162.67,9702,10000,10000,10000,10000,2.72
482,创业板ETF东财,159205,1.424,10007,10000,宽基，中小盘,0.20%,东财基金,2025-06-12,创业板指,10131.89,9563,10000,10000,10000,10000,7.88
483,香港科技ETF,159747,1.43,10222,10000,跨境，香港，科技,0.65%,南方基金,2021-07-14,港股科技港币指数,9733.46,9214,12906,13478,14834,10000,5.35
484,中证1000ETF指数,560010,2.941,10082,9987,宽基，中小盘,0.20%,广发基金,2022-08-04,中证1000指数,9628.97,9781,12138,11965,11204,10000,353.03
485,港股通创新药ETF南方,159297,0.879,10221,10000,跨境，香港，医药,0.20%,南方基金,2025-09-22,港股通创新药指数,9485.01,10115,10000,10000,10000,10000,3.36
486,科创综指ETF鹏华,589680,1.206,10143,9982,,0.20%,鹏华基金,2025-03-05,科创综指,9446.18,9534,10000,10000,10000,10000,15.61
487,沪深300ETF基金,510360,1.688,9994,10005,宽基，大盘股,0.60%,广发基金,2015-09-09,沪深300指数,9109.82,9668,11546,11812,12588,10006,44.68
488,港股科技ETF天弘,159128,0.95,10193,10000,跨境，香港，科技,0.60%,天弘基金,2025-11-13,港股通科技指数,8940.21,10000,10000,10000,10000,10000,6.46
489,中证A500ETF基金,159358,1.198,9958,9993,宽基，中小盘,0.20%,大成基金,2024-11-29,中证A500指数,8921.53,9669,11734,10000,10000,10000,19.86
490,创业板ETF富国,159971,2.032,9966,9983,宽基，中小盘,0.20%,富国基金,2019-07-02,创业板R指数,8828.34,9549,13758,13583,12788,11062,29.54
491,芯片龙头ETF,516640,0.974,10072,9981,行业，半导体，芯片,0.60%,富国基金,2021-08-27,芯片产业指数,8823.18,9128,13144,13757,15266,10000,14.97
492,港股通创新药ETF嘉实,520970,0.921,10211,10000,跨境，香港，医疗,0.60%,嘉实基金,2025-08-07,港股通创新药指数,8781.48,9903,10000,10000,10000,10000,10.48
493,上证180ETF,510180,3.95,9982,9988,宽基，大盘股,0.20%,华安基金,2006-05-18,上证180指数,8651.54,9644,11488,11824,12967,10658,237.23
494,航空航天ETF天弘,159241,1.168,10466,10000,,0.60%,天弘基金,2025-05-29,国证航天指数,8685.5,10264,10000,10000,10000,10000,4.96
495,上证综合ETF,510980,1.331,9978,10003,宽基，综合,0.60%,汇添富基金,2023-12-01,上证指数,8558.58,9758,11717,12078,10000,10000,3.41
496,证券ETF易方达,512570,1.178,9992,10003,行业，金融，证券,0.60%,易方达基金,2017-08-11,证券公司指数,8342.38,9462,10094,10155,13634,9975,18.75
497,科创板人工智能ETF,588930,1.445,10155,9993,主题，新兴产业，人工智能,0.60%,银华基金,2025-01-14,科创AI指数,8193.09,9216,10000,10000,10000,10000,23.26
498,创业板ETF南方,159948,3.23,10012,9993,宽基，中小盘,0.20%,南方基金,2016-05-31,创业板指,8112.75,9570,13815,13640,12920,11393,53.44
499,A500ETF指数,512020,1.188,10025,10002,宽基，中小盘,0.20%,鹏华基金,2024-12-02,中证A500指数,8117.46,9698,11751,10000,10000,10000,33.27
500,创业板人工智能ETF富国,159246,1.532,10026,10000,主题，新兴产业，人工智能,0.45%,富国基金,2025-07-10,创业板人工智能指数,7998.99,9678,10000,10000,10000,10000,11.82
501,港股科技50ETF,159750,1.048,10244,10000,跨境，香港，科技,0.65%,招商基金,2022-02-14,港股科技港币指数,7888.12,9233,13084,13628,14637,10000,14.29
502,芯片ETF基金,159599,1.884,10064,9978,行业，半导体，芯片,0.55%,东财基金,2024-05-08,芯片产业指数,7912.32,9132,13175,13802,10000,10000,11.43
503,电池ETF嘉实,562880,0.81,10025,10014,主题，新兴产业，新能源车，电池,0.60%,嘉实基金,2021-07-20,CS电池指数,7163.2,10075,15976,14674,10345,10000,14.63
504,港股创新药精选ETF,520690,0.904,10215,10000,,0.60%,博时基金,2025-08-01,恒生港股通创新药精选指数,6862.69,10011,10000,10000,10000,10000,4.4
505,港股创新药ETF鹏华,159286,0.897,10216,10000,跨境，香港，医药,0.60%,鹏华基金,2025-09-02,港股通创新药指数,6796.37,10090,10000,10000,10000,10000,7.03
506,沪深300ETF鹏华,159673,1.214,9975,9996,宽基，大盘股,0.20%,鹏华基金,2023-07-17,沪深300指数,6711.92,9666,11529,11855,10000,10000,25.91
507,港股通红利ETF广发,520900,1.072,9972,10000,跨境，香港，央企,0.60%,广发基金,2024-07-10,国新港股通央企红利指数,6699.65,10114,11557,12545,10000,10000,16.03
508,恒生生物科技ETF,513280,1.191,10223,10000,跨境，香港，生物科技,0.20%,汇添富基金,2022-07-18,恒生香港上市生物科技指数,6543.51,9892,17489,17515,12932,10000,5.03
509,中概互联ETF,513220,1.296,10205,10000,跨境，中概股,0.65%,招商基金,2022-07-15,全球中国互联网人民币指数,6358.63,9257,12045,12343,15766,10000,3.78
510,科创信息技术ETF,588100,1.788,10068,9992,行业，信息技术，科创板,0.60%,嘉实基金,2022-05-27,科创信息指数,6102.24,9174,13775,14489,17685,10000,3.46
511,中证A500ETF,560510,1.104,9955,10007,宽基，中小盘,0.20%,泰康基金,2024-10-15,中证A500指数,6100.21,9703,11810,11999,10000,10000,37.44
512,A500ETF基金,159356,1.173,10017,10000,宽基，中小盘,0.20%,万家基金,2024-12-06,中证A500指数,6090.65,9694,11789,10000,10000,10000,27.6
513,A500ETF中金,512080,1.205,9992,9990,宽基，中小盘,0.20%,中金基金,2025-01-21,中证A500指数,6053.66,9679,10000,10000,10000,10000,13.23
514,机器人ETF富国,159272,0.837,10097,9998,主题，新兴产业，机器人,0.60%,富国基金,2025-09-19,机器人100指数,5886.32,9249,10000,10000,10000,10000,23.47
515,中证A50ETF指数基金,560350,1.236,10016,10007,宽基，大盘,0.20%,摩根资产管理,2024-03-12,中证A50指数,5878.64,9702,11254,11520,10000,10000,21.9
516,航天ETF,159267,0.987,10444,10000,,0.60%,华安基金,2025-08-01,国证航天指数,5902.46,10281,10000,10000,10000,10000,2.11
517,证券ETF东财,159692,1.29,9992,10007,行业，金融，证券,0.55%,东财基金,2023-05-23,证券公司30指数,5799.17,9485,10182,10222,10000,10000,8.36
518,港股消费50ETF,159265,0.996,10020,10000,,0.60%,鹏华基金,2025-07-02,港股通消费指数,5664.61,9708,10000,10000,10000,10000,2.67
519,证券ETF南方,512900,1.163,10009,10006,行业，金融，证券,0.60%,南方基金,2017-03-31,证券公司指数,5592.54,9440,10043,10087,13461,9708,78.32
520,A50ETF,159601,1.007,9941,10000,MSCI,0.60%,华夏基金,2021-11-08,MSCI中国A50互联互通人民币指数,5645.27,9646,12133,12525,13044,10000,25.53
521,科创芯片ETF富国,588810,1.51,10020,9981,行业，半导体，芯片，科创板,0.60%,富国基金,2025-01-09,科创芯片指数,5587.92,9069,10000,10000,10000,10000,6.11
522,科创芯片ETF博时,588990,2.226,10027,9980,行业，半导体，芯片，科创板,0.60%,博时基金,2024-08-16,科创芯片指数,5481.48,9060,14511,15362,10000,10000,6.8
523,创业板人工智能ETF大成,159242,1.368,10022,9985,主题，新兴产业，人工智能,0.60%,大成基金,2025-07-24,创业板人工智能指数,5469.07,9682,10000,10000,10000,10000,3.29
524,卫星产业ETF,159218,1.201,10425,10018,,0.60%,招商基金,2025-05-22,卫星产业指数,5487.65,10187,10000,10000,10000,10000,3.86
525,沪深300ETF工银,510350,4.615,9996,9996,宽基，大盘股,0.20%,工银瑞信基金,2019-08-16,沪深300指数,5334.34,9673,11595,11894,12761,10056,38.94
526,有色龙头ETF,159876,0.851,9930,10015,行业，资源，有色金属,0.60%,华宝基金,2021-03-24,中证有色指数,5157.21,9827,16444,15361,14698,10000,3.47
527,创业板50ETF嘉实,159373,1.473,10000,10002,宽基，中小盘,0.20%,嘉实基金,2025-02-10,创业板50指数,5058.42,9534,10000,10000,10000,10000,6.39
528,芯片ETF易方达,516350,1.092,10065,9979,行业，半导体，芯片,0.20%,易方达基金,2021-12-23,芯片产业指数,5134.34,9138,13236,13875,15872,10000,13.46
529,港股通央企红利ETF天弘,159281,1.025,9990,10000,跨境，香港，央企,0.60%,天弘基金,2025-09-02,港股通央企红利指数,5074.9,10039,10000,10000,10000,10000,3.43
530,香港大盘30ETF,520560,0.954,10138,10000,跨境，香港，中概股,0.60%,华宝基金,2025-10-13,恒生中国(香港上市)25指数,4987.44,9735,10000,10000,10000,10000,6.85
531,科创芯片ETF国泰,589100,1.375,10029,9990,行业，半导体，芯片，科创板,0.60%,国泰基金,2025-04-07,科创芯片指数,4995.0,9064,10000,10000,10000,10000,6.64
532,机器人ETF鹏华,159278,0.993,10061,9987,主题，新兴产业，机器人,0.60%,鹏华基金,2025-08-12,机器人100指数,5005.71,9263,10000,10000,10000,10000,8.39
533,中证A50ETF易方达,563080,1.296,10000,9994,宽基，大盘,0.20%,易方达基金,2024-03-18,中证A50指数,4882.65,9679,11289,11551,10000,10000,21.39
534,科创综指ETF国泰,589630,1.239,10156,9971,,0.20%,国泰基金,2025-03-12,科创综指,4859.61,9553,10000,10000,10000,10000,4.5
535,医疗ETF,159828,0.43,10070,10001,行业，医药,0.60%,国泰基金,2021-01-12,中证医疗指数,4709.93,9389,10670,10412,6981,10000,20.53
536,港股通科技ETF招商,159125,0.933,10208,10000,跨境，香港，科技,0.60%,招商基金,2025-11-06,港股通科技指数,4595.13,10000,10000,10000,10000,10000,9.31
537,港股通红利低波ETF,520890,1.47,10000,10000,跨境，香港,0.60%,华泰柏瑞基金,2024-09-20,恒生港股通高股息低波动指数,4573.96,10096,12374,13055,10000,10000,0.884
538,A500指数ETF,159359,1.181,10017,9998,宽基，中小盘,0.20%,华安基金,2024-12-02,中证A500指数,4631.86,9688,11728,10000,10000,10000,12.52
539,科创综指ETF南方,589660,1.222,10166,9994,,0.20%,南方基金,2025-03-05,科创综指,4607.7,9532,10000,10000,10000,10000,5.73
540,创业板新能源ETF国泰,159387,1.559,10013,9996,,0.60%,国泰基金,2025-06-10,创新能源指数,4566.49,9824,10000,10000,10000,10000,0.85
541,银行ETF基金,515020,1.772,9949,10013,行业，金融，银行,0.60%,华夏基金,2019-12-03,中证银行指数,4513.58,10023,11301,12271,16654,15668,7.29
542,港股通生物科技ETF,159102,0.878,10209,10000,跨境，香港，生物科技,0.60%,华安基金,2025-09-16,恒生香港上市生物科技指数,4517.16,9932,10000,10000,10000,10000,9.17
543,科创新能源ETF易方达,589960,0.978,10124,9982,行业，新能源，科创板,0.60%,易方达基金,2025-09-22,科创新能指数,4478.46,10145,10000,10000,10000,10000,7.68
544,港股信息技术ETF,159131,0.912,9956,10000,,0.60%,华宝基金,2025-11-13,港股通信息C人民币指数,4459.17,10000,10000,10000,10000,10000,2.67
545,沪深300ETF永赢,563520,1.136,9974,9994,宽基，大盘股,0.20%,永赢基金,2024-11-18,沪深300指数,4360.93,9685,11604,11883,10000,10000,8.95
546,新能源车龙头ETF,159637,0.863,9863,10009,主题，新兴产业，新能源车,0.55%,东财基金,2022-09-01,CS新能车指数,4417.14,9796,14627,13548,10047,10000,11.73
547,科创50ETF东财,589850,1.23,10057,9988,宽基，中小盘，科创板,0.20%,东财基金,2025-08-11,科创50指数,4276.23,9255,10000,10000,10000,10000,7.54
548,中证A500ETF天弘,159360,1.198,10034,10012,宽基，中小盘,0.20%,天弘基金,2024-11-28,中证A500指数,4322.69,9716,11838,10000,10000,10000,17.71
549,恒生医疗ETF基金,159303,1.808,10215,10000,跨境，香港，医药，医疗保健,0.60%,大成基金,2024-06-27,恒生医疗保健指数,4249.03,9940,16929,16913,10000,10000,1.04
550,半导体产业ETF,159582,2.01,10141,9983,行业，半导体，芯片,0.60%,博时基金,2024-04-16,中证半导指数,4210.15,9531,14492,14046,10000,10000,3.56
551,工业软件ETF,159108,0.972,10275,10000,,0.60%,博时基金,2025-11-24,工业软件指数,4150.17,10000,10000,10000,10000,10000,6.13
552,沪深300ETF基金,159330,1.361,9963,10004,宽基，大盘股,0.55%,东财基金,2024-08-19,沪深300指数,4136.76,9687,11563,11866,10000,10000,5.86
553,有色ETF基金,159880,1.67,10012,10058,行业，资源，有色金属,0.60%,鹏华基金,2021-03-25,国证有色指数,4051.76,9789,16717,15784,15477,10000,3.65
554,消费电子ETF易方达,562950,1.12,9982,10018,主题，消费电子,0.20%,易方达基金,2022-01-20,消费电子指数,4142.45,8946,13413,14508,16519,10000,16.28
555,卫星ETF广发,512630,0.988,10378,10001,,0.60%,广发基金,2025-10-22,卫星产业指数,4094.21,10175,10000,10000,10000,10000,11.76
556,农业ETF天弘,512620,0.975,10052,10000,行业，农业,0.60%,天弘基金,2025-11-21,中证农业指数,4027.42,10000,10000,10000,10000,10000,4.45
557,深证50ETF富国,159350,1.42,10021,10016,策略，价值,0.60%,富国基金,2023-12-11,深证50指数,3913.5,9614,12034,12199,10000,10000,2.18
558,A50ETF华宝,159596,0.613,10000,9990,宽基，大盘,0.20%,华宝基金,2024-03-18,中证A50指数,3872.8,9684,11325,11586,10000,10000,6.45
559,创业板人工智能ETF华安,159279,0.928,10032,10000,主题，新兴产业，人工智能,0.60%,华安基金,2025-09-29,创业板人工智能指数,3879.49,9657,10000,10000,10000,10000,4.04
560,科创芯片ETF指数,588920,1.379,10015,9984,行业，半导体，芯片，科创板,0.60%,鹏华基金,2025-07-28,科创芯片指数,3781.82,9060,10000,10000,10000,10000,4.34
561,沪深300ETF泰康,515380,5.117,9984,9998,宽基，大盘股,0.45%,泰康资产,2020-03-23,沪深300指数,3687.66,9682,11580,11859,12757,10018,39.46
562,沪深300指数ETF,159393,4.567,9972,10002,宽基，大盘股,0.20%,万家基金,2025-03-10,沪深300指数,3677.26,9717,10000,10000,10000,10000,2.46
563,深成ETF,159903,1.526,10026,9999,宽基，综合,0.60%,南方基金,2010-02-02,深证成指,3719.27,9658,12208,12208,11857,9683,5.23
564,港股通医疗ETF,520510,0.976,10167,10000,,0.60%,华夏基金,2025-08-07,港股通医疗主题指数,3660.88,9541,10000,10000,10000,10000,2.62
565,现金流ETF全指,563390,1.218,9943,10012,,0.60%,华泰柏瑞基金,2025-04-30,中证现金流指数,3648.41,10050,10000,10000,10000,10000,5.64
566,计算机ETF,512720,1.19,10223,10010,行业，计算机,0.60%,国泰基金,2019-08-16,CS计算机指数,3432.1,9535,11344,11163,12053,9167,13.57
567,创业板综ETF银华,159288,0.933,10108,9975,宽基，中小盘,0.20%,银华基金,2025-09-26,创业板综指数,3295.82,9719,10000,10000,10000,10000,2.43
568,科创医药ETF嘉实,588700,1.092,10158,10007,行业，医药，科创板,0.60%,嘉实基金,2024-01-05,科创生物指数,3321.01,9715,13172,12639,10000,10000,2.73
569,1000ETF增强,159680,1.432,10149,10042,宽基，中小盘,0.60%,招商基金,2022-11-30,中证1000指数,3246.87,9663,12774,12855,10000,10000,7.48
570,中证A500ETF指数基金,159215,1.186,10000,9991,宽基，中小盘,0.20%,平安基金,2025-04-07,中证A500指数,3236.11,9682,10000,10000,10000,10000,15.75
571,证券ETF富国,515850,1.45,10021,10008,行业，金融，证券,0.20%,富国基金,2020-02-21,证券公司指数,3074.98,9459,10154,10204,13731,10717,4.56
572,科创半导体ETF鹏华,589020,1.083,10084,10004,,0.60%,鹏华基金,2025-09-04,科创半导体材料设备指数,3126.25,9644,10000,10000,10000,10000,2.54
573,金融科技ETF华夏,516100,1.334,10183,9974,主题，金融科技,0.60%,华夏基金,2021-07-23,金融科技指数,3047.13,9309,11411,11238,15919,10000,16.68
574,科创100ETF华泰柏瑞,588880,1.213,10108,9989,宽基，中小盘，科创板,0.60%,华泰柏瑞基金,2023-11-16,科创100指数,2984.79,9612,14007,13847,10000,10000,2.16
575,石油ETF,561360,1.152,9914,9981,行业，石油，天然气,0.60%,国泰基金,2023-10-31,油气产业指数,3045.14,10070,10878,10951,10000,10000,1.3
576,中证1000ETF基金,560110,1.059,10086,10009,宽基，中小盘,0.20%,汇添富基金,2022-08-08,中证1000指数,2949.57,9815,12103,11966,11302,10000,1.97
577,半导体ETF南方,159325,1.361,10052,9968,行业，半导体，芯片,0.20%,南方基金,2024-11-08,半导体行业精选指数,2922.34,9073,13150,13817,10000,10000,2.25
578,沪深300指数ETF,515310,1.327,10000,10021,宽基，大盘股,0.20%,汇添富基金,2019-12-25,沪深300指数,2807.06,9707,11549,11827,12674,10327,3.18
579,港股医药ETF,159718,0.967,10233,9997,跨境，香港，医药,0.60%,平安基金,2021-12-28,HKC医药C人民币指数,2818.69,9898,16672,16615,12118,10000,2.52
580,科创综指ETF汇添富,589080,1.219,10175,10010,,0.20%,汇添富基金,2025-03-05,科创综指,2780.36,9531,10000,10000,10000,10000,3.39
581,科创50ETF南方,588150,0.912,10033,10000,宽基，中小盘，科创板,0.20%,南方基金,2021-12-20,科创50指数,2677.31,9249,13141,13612,12737,10000,2.97
582,机器人ETF南方,159258,1.05,10096,9987,主题，新兴产业，机器人,0.60%,南方基金,2025-08-01,机器人指数,2688.2,9300,10000,10000,10000,10000,14.07
583,港股通红利ETF南方,159127,0.957,9979,10000,跨境，香港，红利,0.20%,南方基金,2025-11-20,港股通高股息港元指数,2706.91,10000,10000,10000,10000,10000,3.79
584,港股汽车ETF,159210,1.017,10201,10000,跨境，香港，汽车,0.60%,汇添富基金,2025-06-04,港股通汽车指数,2714.71,9347,10000,10000,10000,10000,0.869
585,500增强ETF,561550,1.156,10078,9995,宽基，中小盘,0.80%,华泰柏瑞基金,2021-12-10,中证500指数,2646.79,9444,12788,13003,12931,10000,16.69
586,港股通ETF,513990,1.212,10125,10013,跨境，香港,0.25%,招商基金,2020-08-18,港股通指数,2578.92,9886,13333,13947,16032,11790,0.889
587,科创50ETF基金,588180,0.837,10048,9988,宽基，中小盘，科创板,0.35%,国联安基金,2021-07-01,科创50指数,2630.48,9238,13099,13500,12701,10000,27.84
588,化工ETF嘉实,159129,0.94,9895,9998,行业，化工,0.25%,嘉实基金,2025-11-14,细分化工指数,2574.11,10000,10000,10000,10000,10000,9.28
589,科创综指ETF招商,589770,1.223,10158,9993,,0.20%,招商基金,2025-03-05,科创综指,2614.68,9555,10000,10000,10000,10000,3.95
590,沪深300ETF指数基金,515390,1.292,9992,10026,宽基，大盘股,0.20%,华安基金,2020-01-10,沪深300指数,2539.28,9700,11598,11875,12642,10445,5.19
591,沪深300ETF天弘,515330,1.276,9977,10015,宽基，大盘股,0.60%,天弘基金,2019-12-26,沪深300指数,2535.07,9674,11537,11859,12609,9899,91.61
592,港股通100ETF,513900,1.082,10198,10011,跨境，香港,0.70%,华安基金,2018-05-25,中华港股通精选100人民币指数,2514.56,9792,13036,13358,14052,9945,1.36
593,基建ETF,516950,1.132,10035,10016,主题，基建,0.60%,银华基金,2021-05-14,中证基建指数,2485.49,9433,10570,10540,11469,10000,4.05
594,新能源50ETF,516270,0.632,9968,9986,主题，新兴产业，新能源,0.60%,华安基金,2021-07-23,新能源指数,2515.58,9860,13504,12640,8000,10000,3.0
595,A500ETF工银,159362,1.185,10008,10001,宽基，中小盘,0.20%,工银瑞信基金,2024-12-02,中证A500指数,2460.24,9729,11862,10000,10000,10000,14.01
596,科创综指ETF天弘,589860,1.207,10100,9992,,0.20%,天弘基金,2025-03-05,科创综指,2450.86,9534,10000,10000,10000,10000,3.49
597,中证500ETF基金,510510,2.182,10060,9996,宽基，中小盘,0.60%,广发基金,2013-05-24,中证500指数,2385.34,9587,12176,12170,11801,11557,21.09
598,人工智能ETF基金,159248,1.326,10053,9987,主题，新兴产业，人工智能,0.60%,万家基金,2025-07-24,CS人工智能指数,2441.7,9318,10000,10000,10000,10000,3.0
599,科创50ETF指数基金,588280,0.936,10054,9994,宽基，中小盘，科创板,0.20%,华安基金,2021-10-29,科创50指数,2375.14,9249,13091,13487,12632,10000,4.4
600,科创50ETF景顺,588950,1.334,10038,9977,宽基，中小盘，科创板,0.20%,景顺长城基金,2025-01-24,科创50指数,2400.41,9238,10000,10000,10000,10000,2.99
601,科创50ETF富国,588940,1.323,10053,9982,宽基，中小盘，科创板,0.20%,富国基金,2025-06-03,科创50指数,2361.83,9265,10000,10000,10000,10000,4.69
602,上海金ETF嘉实,159831,8.949,10031,10000,商品，黄金,0.60%,嘉实基金,2022-04-07,上海金,2374.65,9836,14940,14937,22294,10000,7.34
603,A50ETF嘉实,562890,1.292,10016,10009,宽基，大盘,0.20%,嘉实基金,2024-03-18,中证A50指数,2435.42,9707,11343,11567,10000,10000,2.46
604,深100ETF南方,159212,1.317,9992,9990,宽基，大盘股,0.20%,南方基金,2025-04-09,深证100指数,2276.56,9592,10000,10000,10000,10000,1.81
605,化工龙头ETF,516220,0.799,9901,10010,行业，化工,0.60%,国泰基金,2021-03-10,细分化工指数,2322.69,10336,12563,12217,9685,10000,2.47
606,科创板新能源ETF,588960,1.285,10126,9965,行业，新能源，科创板,0.60%,富国基金,2025-02-19,科创新能指数,2267.46,10102,10000,10000,10000,10000,1.38
607,中证A500ETF华宝,563500,0.584,10000,10010,宽基，中小盘,0.20%,华宝基金,2024-12-02,中证A500指数,2257.86,9720,11841,10000,10000,10000,7.82
608,A500ETF海富通,563860,1.182,10017,10000,宽基，中小盘,0.20%,海富通基金,2025-02-12,中证A500指数,2315.17,9696,10000,10000,10000,10000,5.18
609,科创综指ETF博时,589900,1.217,10176,9990,,0.20%,博时基金,2025-03-05,科创综指,2280.25,9545,10000,10000,10000,10000,7.14
610,沪深300自由现金流ETF摩根,563900,1.147,9922,9998,,0.60%,摩根资产管理,2025-05-07,300现金流指数,2304.44,10124,10000,10000,10000,10000,5.12
611,港股科技30ETF,159120,0.94,10206,10000,,0.60%,国联安基金,2025-11-13,恒生港股通科技主题指数,2328.79,10000,10000,10000,10000,10000,2.36
612,消费ETF龙头,560680,0.902,10011,10004,行业，消费,0.60%,广发基金,2022-10-31,中证消费指数,2172.27,9890,10146,10215,8809,10000,2.79
613,机器人ETF基金,562360,1.018,10089,9986,主题，新兴产业，机器人,0.60%,银华基金,2021-10-15,机器人指数,2183.68,9314,12019,12324,12430,10000,5.53
614,港股通科技ETF富国,520860,0.967,10179,10000,跨境，香港，科技,0.60%,富国基金,2025-07-25,HKC科技港币指数,2158.42,9227,10000,10000,10000,10000,7.88
615,科创100ETF南方,588900,1.26,10129,10014,宽基，中小盘，科创板,0.20%,南方基金,2023-12-18,科创100指数,2191.19,9604,14016,13816,10000,10000,8.26
616,中证A50ETF,563350,1.312,9992,9994,宽基，大盘,0.20%,华泰柏瑞基金,2024-03-18,中证A50指数,2247.77,9711,11379,11631,10000,10000,3.86
617,A500ETF融通,159379,1.215,9967,9976,宽基，中小盘,0.20%,融通基金,2025-01-23,中证A500指数,2237.04,9681,10000,10000,10000,10000,1.19
618,科创综指ETF景顺,589890,1.21,10126,9990,,0.20%,景顺长城基金,2025-03-05,科创价格指数,2243.96,9528,10000,10000,10000,10000,6.59
619,全指自由现金流ETF,563760,1.166,9957,10008,,0.20%,中银基金,2025-06-06,中证现金流指数,2221.22,10043,10000,10000,10000,10000,2.47
620,红利低波ETF,159525,1.122,9920,9995,策略，红利,0.60%,富国基金,2024-05-20,红利低波指数,2091.89,9973,10686,11265,10000,10000,2.69
621,创业板ETF博时,159908,2.717,10004,9983,宽基，中小盘,0.20%,博时基金,2011-07-13,创业板指,2118.36,9570,13757,13592,12828,11567,14.3
622,恒生医疗ETF,159557,1.638,10206,10000,跨境，香港，医药，医疗保健,0.60%,嘉实基金,2024-05-22,恒生医疗保健指数,2130.27,9867,16579,16663,10000,10000,2.68
623,港股通央企红利ETF,159266,1.023,9990,10000,跨境，香港，央企,0.60%,永赢基金,2025-08-01,港股通央企红利指数,2147.23,10010,10000,10000,10000,10000,7.7
624,中证A500指数ETF,159357,1.176,10000,9993,宽基，中小盘,0.20%,博时基金,2024-11-28,中证A500指数,2119.29,9702,11718,10000,10000,10000,22.31
625,港股通汽车ETF富国,159239,1.019,10170,10000,,0.60%,富国基金,2025-05-28,恒生港股通汽车主题指数,2066.13,9082,10000,10000,10000,10000,1.63
626,沪深300ETF中金,510320,1.196,9992,9999,宽基，大盘股,0.20%,中金基金,2025-04-25,沪深300指数,1978.54,9661,10000,10000,10000,10000,5.84
627,光伏ETF易方达,562970,1.054,10009,9996,主题，光伏，新兴产业,0.60%,易方达基金,2024-11-07,光伏产业指数,1955.22,10174,12400,11481,10000,10000,6.26
628,创新药ETF天弘,517380,0.785,10221,9982,行业，医药,0.60%,天弘基金,2021-08-09,恒生沪深港创新药精选50指数,1978.96,9887,15096,15184,11751,10000,14.7
629,机器人ETF基金,159213,1.135,10125,10016,主题，新兴产业，机器人,0.60%,汇添富基金,2025-04-30,机器人指数,2006.39,9334,10000,10000,10000,10000,5.43
630,港股科技ETF基金,159251,1.0,10183,10000,跨境，香港，科技,0.60%,万家基金,2025-07-24,港股通科技指数,1967.6,9294,10000,10000,10000,10000,2.62
631,绿色电力ETF,561170,1.113,9955,10002,主题，新兴产业，新能源,0.60%,富国基金,2023-03-16,绿色电力指数,2006.03,9687,10287,10560,10000,10000,1.3
632,港股央企红利ETF,159333,1.466,9986,10000,跨境，香港，央企,0.60%,万家基金,2024-09-03,港股通央企红利指数,1986.57,10047,12339,13210,10000,10000,4.93
633,A500ETF永赢,159386,1.19,10008,9993,宽基，中小盘,0.20%,永赢基金,2025-02-11,中证A500指数,2009.11,9698,10000,10000,10000,10000,2.11
634,科创综指ETF建信,589880,1.215,10142,9971,,0.20%,建信基金,2025-02-28,科创综指,1993.78,9492,10000,10000,10000,10000,7.04
635,国泰中证500ETF,561350,1.085,10074,10009,宽基，中小盘,0.60%,国泰基金,2021-09-01,中证500指数,1915.74,9627,12205,12274,12123,10000,1.07
636,医疗器械ETF,562600,0.874,10069,9996,行业，医药，医疗器械,0.60%,华夏基金,2023-12-11,医疗器械指数,1939.39,9459,10319,9977,10000,10000,2.09
637,汽车零部件ETF,562700,1.323,10068,10003,主题，汽车零部件,0.60%,华夏基金,2024-05-14,汽车零部件指数,1891.59,9337,12411,12469,10000,10000,2.33
638,港股汽车ETF基金,159237,1.055,10203,10000,跨境，香港，汽车,0.52%,工银瑞信基金,2025-07-07,港股通汽车指数,1893.57,9312,10000,10000,10000,10000,1.2
639,香港汽车ETF,520720,0.911,10156,10000,跨境，香港，汽车,0.60%,国泰基金,2025-09-25,港股通汽车指数,1856.43,9315,10000,10000,10000,10000,2.68
640,自由现金流ETF广发,159229,1.18,9975,10013,,0.60%,广发基金,2025-05-15,800现金流指数,1917.36,10043,10000,10000,10000,10000,0.252
641,自由现金流ETF基金,159233,1.169,9966,10000,,0.60%,平安基金,2025-06-04,中证现金流指数,1898.37,10060,10000,10000,10000,10000,2.51
642,新能源龙头ETF,159752,0.649,9969,9997,主题，新兴产业，新能源,0.60%,申万菱信基金,2021-07-28,新能源指数,1821.59,9878,13465,12626,8032,10000,5.29
643,创业综指ETF西部利得,159295,0.935,10075,10024,宽基，中小盘,0.20%,西部利得基金,2025-11-04,创业板综指数,1830.29,10000,10000,10000,10000,10000,5.39
644,电网ETF,561380,1.47,10041,9998,跨境，香港，电网设备,0.60%,国泰基金,2024-12-23,恒生A股电网设备指数,1803.74,9833,15202,10000,10000,10000,1.3
645,科创价值ETF,588910,1.232,10173,9998,,0.60%,建信基金,2025-04-07,智选创新价值指数,1768.57,9731,10000,10000,10000,10000,2.62
646,港股通科技ETF嘉实,520670,0.971,10146,10000,,0.40%,嘉实基金,2025-08-19,恒生港股通科技主题指数,1839.21,9117,10000,10000,10000,10000,2.44
647,中证500指数ETF,563750,0.943,10043,9995,宽基，中小盘,0.20%,汇添富基金,2025-10-30,中证500指数,1674.33,10000,10000,10000,10000,10000,2.38
648,港股通医药ETF,159776,1.296,10221,10017,跨境，香港，医药,0.60%,银华基金,2022-03-25,HKC医药C人民币指数,1708.3,9886,16615,16552,11697,10000,1.46
649,中国国企ETF,517180,1.505,9914,10000,主题，国企,0.30%,南方基金,2021-12-28,富时中国国企开放共赢指数,1660.33,9941,10029,10599,15400,10000,2.55
650,成渝经济圈ETF,159623,0.955,9958,9976,主题，区域，成渝,0.20%,博时基金,2022-09-09,成渝经济圈指数,1749.11,9317,12119,11923,10791,10000,35.0
651,碳中和ETF易方达,562990,0.974,9980,10012,主题，环保，新兴产业,0.60%,易方达基金,2022-07-19,SEEE碳中和指数,1734.82,9828,12935,12633,11707,10000,9.47
652,港股通消费ETF,520620,0.954,10074,10000,跨境，香港，消费,0.60%,嘉实基金,2025-08-19,恒生消费指数,1743.2,9715,10000,10000,10000,10000,2.21
653,恒生汽车ETF,159121,0.968,10200,10000,,0.60%,易方达基金,2025-11-24,恒生港股通汽车主题指数,1705.99,10000,10000,10000,10000,10000,2.15
654,通用航空ETF,563320,0.903,10403,9985,,0.60%,华泰柏瑞基金,2025-09-03,通用航空指数,1728.45,10056,10000,10000,10000,10000,9.03
655,A500红利低波ETF,159296,1.008,9951,10003,,0.60%,华宝基金,2025-09-04,A500红利低波指数,1682.39,9921,10000,10000,10000,10000,2.4
656,证券ETF嘉实,562870,0.987,10010,9998,行业，金融，证券,0.25%,嘉实基金,2025-07-25,证券公司指数,1625.48,9445,10000,10000,10000,10000,5.07
657,恒生新经济ETF,513320,1.357,10218,10012,跨境，香港,0.60%,易方达基金,2022-03-21,恒生港股通新经济指数,1615.91,9326,12814,13422,14639,10000,1.82
658,央企红利50ETF,560700,1.156,9966,10016,策略，红利，国企,0.55%,广发基金,2023-06-06,央企股东回报指数,1564.54,9889,10844,11211,10000,10000,5.81
659,央企红利ETF基金,560070,1.103,9946,9999,策略，红利，国企,0.60%,汇添富基金,2023-06-06,央企股东回报指数,1591.48,9864,10730,11074,10000,10000,3.21
660,A50指数ETF,159390,1.181,10017,10007,宽基，大盘,0.20%,国联基金,2025-04-09,中证A50指数,1560.45,9720,10000,10000,10000,10000,3.35
661,恒生央企ETF,513170,1.573,9962,10000,跨境，香港，央企,0.65%,鹏华基金,2024-04-19,恒生中国央企指数,1557.54,10155,12758,13762,10000,10000,3.59
662,科创综指ETF工银,589500,1.222,10166,9994,,0.20%,工银瑞信基金,2025-03-03,科创价格指数,1630.46,9569,10000,10000,10000,10000,2.46
663,沪深300ETF招商,561930,1.455,10000,10022,宽基，大盘股,0.20%,招商基金,2024-09-20,沪深300指数,1519.2,9713,11566,12045,10000,10000,3.27
664,红利低波ETF泰康,560150,1.175,9941,10003,策略，红利,0.50%,泰康基金,2024-04-08,红利低波指数,1470.5,9967,10722,11345,10000,10000,8.44
665,恒生国企ETF,159850,0.92,10088,10000,跨境，香港，中概股,0.65%,华夏基金,2021-02-19,恒生中国企业指数,1462.67,9684,12299,13143,15917,10000,8.16
666,中证A100ETF,512910,1.227,9992,9996,宽基，大盘股,0.60%,广发基金,2019-07-01,中证100指数,1499.81,9754,11982,12356,13073,9907,2.72
667,科创50ETF指数,588040,1.33,10076,10025,宽基，中小盘，科创板,0.20%,鹏华基金,2025-04-14,科创50指数,1453.49,9314,10000,10000,10000,10000,1.19
668,金融科技ETF易方达,159299,0.896,10170,9985,主题，金融科技,0.60%,易方达基金,2025-09-11,金融科技指数,1532.65,9314,10000,10000,10000,10000,5.78
669,红利港股ETF,159331,1.333,9993,10000,跨境，香港，红利,0.60%,国泰基金,2024-08-01,港股通高股息港元指数,1460.98,10067,12236,12822,10000,10000,2.2
670,港股通红利ETF富国,159277,0.992,9980,10000,跨境，香港，红利,0.40%,富国基金,2025-08-14,港股通高股息港元指数,1481.46,10040,10000,10000,10000,10000,2.4
671,绿电ETF,562550,1.108,9937,9992,主题，新兴产业，新能源,0.60%,华夏基金,2023-03-27,绿色电力指数,1507.13,9668,10278,10532,10000,10000,1.69
672,恒生消费ETF华泰柏瑞,520520,1.118,10063,10000,跨境，香港，消费,0.60%,华泰柏瑞基金,2024-11-01,恒生消费指数,1465.84,9722,10939,11455,10000,10000,0.876
673,计算机ETF南方,159586,1.343,10291,10013,行业，计算机,0.60%,南方基金,2024-03-15,计算机指数,1474.78,9926,11648,11017,10000,10000,5.02
674,科创AIETF鹏华,589090,0.987,10133,9989,主题，新兴产业，人工智能,0.60%,鹏华基金,2025-08-27,科创AI指数,1465.02,9224,10000,10000,10000,10000,8.16
675,科创人工智能ETF汇添富,589560,0.889,10137,9985,主题，新兴产业，人工智能,0.60%,汇添富基金,2025-09-05,科创AI指数,1528.26,9212,10000,10000,10000,10000,11.07
676,科创人工智能ETF国泰,589110,0.853,10119,9988,主题，新兴产业，人工智能,0.60%,国泰基金,2025-10-15,科创AI指数,1490.32,9192,10000,10000,10000,10000,3.14
677,创业板软件ETF富国,159107,0.888,10230,10000,,0.60%,富国基金,2025-09-22,创业软件指数,1547.7,9652,10000,10000,10000,10000,2.94
678,通用航空ETF南方,159283,0.93,10333,9970,,0.20%,南方基金,2025-08-21,通用航空指数,1468.02,10032,10000,10000,10000,10000,2.48
679,创业板50ETF国泰,159375,1.53,9987,9986,宽基，中小盘,0.20%,国泰基金,2025-01-10,创业板50指数,1417.24,9515,10000,10000,10000,10000,2.73
680,中证A100ETF基金,562000,0.563,10000,9994,宽基，大盘股,0.60%,华宝基金,2022-08-01,中证100指数,1442.29,9707,11828,12147,12781,10000,8.44
681,A100ETF南方,560380,1.179,9983,9994,宽基，大盘股,0.60%,南方基金,2024-12-27,中证100指数,1442.12,9728,11849,10000,10000,10000,1.99
682,光伏ETF华夏,515370,0.882,9977,9989,主题，光伏，新兴产业,0.50%,华夏基金,2025-11-18,光伏产业指数,1374.88,10000,10000,10000,10000,10000,2.99
683,有色60ETF,159881,1.589,9906,9993,行业，资源，有色金属,0.60%,国泰基金,2021-07-01,中证有色指数,1420.93,9797,16466,15368,15105,10000,0.835
684,科创创业50ETF,588390,0.904,10022,10008,宽基，中小盘，科创板,0.60%,博时基金,2021-08-30,科创创业50指数,1396.28,9387,14557,14795,13140,10000,3.18
685,绿色电力ETF,159625,1.191,9967,10009,主题，新兴产业，新能源,0.60%,嘉实基金,2022-04-29,绿色电力指数,1401.86,9699,10339,10587,11028,10000,3.25
686,沪深300成长ETF,562310,0.954,10010,10010,策略，成长,0.60%,银华基金,2022-09-09,300成长指数,1372.74,9627,12422,12422,10600,10000,11.2
687,中证2000指数ETF,159536,1.352,10204,10024,宽基，中小盘,0.60%,汇添富基金,2023-09-21,中证2000指数,1417.34,9912,13088,12963,10000,10000,0.538
688,创业板200ETF易方达,159572,1.374,10193,10006,宽基，中小盘,0.20%,易方达基金,2023-12-25,创业200指数,1358.32,9957,12213,11704,10000,10000,6.44
689,央企科创ETF,159335,1.284,10086,9985,主题，央企，科技,0.35%,融通基金,2024-09-05,央企科技创新指数,1398.38,9854,10772,11050,10000,10000,2.4
690,中证A500龙头ETF,563650,1.187,9992,10008,宽基，中小盘,0.20%,兴业基金,2025-04-03,中证A500指数,1379.18,9714,10000,10000,10000,10000,1.45
691,科创综指ETF富国,589600,1.201,10169,10004,,0.20%,富国基金,2025-03-07,科创价格指数,1419.98,9570,10000,10000,10000,10000,5.29
692,创业板医药ETF国泰,159377,1.141,10071,9998,,0.60%,国泰基金,2025-04-15,创医药指数,1373.74,9588,10000,10000,10000,10000,0.433
693,恒生50ETF,159109,0.949,10139,10000,,0.60%,景顺长城基金,2025-10-10,恒生港股通50指数,1401.58,9753,10000,10000,10000,10000,7.16
694,央企创新ETF,515600,1.558,10052,9997,主题，央企,0.20%,广发基金,2019-12-18,央企创新指数,1305.15,9756,10332,10708,12865,15141,18.26
695,农业50ETF,516810,0.822,10000,10002,行业，农业,0.60%,华夏基金,2022-01-11,中证农业指数,1299.36,10061,12196,12124,9916,10000,2.31
696,金融科技ETF富国,515720,0.885,10184,9988,主题，金融科技,0.60%,富国基金,2025-10-09,金融科技指数,1326.18,9326,10000,10000,10000,10000,8.18
697,芯片ETF景顺,159560,1.519,10060,9967,行业，半导体，芯片,0.60%,景顺长城基金,2023-11-20,芯片产业指数,1272.43,9145,13016,13859,10000,10000,4.22
698,国证2000ETF,159907,0.955,10160,9999,宽基，中小盘,0.60%,广发基金,2011-08-10,国证2000指数,1285.68,9825,12435,12533,12166,10694,1.98
699,双碳ETF,561190,0.975,9939,10003,主题，环保，新兴产业,0.60%,富国基金,2022-07-19,SEEE碳中和指数,1256.67,9819,12931,12695,11747,10000,5.68
700,碳中和ETF南方,159639,0.973,9959,9996,主题，环保，新兴产业,0.60%,南方基金,2022-07-19,SEEE碳中和指数,1328.43,9799,12905,12653,11737,10000,6.01
701,电网ETF,159320,1.472,10041,9988,跨境，香港，电网设备,0.55%,广发基金,2024-12-24,恒生A股电网设备指数,1256.57,9840,15191,10000,10000,10000,0.448
702,自由现金流ETF工银,159236,1.192,9958,9999,,0.20%,工银瑞信基金,2025-05-16,中证现金流指数,1264.58,10025,10000,10000,10000,10000,0.686
703,沪深300ETF博时,515130,1.446,9959,9990,宽基，大盘股,0.20%,博时基金,2020-05-11,沪深300指数,1191.44,9718,11671,11950,12673,10343,1.24
704,中证500增强ETF,560100,1.149,10009,9996,宽基，中小盘,0.55%,南方基金,2022-02-16,中证500指数,1159.09,9512,12031,12289,12263,10000,0.722
705,上证180ETF华夏,510670,0.956,9969,10006,宽基，大盘股,0.20%,华夏基金,2025-10-29,上证180指数,1211.59,10000,10000,10000,10000,10000,2.28
706,银行ETF指数基金,516210,1.418,9937,9998,行业，金融，银行,0.60%,华安基金,2021-09-24,中证银行指数,1194.64,10000,11272,12214,16114,10000,1.45
707,中证800ETF,515810,1.54,10000,10006,宽基，综合,0.20%,易方达基金,2019-10-25,中证800指数,1193.39,9673,11938,12222,13230,11087,3.34
708,智能驾驶ETF,516520,1.175,10095,9998,主题，智能汽车,0.60%,华泰柏瑞基金,2021-03-01,CS智汽车指数,1198.0,9252,11441,11622,13398,10000,3.95
709,创新药企ETF,560900,0.937,10152,9994,行业，医药,0.40%,上投摩根基金,2022-06-02,CS创新药指数,1177.65,9640,12477,12216,9213,10000,1.01
710,创新药ETF富国,159748,0.793,10193,9974,行业，医药,0.60%,富国基金,2021-12-03,SHS创新药人民币指数,1206.41,9778,14850,14658,11377,10000,6.42
711,港股通互联网ETF南方,520650,0.933,10197,10000,跨境，香港，互联网,0.20%,南方基金,2025-11-10,HKC互联网指数,1222.44,10000,10000,10000,10000,10000,2.69
712,港股国企ETF,159519,1.734,9971,10000,跨境，香港，国企,0.65%,国泰基金,2023-08-31,内地国有港元指数,1228.83,10117,12950,13973,10000,10000,1.25
713,A500增强ETF摩根,563550,1.15,10000,10009,宽基，中小盘,0.60%,摩根资产管理,2025-05-16,中证A500指数,1235.63,9656,10000,10000,10000,10000,1.2
714,现金流全指ETF,563780,1.202,9959,10028,,0.60%,方正富邦基金,2025-05-13,中证现金流指数,1154.89,10075,10000,10000,10000,10000,4.89
715,中证500ETF基金,159337,1.533,10026,9997,宽基，中小盘,0.55%,东财基金,2024-09-20,中证500指数,1053.87,9617,12138,12186,10000,10000,6.27
716,央企改革ETF,512950,1.414,9986,9985,主题，央企,0.20%,华夏基金,2019-01-18,结构调整指数,1086.05,9619,10254,10688,11983,12547,59.7
717,上证50ETF工银,510850,3.493,10009,9999,宽基，大盘股,0.60%,工银瑞信基金,2019-03-06,上证50指数,1127.17,9795,11352,11837,12856,9837,2.53
718,上证180ETF南方,530580,1.135,9965,9977,宽基，大盘股,0.20%,南方基金,2025-01-08,上证180指数,1120.69,9610,10000,10000,10000,10000,1.01
719,创新药ETF南方,159858,0.688,10178,9986,行业，医药,0.20%,南方基金,2021-03-25,CS创新药指数,1103.54,9622,12578,12308,9477,10000,3.54
720,科创50ETF增强,588450,1.633,10043,9992,宽基，中小盘，科创板,0.60%,招商基金,2024-05-22,科创50指数,1058.96,9195,12778,13169,10000,10000,1.54
721,光伏ETF基金,159863,0.614,10000,10005,主题，光伏，新兴产业,0.60%,鹏华基金,2021-03-11,光伏产业指数,1124.58,10149,12231,11287,6259,10000,2.52
722,医疗器械ETF招商,159898,0.548,10037,9971,行业，医药，医疗器械,0.60%,招商基金,2021-06-04,医疗器械指数,1124.54,9465,10518,10281,8179,10000,5.56
723,创业板科技ETF,159773,1.079,10075,10021,主题，新兴产业，科技,0.60%,华泰柏瑞基金,2021-10-08,创科技指数,1096.11,9845,14842,14720,13941,10000,2.23
724,农牧ETF,159616,0.838,9988,10012,主题，农牧,0.60%,建信基金,2022-08-08,农牧主题指数,1131.22,10024,11937,11770,9363,10000,0.515
725,双碳ETF,159641,1.017,9941,9977,主题，环保，新兴产业,0.60%,招商基金,2022-07-22,SEEE碳中和指数,1124.01,9760,12906,12728,12122,10000,2.03
726,深证50ETF易方达,159150,1.443,10014,9998,策略，价值,0.20%,易方达基金,2023-12-11,深证50指数,1109.58,9614,12157,12323,10000,10000,1.9
727,创业板200ETF南方,159270,1.067,10172,9996,宽基，中小盘,0.20%,南方基金,2025-07-24,创业200指数,1139.21,9926,10000,10000,10000,10000,0.506
728,科创生物医药ETF,588250,1.146,10142,9981,行业，医药，科创板,0.60%,鹏华基金,2025-03-21,科创生物指数,1080.83,9679,10000,10000,10000,10000,2.08
729,A500增强ETF工银,159249,1.169,9991,9990,宽基，中小盘,0.60%,工银瑞信基金,2025-07-02,中证A500指数,1051.33,9742,10000,10000,10000,10000,0.402
730,中证A500增强ETF,561090,1.121,9991,9972,宽基，中小盘,0.60%,华安基金,2025-07-02,中证A500指数,1078.54,9773,10000,10000,10000,10000,2.45
731,自由现金流ETF800,563580,1.101,9964,10014,,0.60%,万家基金,2025-07-25,800现金流指数,1144.96,10064,10000,10000,10000,10000,10.46
732,港股通互联网ETF汇添富,159280,0.978,10188,10000,,0.50%,汇添富基金,2025-08-18,港股通互联网指数,1093.61,9226,10000,10000,10000,10000,2.73
733,农牧渔ETF,159275,0.991,10041,9987,,0.60%,华宝基金,2025-09-29,农牧渔指数,1079.0,10102,10000,10000,10000,10000,1.94
734,500ETF,159500,0.998,10071,10000,宽基，中小盘,0.20%,富国基金,2025-08-29,中证500指数,1046.13,9680,10000,10000,10000,10000,5.72
735,富时A50ETF嘉实,512550,1.744,9954,10012,宽基，大盘股,0.60%,嘉实基金,2017-08-07,富时中国A50指数,1008.12,9754,11406,11848,13561,10500,2.72
736,红利ETF,159708,0.846,10012,10005,策略，红利,0.48%,西部利得基金,2021-07-02,深证红利指数,1041.81,9837,10818,11059,12314,10000,1.97
737,智能车ETF,159888,1.172,10077,9975,主题，智能汽车,0.60%,华夏基金,2021-05-21,CS智汽车指数,1032.93,9214,11226,11357,12795,10000,0.865
738,新能源ETF基金,516850,1.0,9901,10015,主题，新兴产业，新能源,0.60%,华夏基金,2021-03-19,中证新能指数,1045.02,10132,13908,12755,7955,10000,1.78
739,300成长ETF,159656,1.056,10000,9988,策略，成长,0.60%,万家基金,2023-01-16,300成长指数,1022.86,9609,12571,12632,10000,10000,2.93
740,创业板软件ETF华夏,159256,0.988,10228,10006,,0.60%,华夏基金,2025-08-04,创业软件指数,1032.38,9639,10000,10000,10000,10000,0.85
