,name,code,close,rate,premium,tag,mtexp,fundfirm,listdate,index,avgamount,m1,y0,y1,y3,y5,scale,index_name,index_id
0,纳指ETF,513100,1.801,10006,10000,跨境，美国,0.80%,国泰基金,2013-05-15,纳斯达克100指数,36499.04,9788,9459,11748,20677,21533,167.88,纳斯达克100,NDX.GI
1,红利低波ETF华泰柏瑞,512890,1.188,10051,10001,策略，红利,0.60%,华泰柏瑞基金,2019-01-18,红利低波指数,100421.3,10059,10102,10889,13274,17094,267.54,红利低波,h30269.CSI
2,沪深300ETF华泰柏瑞,510300,4.667,10028,9994,宽基，大盘股,0.20%,华泰柏瑞基金,2012-05-28,沪深300指数,384766.51,9974,10074,12259,12201,9796,4222.58,沪深300,000300.SH
3,有色金属ETF,512400,2.279,9798,10003,行业，资源，有色金属,0.60%,南方基金,2017-09-01,有色金属指数,239938.16,10630,11827,22126,19949,21145,205.91,金属指数,CN6052
4,日经ETF,513520,1.983,10051,10000,跨境，日本,0.25%,华夏基金,2019-06-25,日经225指数,59212.67,10542,11054,13916,18429,15639,17.49,日经225,N225.GI
5,自由现金流ETF,159201,1.391,10036,10027,策略，现金流,0.20%,华夏基金,2025-02-27,自由现金流指数,90927.02,10708,11449,14108,10000,10000,85.96,自由现金流,980092
6,创业板ETF易方达,159915,3.225,10059,10016,宽基，中小盘,0.20%,易方达基金,2011-12-09,创业板指,466895.34,9960,10122,15007,13659,11634,1004.46,创业板指,399006.SZ
7,恒生科技指数ETF,513180,0.643,10272,10000,跨境，香港，科技,0.65%,华夏基金,2021-05-25,恒生科技指数,650091.93,9095,8784,8181,11712,10000,489.48,恒生科技指数,HSTECH.HI
8,光伏ETF,515790,1.127,10018,10013,主题，光伏，新兴产业,0.60%,华泰柏瑞基金,2020-12-18,光伏产业指数,63972.92,10302,11715,15292,7789,10397,112.53,光伏产业,931151.CSI
9,科创50ETF,588000,1.491,10061,10000,宽基，中小盘，科创板,0.20%,华夏基金,2020-11-16,科创50指数,378998.56,9887,10522,13056,14160,10883,760.22,科创50,000688.SH
10,中韩半导体ETF,513310,4.132,10081,10000,跨境，韩国,0.95%,华泰柏瑞基金,2022-12-22,中韩半导体指数,717671.83,12100,16034,26675,39352,10000,36.71,中韩半导体,931790.CSI
11,通信ETF,515880,1.084,9909,10016,行业，TMT，通信,0.60%,国泰基金,2019-09-06,通信设备指数,118800.58,10576,10558,24289,33560,31789,136.38,通信设备,931160.CSI
12,中证500ETF,510500,8.421,10060,9992,宽基，中小盘,0.20%,南方基金,2013-03-15,中证500指数,484402.63,10248,11181,14273,13685,14118,1446.9,中证500,000905.SH
13,化工ETF,159870,0.961,10191,10011,行业，化工,0.60%,鹏华基金,2021-03-03,细分化工指数,200874.13,11033,11663,16233,11820,10223,169.57,细分化工,000813.CSI
14,中概互联网ETF易方达,513050,1.263,10336,10000,跨境，中概股,0.80%,易方达基金,2017-01-18,中国互联网50指数,369856.18,8882,8609,8517,11738,5687,398.59,中国互联网50,H30533.CSI
15,酒ETF,512690,0.51,10139,9999,行业，食品饮料，酒,0.60%,鹏华基金,2019-05-06,中证酒指数,86839.0,9027,9515,8615,5478,5922,188.77,中证酒指数,399987
16,创业板50ETF华安,159949,1.514,10020,9991,宽基，中小盘,0.60%,华安基金,2016-07-22,创业板50指数,146498.57,9895,9947,15705,14392,12471,306.53,创业板50,399673.SZ
17,证券ETF,512880,1.131,10125,10000,行业，金融，证券,0.60%,国泰基金,2016-08-08,证券公司指数,194372.16,9480,9339,10171,12161,10348,570.29,证券公司,399975.SZ
18,煤炭ETF,515220,1.237,9880,9991,行业，煤炭，资源,0.60%,国泰基金,2020-03-02,中证煤炭指数,135725.78,10918,12033,13120,11981,21457,86.4,中证煤炭,399998.SZ
19,恒生科技ETF,513130,0.63,10294,10000,跨境，香港，科技,0.25%,华泰柏瑞基金,2021-06-01,恒生科技指数,796693.4,9104,8774,8192,11496,10000,425.06,恒生科技指数,HSTECH.HI
20,红利低波50ETF,515450,1.432,10063,10000,策略，低波动，红利,0.60%,南方基金,2020-02-26,标普中国A股大盘红利低波50指数,16240.61,10070,10221,10895,14563,17137,150.39,红利低波,h30269.CSI
21,传媒ETF,512980,1.081,10056,9995,行业，TMT，传媒,0.60%,广发基金,2018-01-19,中证传媒指数,59506.8,9192,10832,12869,15421,12614,26.43,中证传媒,399971.SZ
22,港股创新药ETF,513120,1.199,10381,10000,跨境，香港，医药,0.60%,广发基金,2022-07-12,港股创新药港币指数,418188.03,9569,10042,14156,12026,10000,234.03,创新药,980086
23,医疗ETF,512170,0.342,10240,10039,行业，医药,0.60%,华宝基金,2019-06-17,中证医疗指数,75746.33,9500,10059,9913,6654,4436,252.63,中证医疗,399989.SZ
24,稀有金属ETF,562800,1.111,9867,10003,主题，稀有金属,0.60%,嘉实基金,2021-09-27,CS稀金属指数,111037.4,11088,11946,21489,15452,10000,37.13,CS稀金属,930632.CSI
25,游戏ETF,159869,1.411,10014,10003,主题，游戏,0.60%,华夏基金,2021-03-05,动漫游戏指数,70158.0,9216,9799,11798,14995,13779,126.11,动漫游戏,930901.CSI
26,消费ETF,159928,0.773,10225,9984,行业，消费，必选消费,0.60%,汇添富基金,2013-09-16,中证消费指数,48038.44,9567,9748,9797,7124,6196,208.92,中证消费,000932.SH
27,军工ETF,512660,1.523,10099,10013,行业，军工,0.60%,国泰基金,2016-08-08,中证军工指数,99255.21,10389,11092,14588,12962,13301,106.52,中证军工,399967.SZ
28,有色ETF大成,159980,2.093,9995,10000,商品，有色金属,0.70%,大成基金,2019-12-24,上期有色金属指数,140135.69,10185,10486,12392,13348,16677,46.97,金属指数,CN6052
29,纳指ETF,159941,1.342,9993,10000,跨境，美国,1.00%,广发基金,2015-07-13,纳斯达克100指数,68650.42,9817,9498,11700,20489,21431,297.75,纳斯达克100,NDX.GI
30,价值ETF易方达,159263,1.228,10033,9984,策略，价值,0.60%,易方达基金,2025-07-08,价值100指数,10812.69,10595,11143,10000,10000,10000,12.91,价值100,980081
31,科创芯片ETF,588200,2.565,10012,9999,行业，半导体，芯片，科创板,0.60%,嘉实基金,2022-10-26,科创芯片指数,283743.79,9996,10952,15508,22189,10000,396.58,科创芯片,000685.SH
32,人工智能ETF易方达,159819,1.55,10013,9992,主题，新兴产业，人工智能,0.20%,易方达基金,2020-09-23,CS人工智能指数,61890.41,9974,10117,15063,18834,16649,217.96,CS人工智,930713.CSI
33,法国ETF华安,513080,1.859,9995,10000,跨境，法国,0.65%,华安基金,2020-06-12,法国CAC40指数,20464.54,10385,10385,11260,13184,16321,10.3,法国CAC40,FCHI.GI
34,德国ETF华安,513030,1.859,9968,10000,跨境，德国,1.00%,华安基金,2014-09-05,德国DAX指数,22214.3,9915,9931,11065,16250,16466,17.73,德国DAX,GDAXI.GI
35,恒生ETF,159920,1.534,10172,10000,跨境，香港,0.75%,华夏基金,2012-10-22,香港恒生指数,82244.13,9546,9878,10572,13270,10092,137.89,恒生指数,HSI.HI
36,上证50ETF,510050,3.068,10007,9992,宽基，大盘股,0.20%,华夏基金,2005-02-23,上证50指数,234885.09,9780,9881,11676,11879,9120,1759.22,上证50,000016.SH
37,机器人ETF,562500,1.025,10049,10007,主题，新兴产业，机器人,0.60%,华夏基金,2021-12-29,机器人指数,108983.87,9809,10059,10567,12592,10000,264.65,机器人,H30590.CSI
38,红利ETF华泰柏瑞,510880,3.285,9982,10003,策略，红利,0.60%,华泰柏瑞基金,2007-01-18,红利指数,74561.01,10475,10801,11444,12866,15160,192.65,红利指数,000015
39,金融科技ETF,159851,0.808,10267,10009,主题，金融科技,0.60%,华宝基金,2021-03-19,金融科技指数,51866.27,9608,9528,10446,14263,10000,100.84,金融科技,930986.CSI
40,卫星ETF,159206,1.805,9978,9997,主题，卫星,0.60%,永赢基金,2025-03-14,卫星通信指数,173914.52,9678,10674,10000,10000,10000,66.59,卫星通信,980018
41,稀土ETF,516780,2.076,9924,10022,主题，稀土,0.60%,华泰柏瑞基金,2021-03-08,稀土产业指数,31952.85,11113,11775,19312,18005,10000,25.97,稀土产业,930598.CSI
42,中证红利质量ETF,159209,1.268,10016,10017,策略，红利，价值,0.20%,招商基金,2025-03-25,中证红利质量指数,10982.28,9984,10725,10000,10000,10000,6.85,红利质量,931468.CSI
43,芯片ETF,159995,1.853,9989,10000,行业，半导体，芯片,0.60%,华夏基金,2020-02-10,国证芯片指数,72815.91,9909,10699,13880,17498,15053,251.97,国证芯片,980017.CNI
44,银行ETF,512800,0.784,10013,10003,行业，金融，银行,0.60%,华宝基金,2017-08-03,中证银行指数,84822.34,9899,9526,10391,14559,12376,127.94,中证银行,399986.SZ
45,大宗商品ETF,510170,1.566,9905,9992,行业，资源,0.70%,国联安基金,2011-01-25,上证商品指数,8299.2,11138,12568,18402,17556,22979,3.22,上证商品,000066
46,中证红利ETF,515080,1.652,10018,10006,策略，红利,0.30%,招商基金,2019-12-27,中证红利指数,27884.37,10299,10658,11527,12701,15810,86.81,中证红利,000922.CSI
47,科创创业ETF,159781,0.92,9978,9988,宽基，中小盘,0.20%,易方达基金,2021-07-05,科创创业50指数,24167.52,10055,10033,15780,14935,10000,118.96,科创创业50,931643.CSI
48,中证1000ETF,512100,3.3,10104,9995,宽基，中小盘,0.20%,南方基金,2016-11-04,中证1000指数,274979.46,10210,10851,13061,12174,13531,789.96,中证1000,000852.SH
49,通信ETF华夏,515050,2.384,9950,10002,主题，新兴产业，5G,0.60%,华夏基金,2019-10-16,5G通信指数,29154.53,10535,10475,20393,26548,21135,78.03,5G通信,931079.CSI
50,红利ETF易方达,515180,1.461,10007,9997,策略，红利,0.20%,易方达基金,2019-12-20,中证红利指数,32092.66,10296,10649,11542,12807,15634,118.05,中证红利,000922.CSI
51,成长ETF易方达,159259,1.098,9919,10001,策略，成长,0.60%,易方达基金,2025-08-28,成长100指数,10864.96,10262,10378,10000,10000,10000,8.61,成长100,980080
52,钢铁ETF,515210,1.616,10050,10014,行业，钢铁,0.60%,国泰基金,2020-03-02,中证钢铁指数,29175.45,10738,11137,13328,12617,13112,39.8,中证钢铁,930606.CSI
53,新能源ETF,516160,3.048,9990,10017,主题，新能源，新兴产业,0.20%,南方基金,2021-02-04,中证新能指数,22300.2,10304,10661,15472,9292,10943,68.15,中证新能,399808.SZ
54,化工ETF,516020,1.021,10190,10013,行业，化工,0.60%,华宝基金,2021-03-08,细分化工指数,45640.29,11014,11669,16336,12169,10000,37.93,细分化工,000813.CSI
55,日经225ETF华安,513880,1.829,9973,10000,跨境，日本,0.25%,华安基金,2019-06-25,日经225指数,26172.73,10439,10893,14005,17637,14894,19.93,日经225,N225.GI
56,机器人ETF易方达,159530,1.48,10109,10010,主题，新兴产业，机器人,0.60%,易方达基金,2024-01-18,机器人100指数,63049.25,9642,9332,10393,10000,10000,152.67,机器人,H30590.CSI
57,中证A500ETF,159338,1.24,10016,9996,宽基，中小盘,0.20%,国泰基金,2024-10-15,中证A500指数,694542.28,10065,10385,12930,10000,10000,373.59,中证A50,930050.CSI
58,日经225ETF易方达,513000,1.973,10005,10000,跨境，日本,0.25%,易方达基金,2019-06-25,日经225指数,17425.24,10467,10961,14083,18151,15414,16.28,日经225,N225.GI
59,恒生科技ETF易方达,513010,0.66,10296,10000,跨境，香港，科技,0.25%,易方达基金,2021-05-25,恒生科技指数,198393.81,9066,8812,8209,11807,10000,270.25,恒生科技指数,HSTECH.HI
60,券商ETF,512000,0.54,10112,9991,行业，金融，证券,0.60%,华宝基金,2016-09-14,证券公司指数,99869.92,9474,9326,10160,12121,10325,397.72,证券公司,399975.SZ
61,中证2000增强ETF招商,159552,2.206,10166,10018,宽基，中小盘,0.60%,招商基金,2024-06-28,中证2000指数,6993.11,10171,10872,14815,10000,10000,5.42,中证2000,932000.CSI
62,中证2000ETF,563300,1.522,10126,9995,宽基，中小盘,0.60%,华泰柏瑞基金,2023-09-14,中证2000指数,59930.53,10333,11126,13614,10000,10000,26.75,中证2000,932000.CSI
63,国防ETF,512670,1.024,10079,10008,行业，军工,0.40%,鹏华基金,2019-08-01,中证国防指数,22629.33,10250,11327,14587,11179,11204,37.27,中证国防指数,399973
64,资源ETF博时,510410,2.215,9719,9937,行业，资源,0.60%,博时基金,2012-05-11,上证资源指数,9464.99,10927,12170,19111,19602,26464,6.64,上证资源,000068
65,红利低波ETF易方达,563020,1.21,10050,10003,策略，红利,0.20%,易方达基金,2023-12-14,红利低波指数,17676.42,10075,10151,10963,10000,10000,47.17,红利低波,h30269.CSI
66,恒生医疗ETF博时,513060,0.581,10301,10000,跨境，香港，医药，医疗保健,0.65%,博时基金,2021-03-29,恒生医疗保健指数,96324.85,9401,9966,12854,9587,10000,63.02,医疗保健,h30178.CSI
67,恒生互联网ETF,513330,0.45,10297,10000,跨境，香港，互联网,0.65%,华夏基金,2021-02-08,恒生互联网科技业指数,371700.5,8893,8721,8704,9956,4994,346.45,恒生互联网科技业,HSIII.HI
68,科技100ETF,515580,1.342,10045,10023,主题，新兴产业，科技,0.60%,华泰柏瑞基金,2019-10-28,科技100指数,1551.66,10252,10814,15408,16486,16296,5.15,科技100,931187.CSI
69,新能源车ETF,515030,1.821,9995,9996,主题，新兴产业，新能源车,0.60%,华夏基金,2020-03-04,CS新能车指数,18718.35,10072,9738,13600,10693,11879,44.28,CS新能车,399976.SZ
70,德国ETF嘉实,159561,1.353,10037,10000,跨境，德国,0.60%,嘉实基金,2024-04-30,德国DAX指数,18493.73,9905,9890,11191,10000,10000,20.36,德国DAX,GDAXI.GI
71,电池ETF,159755,1.064,9953,10006,主题，新兴产业，新能源车，电池,0.60%,广发基金,2021-06-24,新能电池指数,44119.54,10221,9944,14737,11928,10000,140.86,新能电池,980032.CNI
72,红利低波100ETF,515100,1.47,10075,10002,策略，低波动，红利,0.60%,景顺长城基金,2020-07-03,红利低波100指数,17436.43,10041,10280,10964,12647,16773,57.7,红利低波,h30269.CSI
73,航空航天ETF,159227,1.498,10101,10002,行业，航空航天,0.60%,华夏基金,2025-05-16,国证航天指数,51322.24,10149,10974,10000,10000,10000,21.64,国证航天,CN5082
74,农业ETF,159825,0.894,10371,10004,行业，农业,0.60%,富国基金,2020-12-29,中证农业指数,22249.94,10668,10732,13712,10022,8247,23.29,中证农业,000949.CSI
75,人工智能ETF,515980,0.908,10078,9998,主题，新兴产业，人工智能,0.60%,华富基金,2020-02-10,人工智能指数,42097.31,10067,10473,16360,19782,16661,70.45,人工智能,931071.CSI
76,旅游ETF,159766,0.738,10151,10016,主题，旅游,0.60%,富国基金,2021-07-23,中证旅游指数,39769.78,8817,9122,11114,6462,10000,56.94,中证旅游,930633.CSI
77,纳斯达克ETF,513300,2.215,10000,10000,跨境，美国,0.80%,华夏基金,2020-11-05,纳斯达克100指数,33766.74,9814,9589,11483,20605,21589,112.53,纳斯达克100,NDX.GI
78,医药ETF易方达,512010,0.372,10248,10016,行业，医药,0.60%,易方达基金,2013-10-28,300医药指数,52385.94,9687,9841,10449,7592,5068,169.74,300医药,000913.SH
79,食品饮料ETF,515170,0.527,10174,10008,行业，食品饮料,0.60%,华夏基金,2021-01-13,细分食品指数,12021.34,9262,9617,9262,6530,6171,56.64,细分食品,000815.CSI
80,化工50ETF,516120,1.044,10195,10014,行业，化工,0.60%,富国基金,2021-03-09,细分化工指数,38664.7,11001,11665,16519,12297,10000,15.81,细分化工,000813.CSI
81,创新药ETF,159992,0.801,10309,10003,行业，医药,0.55%,银华基金,2020-04-10,CS创新药指数,57271.19,9604,9639,11203,8266,5911,124.21,CS创新药,931152.CSI
82,计算机ETF,159998,1.052,10115,10010,行业，计算机,0.60%,天弘基金,2020-04-13,CS计算机指数,11179.58,9906,10531,10447,10970,9859,23.61,CS计算机,930651.CSI
83,创业板人工智能ETF华宝,159363,1.089,9945,9984,主题，新兴产业，人工智能,0.60%,华宝基金,2024-12-16,创业板人工智能指数,70627.02,10111,11011,20374,10000,10000,38.08,人工智能,931071.CSI
84,房地产ETF,512200,1.476,10103,10000,行业，金融，房地产,0.60%,南方基金,2017-09-25,房地产指数,18183.61,9413,9847,10336,7300,6203,46.79,地产指数,399241
85,港股通央企红利ETF华安,513920,1.727,10076,10000,跨境，香港，央企,0.60%,华安基金,2024-01-05,恒生港股通中国央企红利指数,45233.51,10219,10853,13006,10000,10000,62.39,红利指数,000015
86,纳指ETF易方达,159696,1.655,10006,10000,跨境，美国,0.60%,易方达基金,2023-08-25,纳斯达克100指数,4294.03,9724,9539,11941,10000,10000,39.7,纳斯达克100,NDX.GI
87,纳指ETF富国,513870,1.695,10030,10000,跨境，美国,0.60%,富国基金,2023-11-02,纳斯达克100指数,7542.68,9832,9620,11928,10000,10000,20.2,纳斯达克100,NDX.GI
88,养殖ETF,159865,0.65,10400,9997,行业，畜牧养殖,0.60%,国泰基金,2021-03-08,中证畜牧指数,20871.98,10350,10301,11754,7927,10000,59.49,中证畜牧,930707.CSI
89,储能电池ETF易方达,159566,2.22,10091,10014,主题，新兴产业，新能源,0.60%,易方达基金,2024-02-08,新能源电池指数,31236.62,10632,10607,15891,10000,10000,38.9,新能源电池,980027
90,港股通创新药ETF,159570,1.521,10475,10000,跨境，香港，医药,0.60%,汇添富基金,2024-01-22,港股通创新药指数,210474.62,9633,9902,13568,10000,10000,214.88,创新药,980086
91,恒生科技ETF大成,159740,0.633,10309,10000,跨境，香港，科技,0.60%,大成基金,2021-05-27,恒生科技指数,245055.47,9134,8804,8210,11572,10000,189.75,恒生科技指数,HSTECH.HI
92,创业板成长ETF,159967,0.616,10016,10023,策略，动量，成长,0.60%,华夏基金,2019-07-15,创成长指数,23261.96,10115,9686,13538,10676,9778,31.06,创成长,399296.SZ
93,粮食ETF,159698,1.185,10313,10014,行业，农业,0.60%,鹏华基金,2023-08-18,国证粮食指数,15024.3,10993,11383,13795,10000,10000,1.25,国证粮食,399365
94,云计算ETF易方达,516510,1.779,10085,9990,主题，TMT，互联网,0.20%,易方达基金,2021-04-07,云计算指数,15039.43,9916,10520,13653,17790,10000,17.44,云计算,930851.CSI
95,科创50ETF易方达,588080,1.444,10056,9995,宽基，中小盘，科创板,0.20%,易方达基金,2020-11-16,科创50指数,138235.63,9884,10525,13124,14142,10713,705.97,科创50,000688.SH
96,汽车ETF,516110,1.345,10060,10008,行业，汽车,0.60%,国泰基金,2021-05-07,800汽车指数,3437.88,9789,9392,10220,12785,10000,5.92,汽车指数,CN6055
97,纳指100ETF博时,513390,1.992,10015,10000,跨境，美国,0.65%,博时基金,2023-05-08,纳斯达克100指数,4243.18,9803,9454,11808,10000,10000,35.61,纳斯达克100,NDX.GI
98,智能驾驶ETF,516520,1.276,10063,10027,主题，智能汽车,0.60%,华泰柏瑞基金,2021-03-01,CS智汽车指数,6100.31,9808,9922,10723,13720,13168,6.45,CS智汽车,930721.CSI
99,稀土ETF嘉实,516150,2.142,9912,10006,主题，稀土,0.60%,嘉实基金,2021-03-17,稀土产业指数,81351.79,11110,11737,19159,17486,10000,77.71,稀土产业,930598.CSI
100,工业有色ETF万家,560860,1.958,9766,10009,行业，资源，有色金属,0.60%,万家基金,2023-03-13,工业有色指数,85799.13,10866,12322,23477,10000,10000,87.6,有色指数,CN6051
101,科创200ETF,588230,1.747,10092,9994,宽基，中小盘，科创板,0.20%,华泰柏瑞基金,2024-12-24,科创200指数,20026.02,10092,11486,15853,10000,10000,5.25,科创200,000699
102,软件ETF,515230,0.891,10206,10011,主题，新兴产业，软件,0.60%,国泰基金,2021-03-02,软件指数,22313.04,9560,9944,9706,9429,9349,31.83,软件指数,h30202.CSI
103,A500ETF基金,512050,1.232,10016,9994,宽基，中小盘,0.20%,华夏基金,2024-11-15,中证A500指数,1010938.86,10074,10370,12914,10000,10000,420.34,中证A50,930050.CSI
104,中药ETF,159647,0.96,10116,9991,行业，医药,0.60%,鹏华基金,2022-07-28,中证中药指数,2455.8,9677,9897,10127,8262,10000,13.93,中证中药,930641.CSI
105,石油ETF鹏华,159697,1.596,9797,9995,行业，石油，天然气,0.60%,鹏华基金,2023-05-04,国证油气指数,170035.03,12091,13457,16608,10000,10000,2.07,国证油气,399439
106,证券保险ETF易方达,512070,0.853,10083,9997,行业，金融,0.60%,易方达基金,2014-07-18,300非银指数,62375.08,9322,9232,11092,13184,10352,176.13,300非银,h30035.CSI
107,医疗设备ETF,159873,0.592,10225,10024,行业，医药，医疗保健,0.60%,天弘基金,2021-03-29,医疗保健指数,1264.43,9689,10332,10017,7400,10000,1.09,医疗保健,h30178.CSI
108,红利质量ETF,159758,1.086,10093,9993,策略，红利，价值,0.20%,华夏基金,2021-12-28,红利质量指数,14910.94,9846,10605,12134,11231,10000,12.75,红利质量,931468.CSI
109,消费电子ETF,159732,1.153,10009,9997,主题，消费电子,0.60%,华夏基金,2021-08-23,消费电子指数,13336.95,10186,10397,13028,16832,10000,30.2,消费电子,931494.CSI
110,能源ETF,159930,1.807,9821,9982,行业，资源，能源,0.60%,汇添富基金,2013-09-16,中证能源指数,43369.74,11466,12351,14872,15893,25814,4.27,中证能源,000928
111,科技ETF,515000,1.017,9961,10012,主题，新兴产业，科技,0.60%,华宝基金,2019-08-16,科技龙头指数,11755.87,10000,10211,14803,16016,11524,33.46,科技龙头,931087.CSI
112,红利ETF工银,159905,1.876,10086,9997,策略，红利,0.60%,工银瑞信基金,2011-01-11,深证红利指数,5205.45,9853,10393,11481,10693,7901,19.03,深证红利,399324.SZ
113,上证指数ETF,510210,1.041,10058,10002,宽基，综合,0.60%,富国基金,2011-03-25,上证指数,60982.34,10136,10494,12836,13287,13124,58.79,上证指数,000001.SH
114,科创50ETF工银,588050,1.453,10048,9994,宽基，中小盘，科创板,0.35%,工银瑞信基金,2020-11-16,科创50指数,30866.41,9871,10499,13043,13998,10676,113.84,科创50,000688.SH
115,有色ETF银华,159871,1.146,9770,9993,行业，资源，有色金属,0.20%,银华基金,2021-03-31,中证有色指数,10489.35,10606,11790,21401,19556,10000,4.1,中证有色,930708.CSI
116,A500ETF易方达,159361,1.262,10016,9995,宽基，中小盘,0.20%,易方达基金,2024-11-19,中证A500指数,271766.15,10064,10378,12957,10000,10000,338.63,中证A50,930050.CSI
117,建材ETF,159745,0.718,10127,10010,行业，建筑材料,0.60%,国泰基金,2021-06-18,建筑材料指数,19794.62,9690,11029,12316,8349,10000,6.1,建筑材料,931009.CSI
118,电池ETF汇添富,159796,0.954,10053,9994,主题，新兴产业，新能源车,0.20%,汇添富基金,2022-03-14,CS电池指数,25678.91,10160,9715,15362,11029,10000,93.91,CS电池,931719.CSI
119,碳中和ETF,159790,0.804,10037,10025,主题，低碳,0.60%,华夏基金,2021-08-06,内地低碳指数,2619.96,10190,10496,14130,10113,10000,17.7,内地低碳,000977.CSI
120,AI人工智能ETF,512930,2.214,10014,10013,主题，新兴产业，人工智能,0.20%,平安基金,2019-08-23,CS人工智能指数,15195.92,9982,10123,15041,18636,17321,26.8,CS人工智,930713.CSI
121,港股央企红利ETF,513910,1.68,10078,10000,跨境，香港，央企,0.60%,华夏基金,2024-03-04,港股通央企红利指数,56413.17,10282,10626,12408,10000,10000,49.92,红利指数,000015
122,港股通科技30ETF工银,159636,0.58,10302,9962,跨境，香港，科技,0.52%,工银瑞信基金,2022-07-20,港股通科技指数,83361.27,9020,8909,8418,12705,10000,348.18,港股通科技,987008
123,科创100ETF鹏华,588220,1.493,10088,9998,宽基，中小盘，科创板,0.20%,鹏华基金,2023-09-15,科创100指数,64357.41,9914,10811,14411,10000,10000,90.15,科创100,000698
124,自由现金流ETF易方达,159222,1.477,10020,10018,策略，现金流,0.20%,易方达基金,2025-04-17,自由现金流指数,14290.35,10711,11458,10000,10000,10000,5.03,自由现金流,980092
125,恒生科技ETF汇添富,513260,1.232,10310,10000,跨境，香港，科技,0.20%,汇添富基金,2022-09-13,恒生科技指数,36226.04,9046,8844,8197,11846,10000,71.75,恒生科技指数,HSTECH.HI
126,科技成长ETF兴业,563560,0.968,10062,10022,策略，成长,0.60%,兴业基金,2026-02-27,科技50策略指数,1147.27,10000,10000,10000,10000,10000,3.5,科技50,970080
127,有色ETF汇添富,159652,1.963,9781,9999,行业，资源，有色金属,0.60%,汇添富基金,2023-02-08,细分有色指数,40272.29,10548,11726,21715,20216,10000,41.63,细分有色,000811.CSI
128,石油ETF景顺,159588,1.489,9841,9940,行业，石油，天然气,0.60%,景顺长城基金,2024-05-31,国证油气指数,104596.59,12008,13307,16526,10000,10000,1.23,国证油气,399439
129,红利国企ETF国泰,510720,1.025,9942,9985,策略，红利,0.60%,国泰基金,2024-05-15,上国红利指数,18605.57,10426,10752,11386,10000,10000,28.01,红利指数,000015
130,红利低波100ETF博时,159307,1.091,10074,10007,策略，低波动，红利,0.20%,博时基金,2024-04-25,红利低波100指数,6146.21,10074,10283,11122,10000,10000,27.38,红利低波,h30269.CSI
131,纳指ETF汇添富,159660,1.938,10016,10000,跨境，美国,0.65%,汇添富基金,2023-04-17,纳斯达克100指数,5483.81,9788,9295,11868,10000,10000,37.72,纳斯达克100,NDX.GI
132,沪深300增强ETF招商,561990,1.047,10038,10007,宽基，大盘股,0.60%,招商基金,2021-12-10,沪深300指数,2356.0,9859,9952,12217,12332,10000,6.33,沪深300,000300.SH
133,物流ETF富国,516910,1.23,10041,9979,行业，物流,0.60%,富国基金,2021-06-11,CS物流指数,4543.32,10742,11111,12178,11243,10000,0.66,CS物流,930716.CSI
134,港股创新药ETF,159567,0.735,10426,10000,跨境，香港，医药,0.60%,银华基金,2024-01-11,港股通创新药指数,111545.36,9620,9826,13231,10000,10000,78.97,创新药,980086
135,军工ETF易方达,512560,0.939,10064,9989,行业，军工,0.60%,易方达基金,2017-07-28,中证军工指数,10139.01,10387,11047,14787,13414,14480,6.64,中证军工,399967.SZ
136,云计算50ETF新华,560660,2.137,10099,9979,行业，TMT，互联网,0.60%,新华基金,2021-08-25,云计算50指数,1025.82,10085,10574,16960,23535,10000,1.19,云计算,930851.CSI
137,粮食ETF广发,159587,1.526,10353,10019,行业，农业,0.60%,广发基金,2024-08-21,国证粮食指数,4399.52,11026,11388,13797,10000,10000,0.14,国证粮食,399365
138,A500ETF博时,159357,1.296,10023,9982,宽基，中小盘,0.20%,博时基金,2024-11-28,中证A500指数,2843.74,10062,10385,12920,10000,10000,20.63,中证A50,930050.CSI
139,沪深300ETF易方达,510310,4.518,10033,9999,宽基，大盘股,0.20%,易方达基金,2013-03-25,沪深300指数,76846.45,9989,10083,12274,12313,10044,3002.2,沪深300,000300.SH
140,中证2000ETF,159531,1.537,10172,10018,宽基，中小盘,0.20%,南方基金,2023-09-18,中证2000指数,16524.54,10260,11018,13772,10000,10000,7.25,中证2000,932000.CSI
141,生物医药ETF,512290,0.965,10277,10014,行业，医药，生物科技,0.60%,国泰基金,2019-05-20,CS生医指数,8858.66,9536,9650,10388,7720,5205,32.43,CS生医,930726.CSI
142,证券ETF,159841,1.025,10128,10002,行业，金融，证券,0.60%,天弘基金,2021-02-09,证券公司指数,34383.78,9482,9327,10159,12073,10633,102.53,证券公司,399975.SZ
143,医疗ETF易方达,159847,0.402,10203,10014,行业，医药,0.20%,易方达基金,2021-07-19,中证医疗指数,1956.1,9481,10050,10025,6895,10000,11.83,中证医疗,399989.SZ
144,家电ETF,159996,1.527,10066,10014,行业，家电,0.60%,国泰基金,2020-03-16,家用电器指数,8384.79,9658,9757,11122,13513,11362,14.51,家用电器,930697.CSI
145,军工ETF广发,512680,1.56,10084,10013,行业，军工,0.60%,广发基金,2016-10-14,中证军工指数,18867.86,10400,11048,14566,12935,13322,59.72,中证军工,399967.SZ
146,银行ETF南方,512700,1.534,10020,10006,行业，金融，银行,0.60%,南方基金,2017-07-26,中证银行指数,13036.61,9910,9504,10430,14600,12565,14.12,中证银行,399986.SZ
147,A500ETF南方,159352,1.288,10008,9992,宽基，中小盘,0.20%,南方基金,2024-10-15,中证A500指数,739972.66,10055,10362,12902,10000,10000,480.14,中证A50,930050.CSI
148,金融ETF,510230,1.322,10030,10001,行业，金融,0.60%,国泰基金,2011-05-23,180金融指数,3881.55,9636,9330,10669,14195,11548,46.83,180金融,000018.SH
149,深证100ETF易方达,159901,3.462,10079,10019,宽基，大盘股,0.20%,易方达基金,2006-04-24,深证100指数,23656.87,10035,10029,12772,11478,9051,70.61,深证100,399330.SZ
150,沪深300ETF嘉实,159919,4.865,10039,9993,宽基，大盘股,0.20%,嘉实基金,2012-05-28,沪深300指数,89813.48,9975,10079,12256,12200,9830,1971.24,沪深300,000300.SH
151,300红利低波ETF嘉实,515300,1.344,10030,9990,策略，红利，低波动,0.60%,嘉实基金,2019-09-19,300红利LV指数,20937.58,10307,10362,10542,13780,15144,46.7,300红利LV,930740.CSI
152,半导体ETF,159813,1.187,9983,9998,行业，半导体，芯片,0.60%,鹏华基金,2020-05-25,国证芯片指数,30939.67,9908,10703,13851,17430,15551,60.84,国证芯片,980017.CNI
153,沪深300ETF华夏,510330,4.861,10027,10001,宽基，大盘股,0.20%,华夏基金,2013-01-16,沪深300指数,44806.57,9984,10079,12264,12228,9841,2286.56,沪深300,000300.SH
154,计算机ETF,512720,1.262,10104,9994,行业，计算机,0.60%,国泰基金,2019-08-16,CS计算机指数,3327.96,9906,10552,10525,11061,10037,8.01,CS计算机,930651.CSI
155,恒生中国企业ETF易方达,510900,1.08,10198,9980,跨境，香港，中概股,0.75%,易方达基金,2012-10-22,恒生中国企业指数,56560.13,9449,9482,9583,13107,8802,78.7,恒生中国企业指数,HSCEI.HI
156,环保ETF,512580,1.342,10000,9971,主题，环保，新兴产业,0.60%,广发基金,2017-02-28,中证环保指数,2075.25,10182,10493,13921,9606,11221,12.73,中证环保,000827.SH
157,科创芯片设计ETF,588780,0.875,10104,9993,主题，芯片设计,0.60%,国联安基金,2024-12-26,科创芯片设计指数,15129.84,10198,11506,15257,10000,10000,7.39,科创芯片,000685.SH
158,纳斯达克100ETF,513110,2.038,10010,10000,跨境，美国,1.00%,华泰柏瑞基金,2023-03-20,纳斯达克100指数,10947.25,9803,9586,11801,10000,10000,41.62,纳斯达克100,NDX.GI
159,现金流ETF嘉实,159221,1.388,10043,10023,策略，现金流,0.20%,嘉实基金,2025-05-13,自由现金流指数,3382.37,10710,11448,10000,10000,10000,9.13,自由现金流,980092
160,创业板人工智能ETF华夏,159381,2.062,9985,9998,主题，新兴产业，人工智能,0.20%,华夏基金,2025-03-24,创业板人工智能指数,38459.29,10118,11021,10000,10000,10000,19.22,人工智能,931071.CSI
161,通信设备ETF,159583,1.377,9928,10010,行业，TMT，通信,0.60%,富国基金,2024-07-08,通信设备主题指数,27375.78,10464,10552,23538,10000,10000,12.78,通信设备,931160.CSI
162,科创芯片ETF南方,588890,2.888,10021,10008,行业，半导体，芯片，科创板,0.60%,南方基金,2024-04-23,科创芯片指数,10275.59,10017,10968,15577,10000,10000,18.94,科创芯片,000685.SH
163,中证500ETF嘉实,159922,3.356,10063,10011,宽基，中小盘,0.20%,嘉实基金,2013-03-15,中证500指数,69157.08,10272,11213,14341,5144,4777,156.15,中证500,000905.SH
164,医疗器械ETF,159883,0.498,10184,9982,行业，医药，医疗器械,0.60%,永赢基金,2021-04-30,医疗器械指数,18581.87,9708,10226,10061,7378,10000,36.77,医疗器械,h30217.CSI
165,传媒ETF,159805,1.509,10073,10009,行业，TMT，传媒,0.60%,鹏华基金,2020-04-17,中证传媒指数,7901.11,9212,10771,12875,15686,13908,1.46,中证传媒,399971.SZ
166,创业板人工智能ETF南方,159382,2.331,9996,9997,主题，新兴产业，人工智能,0.60%,南方基金,2025-05-09,创业板人工智能指数,13342.88,10113,11026,10000,10000,10000,18.71,人工智能,931071.CSI
167,纳指ETF嘉实,159501,1.671,9988,10000,跨境，美国,0.60%,嘉实基金,2023-06-14,纳斯达克100指数,10311.47,9681,9372,11851,10000,10000,100.72,纳斯达克100,NDX.GI
168,恒生创新药ETF,520500,1.507,10415,10000,跨境，香港，创新药,0.60%,华泰柏瑞基金,2024-12-27,恒生创新药指数,55518.82,9629,9824,12804,10000,10000,19.38,创新药,980086
169,通用航空ETF南方,159283,1.263,10040,10010,行业，航空航天,0.20%,南方基金,2025-08-21,通用航空指数,2408.6,10032,10740,10000,10000,10000,1.34,通用航空,980076
170,中国A50ETF汇添富,560050,1.028,10000,10000,MSCI,0.60%,汇添富基金,2021-11-08,MSCI中国A50互联互通人民币指数,8060.34,9885,9726,12583,12326,10000,40.4,MSCI中国A50互联互通,746059.MI
171,央企红利ETF融通,159336,1.301,9954,9984,策略，红利，央企,0.35%,融通基金,2025-02-12,诚通央企红利指数,3510.19,11025,11544,13457,10000,10000,6.83,红利指数,000015
172,科创芯片设计ETF易方达,589030,1.013,10130,10000,主题，芯片设计,0.60%,易方达基金,2026-01-19,科创芯片设计指数,6385.44,10191,10000,10000,10000,10000,2.99,科创芯片,000685.SH
173,智能制造ETF,516800,0.849,10000,9994,主题，智能制造,0.60%,华宝基金,2021-02-19,智能制造指数,1118.39,10071,10733,13727,16729,17724,2.14,智能制造,930850.CSI
174,创业板50ETF景顺,159682,1.471,10020,9998,宽基，中小盘,0.20%,景顺长城基金,2023-01-03,创业板50指数,27702.34,9906,9959,15699,14478,10000,51.17,创业板50,399673.SZ
175,旅游ETF,562510,0.746,10136,10008,主题，旅游,0.60%,华夏基金,2021-12-30,中证旅游指数,4676.43,8828,9142,11168,6515,10000,6.89,中证旅游,930633.CSI
176,通信ETF银华,159994,0.978,9980,10033,主题，新兴产业，5G,0.60%,银华基金,2020-02-28,5G通信指数,9388.36,10550,10516,20375,26397,20987,28.44,5G通信,931079.CSI
177,云计算ETF华夏,516630,1.729,10099,9996,主题，TMT，互联网,0.20%,华夏基金,2021-09-03,云计算指数,3804.84,9920,10549,13744,17465,10000,4.1,云计算,930851.CSI
178,稀土ETF易方达,159715,1.418,9923,10013,主题，稀土,0.20%,易方达基金,2021-09-10,稀土产业指数,14212.86,11122,11768,19559,18781,10000,5.4,稀土产业,930598.CSI
179,机器人50ETF,159559,1.328,10084,10002,主题，新兴产业，机器人,0.60%,景顺长城基金,2023-12-12,机器人100指数,15276.59,9637,9319,10327,10000,10000,31.93,机器人,H30590.CSI
180,恒生ETF,513660,3.099,10141,10000,跨境，香港,0.60%,华夏基金,2015-01-26,香港恒生指数,24050.27,9530,9939,10657,13779,11192,46.37,恒生指数,HSI.HI
181,上证指数ETF国泰,510760,1.348,10052,10020,宽基，综合,0.20%,国泰基金,2020-09-09,上证指数,19268.32,10204,10458,12765,14184,15261,20.34,上证指数,000001.SH
182,中证A500ETF摩根,560530,1.25,10024,9988,宽基，中小盘,0.20%,摩根资产管理,2024-10-15,中证A500指数,10047.94,10056,10381,12907,10000,10000,45.86,中证A50,930050.CSI
183,游戏ETF,516010,1.402,10050,10007,主题，游戏,0.60%,国泰基金,2021-03-05,动漫游戏指数,12272.72,9212,9811,11791,14931,13813,32.5,动漫游戏,930901.CSI
184,港股通互联网ETF易方达,513040,1.207,10272,10000,跨境，香港，互联网,0.20%,易方达基金,2023-06-12,HKC互联网指数,76980.71,8734,8746,8178,10000,10000,79.08,HKC互联网,931637.CSI
185,科创新能源ETF,588830,1.634,10031,10000,行业，新能源，科创板,0.60%,鹏华基金,2024-08-09,科创新能指数,19320.87,9873,11176,14086,10000,10000,11.55,科创新能,000692
186,证券ETF鹏华,159993,1.212,10108,10002,行业，金融，证券,0.60%,鹏华基金,2020-02-07,证券龙头指数,8156.87,9447,9238,10306,12132,10726,40.9,证券龙头,399437
187,光伏ETF国泰,159864,0.733,10041,9999,主题，光伏，新兴产业,0.60%,国泰基金,2021-08-10,光伏产业指数,3365.35,10266,11709,15464,8163,10000,5.51,光伏产业,931151.CSI
188,云计算ETF,159890,1.807,10146,10023,主题，TMT，互联网,0.25%,招商基金,2021-04-02,云计算指数,4879.79,9929,10561,13710,17698,10000,3.4,云计算,930851.CSI
189,人工智能50ETF,517800,1.001,10101,9985,主题，新兴产业，人工智能,0.60%,方正富邦基金,2021-08-26,SHS人工智能50人民币指数,1797.73,9515,9506,12178,13807,10000,3.06,人工智能,931071.CSI
190,中证A50ETF工银,561230,1.291,10047,9994,宽基，大盘,0.20%,工银瑞信基金,2024-03-18,中证A50指数,3747.15,9825,9893,11775,10000,10000,8.91,中证A50,930050.CSI
191,日经ETF工银,159866,1.465,10048,10000,跨境，日本,0.25%,工银瑞信基金,2021-04-08,日经225指数,20667.89,10434,10925,13565,17931,10000,8.75,日经225,N225.GI
192,A50ETF,159601,1.043,10010,10000,MSCI,0.60%,华夏基金,2021-11-08,MSCI中国A50互联互通人民币指数,7950.4,9914,9748,12704,12461,10000,20.13,MSCI中国A50互联互通,746059.MI
193,1000ETF,159629,3.386,10114,10008,宽基，中小盘,0.20%,富国基金,2022-08-03,中证1000指数,29720.67,10223,10860,13033,12179,10000,132.77,中证1000,000852.SH
194,化工ETF嘉实,159129,1.255,10178,10014,行业，化工,0.20%,嘉实基金,2025-11-14,细分化工指数,14194.89,11009,11696,10000,10000,10000,9.28,细分化工,000813.CSI
195,港股通央企红利ETF南方,520660,1.115,10027,10000,跨境，香港，央企,0.60%,南方基金,2024-07-10,国新港股通央企红利指数,35868.88,10569,11039,12636,10000,10000,27.95,红利指数,000015
196,人工智能AIETF,515070,1.97,10015,10012,主题，新兴产业，人工智能,0.60%,华夏基金,2019-12-24,CS人工智能指数,23938.48,9985,10123,15027,18726,16610,88.78,CS人工智,930713.CSI
197,绿电ETF,562550,1.227,10166,10019,主题，新兴产业，新能源,0.60%,华夏基金,2023-03-27,绿色电力指数,6157.46,11064,11278,12161,10000,10000,2.84,绿色电力,399438.SZ
198,中国A50ETF易方达,563000,1.046,10010,10000,MSCI,0.20%,易方达基金,2021-11-08,MSCI中国A50互联互通人民币指数,5146.85,9905,9757,12725,12527,10000,26.17,MSCI中国A50互联互通,746059.MI
199,科创综指ETF易方达,589800,1.407,10079,10000,宽基，中小盘，科创板,0.20%,易方达基金,2025-03-04,科创综指,10288.68,10036,10798,14183,10000,10000,16.01,科创综指,000680.SH
200,锂电池ETF工银,159840,0.853,9965,10017,主题，新兴产业，新能源车，电池,0.52%,工银瑞信基金,2021-08-20,新能电池指数,8036.7,10228,9977,14732,12014,10000,19.31,新能电池,980032.CNI
201,稀土ETF,159713,1.546,9942,10021,主题，稀土,0.60%,富国基金,2021-08-16,稀土产业指数,27956.15,11122,11766,19373,18146,10000,10.79,稀土产业,930598.CSI
202,光伏ETF易方达,562970,1.288,10031,10008,主题，光伏，新兴产业,0.60%,易方达基金,2024-11-07,光伏产业指数,2881.04,10304,11741,15574,10000,10000,6.08,光伏产业,931151.CSI
203,稀有金属ETF,159608,1.28,9907,10026,主题，稀有金属,0.60%,广发基金,2021-12-23,CS稀金属指数,68862.66,11101,11996,21695,16162,10000,8.63,CS稀金属,930632.CSI
204,创业板人工智能ETF华安,159279,1.243,9984,10007,主题，新兴产业，人工智能,0.60%,华安基金,2025-09-29,创业板人工智能指数,4486.29,10106,10971,10000,10000,10000,1.81,人工智能,931071.CSI
205,畜牧ETF,159867,0.659,10394,10000,行业，畜牧业,0.60%,鹏华基金,2021-03-05,中证畜牧指数,2507.84,10345,10297,11747,8056,6697,8.5,中证畜牧,930707.CSI
206,红利价值ETF易方达,563700,1.082,10037,9984,策略，红利，价值,0.20%,易方达基金,2025-04-28,红利价值指数,1393.68,10179,10324,10000,10000,10000,5.8,红利价值,980103
207,科创创业50ETF,159783,0.924,9989,9995,宽基，中小盘,0.20%,华夏基金,2021-07-05,科创创业50指数,19609.33,10043,10000,15688,14831,10000,50.03,科创创业50,931643.CSI
208,港股红利低波ETF景顺,159569,1.466,10048,10000,跨境，香港，策略，红利,0.58%,景顺长城基金,2024-08-22,港股通红利低波指数,19155.7,10464,11064,13535,10000,10000,4.66,红利低波,h30269.CSI
209,港股通互联网ETF,159792,0.737,10279,9988,跨境，香港，互联网,0.60%,富国基金,2021-09-28,HKC互联网指数,375422.09,8701,8743,8037,10681,10000,794.79,HKC互联网,931637.CSI
210,电子ETF,159997,1.689,10018,10015,行业，电子,0.60%,天弘基金,2020-03-20,CS电子指数,6682.22,10169,10356,14017,17686,13632,13.3,CS电子,930652.CSI
211,港股通红利ETF广发,520900,1.136,10018,10000,跨境，香港，央企,0.60%,广发基金,2024-07-10,国新港股通央企红利指数,25952.65,10587,11029,12584,10000,10000,19.44,红利指数,000015
212,上证180ETF华安,510180,4.152,10012,9993,宽基，大盘股,0.20%,华安基金,2006-05-18,上证180指数,7803.91,10036,10259,12324,12781,10719,232.67,上证180,000010.SH
213,A500ETF嘉实,159351,1.246,10032,10007,宽基，中小盘,0.20%,嘉实基金,2024-10-15,中证A500指数,128022.69,10081,10395,12908,10000,10000,105.89,中证A50,930050.CSI
214,纳斯达克100ETF,159659,1.912,9995,10000,跨境，美国,0.65%,招商基金,2023-04-25,纳斯达克100指数,19052.18,9810,9637,11846,10000,10000,79.26,纳斯达克100,NDX.GI
215,港股央企红利ETF景顺,520990,1.093,10055,10000,跨境，香港，央企,0.60%,景顺长城基金,2024-07-10,国新港股通央企红利指数,71874.92,10550,10985,12594,10000,10000,56.81,红利指数,000015
216,光伏ETF银华,516880,0.949,10021,9999,主题，光伏，新兴产业,0.60%,银华基金,2021-01-18,光伏产业指数,4716.97,10293,11673,15282,7941,10452,19.98,光伏产业,931151.CSI
217,科创100ETF华夏,588800,1.472,10089,10000,宽基，中小盘，科创板,0.20%,华夏基金,2023-11-16,科创100指数,37011.18,9926,10863,14705,10000,10000,26.04,科创100,000698
218,科技ETF易方达,159807,0.741,9987,9977,主题，新兴产业，科技,0.20%,易方达基金,2020-03-30,科技50指数,3336.96,10193,10292,13955,12581,9494,8.92,科技50,970080
219,科创综指ETF华夏,589000,1.405,10079,9986,宽基，中小盘，科创板,0.20%,华夏基金,2025-03-05,科创综指,16470.39,10007,10758,14036,10000,10000,14.04,科创综指,000680.SH
220,800ETF,515800,1.299,10031,9999,宽基，综合,0.20%,汇添富基金,2019-12-16,中证800指数,9415.83,10070,10375,12773,12686,11038,53.7,中证800,000906.SH
221,专精特新ETF,563210,1.684,10084,9980,跨境，香港，新兴产业,0.60%,富国基金,2025-01-24,恒生A股专精特新企业指数,1564.66,9953,11167,15578,10000,10000,0.996,专精特新,399267
222,深证成指ETF大成,159943,1.544,10065,10000,宽基，综合,0.60%,大成基金,2015-07-08,深证成指,2245.61,10145,10468,13497,12760,11164,1.94,深证成指,399001.SZ
223,中证500ETF华夏,512500,4.665,10060,9995,宽基，中小盘,0.20%,华夏基金,2015-05-29,中证500指数,43116.38,10264,11198,14314,13713,14094,180.85,中证500,000905.SH
224,中证500ETF鹏华,159982,2.186,10060,9988,宽基，中小盘,0.20%,鹏华基金,2020-02-20,中证500指数,2556.96,10244,11199,14448,14429,15945,3.01,中证500,000905.SH
225,科创100ETF,588190,1.487,10061,9981,宽基，中小盘，科创板,0.20%,银华基金,2023-09-15,科创100指数,31812.57,9907,10775,14423,10000,10000,38.17,科创100,000698
226,材料ETF,159944,1.749,9971,9990,行业，原材料,0.60%,广发基金,2015-07-06,全指材料,2089.65,10737,11810,18547,15644,16194,0.439,全指材料,000987.SH
227,稀有金属ETF工银,159671,1.557,9873,9994,主题，稀有金属,0.52%,工银瑞信基金,2023-03-10,CS稀金属指数,9078.27,11058,11959,21685,10000,10000,6.15,CS稀金属,930632.CSI
228,科创板新能源ETF,588960,1.481,10027,10007,行业，新能源，科创板,0.60%,富国基金,2025-02-19,科创新能指数,2447.91,9873,11194,14282,10000,10000,1.95,科创新能,000692
229,家电ETF广发,560880,1.601,10101,9997,行业，家电,0.60%,广发基金,2022-04-12,家用电器指数,1291.9,9662,9828,11227,13886,10000,6.41,家用电器,930697.CSI
230,中药ETF,560080,1.034,10127,9991,行业，医药,0.60%,汇添富基金,2022-10-17,中证中药指数,5954.4,9691,9885,10108,8135,10000,24.52,中证中药,930641.CSI
231,创业板人工智能ETF大成,159242,1.838,9995,10007,主题，新兴产业，人工智能,0.60%,大成基金,2025-07-24,创业板人工智能指数,5287.94,10138,10986,10000,10000,10000,2.72,人工智能,931071.CSI
232,中证500ETF华泰柏瑞,512510,2.439,10037,9990,宽基，中小盘,0.20%,华泰柏瑞基金,2015-06-12,中证500指数,1851.23,10265,11214,14509,14406,15756,9.28,中证500,000905.SH
233,银行ETF汇添富,512820,1.374,10015,10001,行业，金融，银行,0.60%,汇添富基金,2018-11-23,中证银行指数,9561.29,9899,9496,10393,14543,12348,8.96,中证银行,399986.SZ
234,深成ETF南方,159903,1.718,10070,10004,宽基，综合,0.60%,南方基金,2010-02-02,深证成指,3834.65,10148,10469,13401,12369,10406,4.99,深证成指,399001.SZ
235,创新药ETF天弘,517380,0.734,10353,10008,行业，医药,0.60%,天弘基金,2021-08-09,恒生沪深港创新药精选50指数,2448.41,9495,9986,13107,10592,10000,13.52,创新药,980086
236,央企红利ETF华泰柏瑞,561580,1.314,10008,9995,策略，红利，央企,0.60%,华泰柏瑞基金,2023-05-30,央企红利指数,10730.47,10570,10724,12264,10000,10000,10.21,红利指数,000015
237,港股汽车ETF,520600,1.193,10223,10000,跨境，香港，汽车,0.60%,广发基金,2024-12-30,港股通汽车指数,22673.97,9975,9668,10145,10000,10000,5.45,汽车指数,CN6055
238,中证A500ETF富国,563220,1.287,10023,9992,宽基，中小盘,0.20%,富国基金,2024-10-15,中证A500指数,53509.43,10063,10379,12922,10000,10000,142.51,中证A50,930050.CSI
239,创业大盘ETF西部利得,159814,0.651,10000,9995,宽基，中小盘,0.60%,西部利得基金,2020-07-17,创业大盘指数,2700.86,9924,9616,15537,14000,11604,5.2,创业大盘,399293
240,科创创业50ETF招商,588300,0.948,9979,9982,宽基，中小盘,0.60%,招商基金,2021-07-05,科创创业50指数,4359.77,10021,10011,15669,15000,10000,19.03,科创创业50,931643.CSI
241,云计算ETF华泰柏瑞,159738,1.905,10133,9991,跨境，香港，云计算,0.60%,华泰柏瑞基金,2022-01-28,SHS云计算人民币指数,2637.85,9789,9979,14643,19864,10000,3.24,SHS云计算,931470.CSI
242,创新药ETF东财,159622,1.043,10337,10048,行业，医药,0.55%,东财基金,2023-05-09,SHS创新药人民币指数,4022.18,9586,9905,12431,10000,10000,7.43,SHS创新药,931409.CSI
243,生物科技ETF易方达,159837,0.482,10299,10026,主题，新兴产业，生物科技,0.20%,易方达基金,2021-01-27,中证生科指数,2895.82,9526,9757,10570,7863,5490,12.24,中证生科,930743.CSI
244,证券ETF南方,512900,1.119,10108,10008,行业，金融，证券,0.60%,南方基金,2017-03-31,证券公司指数,4809.33,9483,9341,10182,12110,10332,73.97,证券公司,399975.SZ
245,消费ETF华夏,510630,0.9,10216,10009,行业，消费，必选消费,0.60%,华夏基金,2013-05-08,上证消费指数,2370.06,9434,9815,9825,7229,6642,4.95,上证消费,000036
246,科创芯片ETF华安,588290,2.513,10012,9996,行业，半导体，芯片，科创板,0.20%,华安基金,2022-10-26,科创芯片指数,21282.71,10000,10945,15560,22160,10000,35.82,科创芯片,000685.SH
247,芯片ETF富国,516640,1.144,10009,9992,行业，半导体，芯片,0.60%,富国基金,2021-08-27,芯片产业指数,9297.06,10018,10772,13867,17519,10000,13.94,芯片产业,H30007.CSI
248,恒生互联网ETF万家,159202,0.968,10309,10000,跨境，香港，互联网,0.60%,万家基金,2025-04-16,恒生互联网科技业指数,16649.01,8955,8800,10000,10000,10000,12.4,恒生互联网科技业,HSIII.HI
249,港股金融ETF,513140,1.627,10093,10000,跨境，香港,0.60%,华泰柏瑞基金,2023-01-12,H300金融服务港币指数,13077.43,9622,10087,12382,16157,10000,1.57,300金融,000914
250,通用航空ETF基金,561660,1.343,10067,10031,行业，航空航天,0.60%,平安基金,2025-11-10,通用航空指数,1367.1,10045,10744,10000,10000,10000,0.63,通用航空,980076
251,纳斯达克ETF华安,159632,2.009,9990,10000,跨境，美国,0.80%,华安基金,2022-08-03,纳斯达克100指数,28492.7,9795,9576,11599,20375,10000,97.8,纳斯达克100,NDX.GI
252,智能汽车ETF,515250,1.144,10044,10001,主题，智能汽车,0.60%,富国基金,2021-01-08,CS智汽车指数,4032.67,9795,9905,10622,13119,11818,6.8,CS智汽车,930721.CSI
253,有色金属ETF基金,516650,2.218,9780,9998,行业，资源，有色金属,0.60%,华夏基金,2021-06-21,细分有色指数,69313.08,10557,11717,21724,20182,10000,65.95,细分有色,000811.CSI
254,中证2000ETF易方达,159532,1.735,10164,10017,宽基，中小盘,0.20%,易方达基金,2023-09-21,中证2000指数,3077.61,10254,11072,14543,10000,10000,1.03,中证2000,932000.CSI
255,银行ETF易方达,516310,1.294,10023,9999,行业，金融，银行,0.20%,易方达基金,2021-05-28,中证银行指数,9988.3,9878,9515,10486,14977,10000,26.3,中证银行,399986.SZ
256,港股通医疗ETF富国,159506,1.313,10379,10000,跨境，香港，医疗,0.60%,富国基金,2023-07-03,恒生港股通医疗保健指数,41372.71,9514,10069,13480,10000,10000,31.38,医疗保健,h30178.CSI
257,港股互联网ETF博时,159568,1.445,10270,10000,跨境，香港，互联网,0.60%,博时基金,2024-02-27,HKC互联网指数,12322.15,8736,8736,8113,10000,10000,4.24,HKC互联网,931637.CSI
258,科创创新药ETF国泰,589720,0.832,10335,10004,行业，医药，科创板,0.60%,国泰基金,2025-08-01,科创新药指数,12947.03,9476,9391,10000,10000,10000,7.01,创新药,980086
259,基建ETF银华,516950,1.245,10147,10006,主题，基建,0.60%,银华基金,2021-05-14,中证基建指数,1818.85,10281,10696,11614,11308,10000,2.83,中证基建,930608.CSI
260,游戏ETF华泰柏瑞,516770,1.466,10069,10007,主题，游戏,0.36%,华泰柏瑞基金,2021-03-05,动漫游戏指数,2223.26,9226,9819,11880,15464,14472,3.85,动漫游戏,930901.CSI
261,电池ETF富国,561160,0.815,10037,9987,主题，新兴产业，新能源车,0.60%,富国基金,2022-07-08,CS电池指数,6256.81,10162,9737,15465,11257,10000,22.07,CS电池,931719.CSI
262,医药ETF广发,159938,0.64,10207,10001,行业，医药,0.60%,广发基金,2015-01-08,全指医药,4642.05,9653,9861,10475,7720,6238,61.13,全指医药,000991.SH
263,生物医药ETF汇添富,159839,0.35,10264,10022,主题，新兴产业，生物科技,0.60%,汇添富基金,2021-02-22,生物医药指数,3352.7,9537,9804,10386,6206,4079,7.18,生物医药,399441
264,港股通50ETF,513550,1.131,10153,9999,跨境，香港,0.60%,华泰柏瑞基金,2021-01-13,港股通50港元指数,15571.97,9488,9775,10531,13676,10660,26.8,港股通50,987003
265,创新药ETF,515120,0.601,10309,10019,行业，医药,0.60%,广发基金,2021-01-04,CS创新药指数,30481.45,9616,9616,11276,8359,5980,71.61,CS创新药,931152.CSI
266,教育ETF博时,513360,0.536,9981,10000,跨境，教育,0.65%,博时基金,2021-06-17,中国教育人民币指数,11397.04,9658,10000,9554,9069,10000,3.7,中国教育,931456.CSI
267,机器人ETF嘉实,159526,1.498,10060,10005,主题，新兴产业，机器人,0.60%,嘉实基金,2024-04-24,机器人指数,2981.83,9804,10060,10542,10000,10000,9.68,机器人,H30590.CSI
268,A50ETF基金,159592,1.303,10031,9991,宽基，大盘,0.20%,银华基金,2024-03-18,中证A50指数,4166.08,9797,9864,11613,10000,10000,17.45,中证A50,930050.CSI
269,国证2000ETF万家,159628,1.475,10117,10024,宽基，中小盘,0.60%,万家基金,2022-07-18,国证2000指数,9511.45,10222,10967,13458,14008,10000,7.13,国证2000,399303.SZ
270,航空航天ETF万家,159208,1.533,10099,10007,行业，航空航天,0.60%,万家基金,2025-05-12,国证航天指数,4490.36,10166,10966,10000,10000,10000,1.61,国证航天,CN5082
271,电子ETF,515260,0.673,10000,10000,行业，电子,0.60%,华宝基金,2020-07-31,电子50指数,4103.34,10182,10244,14079,18165,13555,5.88,电子50,931461.CSI
272,证券ETF华夏,515010,1.296,10117,10001,行业，金融，证券,0.20%,华夏基金,2019-11-07,证券公司指数,2672.56,9467,9344,10221,12250,10845,19.62,证券公司,399975.SZ
273,A500ETF华泰柏瑞,563360,1.31,10031,10004,宽基，中小盘,0.20%,华泰柏瑞基金,2024-10-15,中证A500指数,737304.01,10077,10380,12919,10000,10000,494.5,中证A50,930050.CSI
274,中证1000增强ETF工银,561280,1.742,10175,10060,宽基，中小盘,0.60%,工银瑞信基金,2023-09-22,中证1000指数,1548.82,10369,11304,15148,10000,10000,0.85,中证1000,000852.SH
275,深成长ETF大成,159906,1.577,9956,10007,策略，成长,0.60%,大成基金,2011-02-23,成长40指数,1022.02,10824,10816,16866,14194,10168,1.76,成长40,399326
276,港股通红利低波ETF华宝,159220,0.628,10080,10000,跨境，策略，低波动,0.60%,华宝基金,2025-05-12,标普港股通低波红利指数,8667.67,9990,10677,10000,10000,10000,3.08,红利指数,000015
277,稀有金属ETF华富,561800,1.186,9883,10018,主题，稀有金属,0.60%,华富基金,2021-08-24,CS稀金属指数,4929.99,11084,11992,21486,15186,10000,1.64,CS稀金属,930632.CSI
278,创业板200ETF华夏,159573,1.542,10111,10000,宽基，中小盘,0.20%,华夏基金,2023-12-25,创业200指数,1414.17,10052,10483,12170,10000,10000,1.26,创业200,399019
279,科创100ETF博时,588030,1.5,10087,10000,宽基，中小盘，科创板,0.20%,博时基金,2023-09-15,科创100指数,27750.18,9927,10799,14493,10000,10000,67.45,科创100,000698
280,创业板软件ETF富国,159107,0.937,10130,9995,主题，软件，中小盘,0.60%,富国基金,2025-09-22,创业软件指数,6294.85,9680,10576,10000,10000,10000,2.38,软件指数,h30202.CSI
281,央企创新ETF博时,515900,1.834,10038,10027,主题，央企,0.20%,博时基金,2019-12-18,央企创新指数,1126.28,10858,11349,12544,13426,16826,36.99,央企创新,000861.CSI
282,红利低波ETF华夏,159547,1.227,10057,10011,策略，红利,0.20%,华夏基金,2024-02-06,红利低波指数,8742.18,10082,10191,11015,10000,10000,8.97,红利低波,h30269.CSI
283,科创机械ETF嘉实,588850,1.541,9994,9995,行业，机械,0.60%,嘉实基金,2025-04-24,科创机械指数,1189.77,9847,11215,10000,10000,10000,0.645,科创机械,000693
284,云计算ETF鹏华,159739,1.695,10144,10033,主题，TMT，互联网,0.60%,鹏华基金,2021-11-17,云计算指数,2170.6,9941,10554,13582,17656,10000,2.83,云计算,930851.CSI
285,电池ETF景顺,159757,0.882,9932,10005,主题，新兴产业，新能源车，电池,0.60%,景顺长城基金,2021-08-09,新能电池指数,2219.86,10232,9966,14799,12216,10000,3.85,新能电池,980032.CNI
286,科创成长ETF易方达,588020,2.077,9981,9992,策略，成长，科创板,0.60%,易方达基金,2023-08-31,科创成长指数,10227.03,10262,10485,16900,10000,10000,7.87,创成长,399296.SZ
287,光伏ETF汇添富,516290,0.699,10014,9999,主题，光伏，新兴产业,0.20%,汇添富基金,2021-08-23,光伏产业指数,3645.46,10279,11669,15262,7845,10000,6.39,光伏产业,931151.CSI
288,创50ETF,159681,1.492,10047,10026,宽基，中小盘,0.20%,鹏华基金,2023-01-03,创业板50指数,13743.59,9933,9987,15738,14599,10000,21.43,创业板50,399673.SZ
289,化工ETF国泰,516220,1.062,10202,10018,行业，化工,0.60%,国泰基金,2021-03-10,细分化工指数,5521.46,11017,11683,16313,12027,10000,3.14,细分化工,000813.CSI
290,创业板软件ETF华夏,159256,1.038,10117,9987,主题，软件，中小盘,0.60%,华夏基金,2025-08-04,创业软件指数,11956.23,9647,10538,10000,10000,10000,1.1,软件指数,h30202.CSI
291,化工ETF天弘,159133,1.293,10205,10018,行业，化工,0.60%,天弘基金,2025-11-25,细分化工指数,12679.45,11014,11701,10000,10000,10000,5.5,细分化工,000813.CSI
292,科创新能源ETF易方达,589960,1.131,10035,10006,行业，新能源，科创板,0.60%,易方达基金,2025-09-22,科创新能指数,4332.19,9895,11254,10000,10000,10000,2.49,科创新能,000692
293,医药ETF,159929,1.321,10224,9996,行业，医药,0.60%,汇添富基金,2013-09-16,中证医药指数,8333.23,9663,9903,10459,7771,5674,18.66,中证医药,000933.SH
294,科创50增强ETF,588460,1.692,9976,9947,宽基，中小盘，科创板,1.10%,鹏华基金,2023-01-05,科创50指数,4363.3,9982,10562,13892,15872,10000,11.32,科创50,000688.SH
295,红利ETF万家,159581,1.111,10018,10006,策略，红利,0.60%,万家基金,2024-03-15,中证红利指数,2662.6,10316,10610,11486,10000,10000,11.2,中证红利,000922.CSI
296,中证A100ETF,512910,1.301,10031,10002,宽基，大盘股,0.60%,广发基金,2019-07-01,中证100指数,1338.79,10000,10172,12643,12674,9847,2.5,中证100,000903.SH
297,房地产ETF华夏,515060,0.704,10086,10000,行业，金融，房地产,0.60%,华夏基金,2020-01-03,房地产指数,3991.93,9412,9846,10399,7594,7265,5.43,地产指数,399241
298,创业板人工智能ETF富国,159246,1.028,9981,9998,主题，新兴产业，人工智能,0.45%,富国基金,2025-07-10,创业板人工智能指数,10696.11,10108,11030,10000,10000,10000,25.13,人工智能,931071.CSI
299,创业板ETF广发,159952,1.956,10031,9999,宽基，中小盘,0.20%,广发基金,2017-05-19,创业板指,46304.19,9899,10077,14886,13697,11727,137.26,创业板指,399006.SZ
300,中证500增强ETF南方,560100,1.392,10065,9998,宽基，中小盘,0.55%,南方基金,2022-02-16,中证500指数,1419.41,10273,11145,14175,14219,10000,0.838,中证500,000905.SH
301,创新药ETF易方达,516080,0.634,10326,10022,行业，医药,0.20%,易方达基金,2021-02-23,CS创新药指数,2665.93,9635,9650,11444,8955,6959,9.62,CS创新药,931152.CSI
302,芯片ETF易方达,516350,1.292,10016,10001,行业，半导体，芯片,0.20%,易方达基金,2021-12-23,芯片产业指数,6537.36,10023,10812,14120,18405,10000,13.04,芯片产业,H30007.CSI
303,纳斯达克100ETF大成,159513,1.486,10007,10000,跨境，美国,1.00%,大成基金,2023-07-28,纳斯达克100指数,10458.37,9802,9562,11701,10000,10000,59.73,纳斯达克100,NDX.GI
304,芯片ETF广发,159801,0.918,9989,9995,行业，半导体，芯片,0.60%,广发基金,2020-02-18,国证芯片指数,11701.42,9914,10712,13805,17452,15049,44.92,国证芯片,980017.CNI
305,储能电池ETF广发,159305,1.962,10077,9997,主题，新兴产业，新能源,0.60%,广发基金,2024-09-27,新能源电池指数,1857.9,10583,10594,15609,10000,10000,2.47,新能源电池,980027
306,中证1000ETF广发,560010,3.386,10089,9997,宽基，中小盘,0.20%,广发基金,2022-08-04,中证1000指数,58657.35,10220,10821,13033,12162,10000,358.72,中证1000,000852.SH
307,红利低波ETF,159525,1.11,10063,10017,策略，红利,0.20%,富国基金,2024-05-20,红利低波指数,2195.12,10073,10146,10882,10000,10000,3.39,红利低波,h30269.CSI
308,恒生科技ETF广发,513380,0.581,10283,10000,跨境，香港，科技,0.60%,广发基金,2022-05-12,恒生科技指数,46870.27,9078,8790,8081,11516,10000,119.03,恒生科技指数,HSTECH.HI
309,公用事业ETF,159301,1.029,10078,9999,行业，公用事业,0.60%,华夏基金,2024-07-22,全指公用,1749.57,10775,10912,11653,10000,10000,0.771,全指公用,000995.CSI
310,通用航空ETF,159378,1.473,10152,10015,行业，航空,0.60%,永赢基金,2025-01-10,通用航空指数,5860.11,10117,10658,12978,10000,10000,7.56,通用航空,980076
311,科创信息ETF嘉实,588100,2.064,10034,9987,行业，信息技术，科创板,0.60%,嘉实基金,2022-05-27,科创信息指数,1720.12,9833,10672,14254,19583,10000,2.11,科创信息,000682
312,A500ETF招商,560610,1.214,10025,10004,宽基，中小盘,0.20%,招商基金,2024-10-15,中证A500指数,11852.27,10075,10401,12947,10000,10000,56.64,中证A50,930050.CSI
313,机器人ETF银华,562360,1.106,10036,9996,主题，新兴产业，机器人,0.60%,银华基金,2021-10-15,机器人指数,2232.69,9788,10027,10493,12235,10000,5.05,机器人,H30590.CSI
314,地产ETF,159707,0.61,10049,10010,行业，金融，房地产,0.60%,华宝基金,2021-11-12,800地产指数,4771.58,9173,9887,9621,6609,10000,3.23,地产指数,399241
315,中证500ETF易方达,510580,4.309,10042,9991,宽基，中小盘,0.20%,易方达基金,2015-09-14,中证500指数,7225.71,10252,11198,14455,14079,15000,29.09,中证500,000905.SH
316,银行ETF天弘,515290,1.407,10021,10010,行业，金融，银行,0.60%,天弘基金,2020-12-28,中证银行指数,4708.91,9846,9513,10461,14702,12529,55.32,中证银行,399986.SZ
317,生物医药ETF,159859,0.376,10273,10020,行业，医药，生物科技,0.60%,天弘基金,2021-07-07,生物医药指数,12460.1,9519,9792,10444,6309,10000,33.41,生物医药,399441
318,新能源车ETF,159806,0.795,10000,10006,主题，新兴产业，新能源车,0.60%,国泰基金,2020-03-20,CS新能车指数,1771.37,10089,9755,13683,10861,12218,9.8,CS新能车,399976.SZ
319,A500增强ETF工银,159249,1.324,10038,10000,宽基，中小盘,0.60%,工银瑞信基金,2025-07-02,中证A500指数,2222.77,10061,10458,10000,10000,10000,1.03,中证A50,930050.CSI
320,500增强ETF,561550,1.409,10028,9967,宽基，中小盘,0.80%,华泰柏瑞基金,2021-12-10,中证500指数,6931.06,10360,11025,14832,14958,10000,16.91,中证500,000905.SH
321,中证2000增强ETF银华,159555,1.81,10226,10088,宽基，中小盘,0.60%,银华基金,2023-12-12,中证2000指数,1069.87,10325,11016,14971,10000,10000,0.715,中证2000,932000.CSI
322,电池ETF,561910,0.814,10037,9995,主题，新兴产业，新能源车，电池,0.60%,招商基金,2021-08-12,CS电池指数,14260.03,10175,9714,15505,11513,10000,56.2,CS电池,931719.CSI
323,金融科技ETF博时,516860,1.374,10238,9996,主题，金融科技,0.60%,博时基金,2021-10-11,金融科技指数,7236.98,9595,9515,10385,13921,10000,21.52,金融科技,930986.CSI
324,通用航空ETF华夏,159230,1.36,10119,9993,行业，航空,0.60%,华夏基金,2025-05-30,通用航空指数,2379.83,10119,10642,10000,10000,10000,0.743,通用航空,980076
325,创业板人工智能ETF国泰,159388,0.894,10000,10015,主题，新兴产业，人工智能,0.60%,国泰基金,2025-04-07,创业板人工智能指数,12442.98,10125,11037,10000,10000,10000,5.72,人工智能,931071.CSI
326,科创100ETF国泰,588120,1.509,10094,10003,宽基，中小盘，科创板,0.20%,国泰基金,2023-09-15,科创100指数,8433.96,9934,10833,14552,10000,10000,10.49,科创100,000698
327,A500ETF汇添富,563880,1.276,10024,9987,宽基，中小盘,0.20%,汇添富基金,2024-11-25,中证A500指数,9173.32,10055,10349,12889,10000,10000,32.74,中证A50,930050.CSI
328,交通运输ETF,159666,1.056,10028,9979,主题，运输,0.60%,华夏基金,2023-02-13,运输指数,3015.37,10115,10333,11116,10383,10000,0.867,运输指数,399237
329,建材ETF,516750,0.783,10090,9980,行业，建筑材料,0.60%,富国基金,2021-11-05,建筑材料指数,1506.65,9655,11028,12254,8148,10000,0.858,建筑材料,931009.CSI
330,消费50ETF,515650,1.142,10169,10005,行业，消费,0.60%,富国基金,2019-11-11,CS消费50指数,7654.73,9446,9670,10115,8567,6718,33.38,CS消费50,931139.CSI
331,恒生科技ETF华安,513580,0.639,10306,10000,跨境，香港，科技,0.60%,华安基金,2021-05-27,恒生科技指数,17919.83,8777,8802,8140,11576,10000,51.94,恒生科技指数,HSTECH.HI
332,医药龙头ETF,515950,0.918,10268,9996,行业，医药,0.60%,富国基金,2020-04-01,医药50指数,1433.74,9776,9935,10787,8046,6236,4.58,医药50,931140.CSI
333,医疗器械ETF招商,159898,0.547,10205,9997,行业，医药，医疗器械,0.60%,招商基金,2021-06-04,医疗器械指数,3881.36,9733,10224,10263,7997,10000,4.52,医疗器械,h30217.CSI
334,工业软件ETF博时,159108,1.044,10038,9980,主题，新兴产业，软件,0.60%,博时基金,2025-11-24,工业软件指数,1036.83,9784,10471,10000,10000,10000,6.13,软件指数,h30202.CSI
335,上证指数ETF汇添富,510980,1.434,10063,10030,宽基，综合,0.60%,汇添富基金,2023-12-01,上证指数,4522.84,10113,10467,12702,10000,10000,3.94,上证指数,000001.SH
336,港股通创新药ETF万家,520700,1.482,10393,10000,跨境，香港，医疗,0.60%,万家基金,2024-10-14,港股通创新药指数,16546.32,9574,10061,14319,10000,10000,8.84,创新药,980086
337,消费ETF,510150,0.527,10135,9986,行业，消费,0.60%,招商基金,2011-02-25,消费80指数,4619.45,9377,9478,10174,8120,6642,17.92,消费80,000069
338,光伏ETF,159857,0.958,10010,10017,主题，光伏，新兴产业,0.60%,天弘基金,2021-02-24,光伏产业指数,23829.92,10290,11711,15353,7885,10961,22.06,光伏产业,931151.CSI
339,科创成长ETF,588110,2.023,9956,9981,策略，成长，科创板,0.60%,广发基金,2023-08-31,科创成长指数,2055.02,10269,10504,16844,10000,10000,3.5,创成长,399296.SZ
340,银行ETF华夏,515020,1.667,10024,10008,行业，金融，银行,0.20%,华夏基金,2019-12-03,中证银行指数,11001.08,9905,9520,10471,14831,13379,9.38,中证银行,399986.SZ
341,有色ETF鹏华,159880,2.315,9797,9994,行业，资源，有色金属,0.60%,鹏华基金,2021-03-25,国证有色指数,8822.81,10590,11884,22006,20379,10000,8.83,国证有色,399395
342,科创200ETF鹏华,588240,1.607,10126,10033,宽基，中小盘，科创板,0.20%,鹏华基金,2025-02-25,科创200指数,8408.52,10126,11479,15709,10000,10000,1.8,科创200,000699
343,A500红利低波ETF易方达,563510,1.028,10029,9990,策略，红利，低波动,0.20%,易方达基金,2025-12-01,A500红利低波指数,1976.4,10249,10363,10000,10000,10000,6.91,红利低波,h30269.CSI
344,港股创新药ETF景顺,513780,1.539,10399,10000,跨境，香港，医疗,0.60%,景顺长城基金,2024-10-25,港股通创新药指数,23875.15,9577,10072,14276,10000,10000,28.83,创新药,980086
345,半导体设备ETF,561980,2.237,9907,10013,行业，半导体，芯片,0.60%,招商基金,2023-09-01,中证半导指数,18343.09,9894,10976,16257,10000,10000,25.43,中证半导,931865.CSI
346,食品饮料ETF华宝,515710,0.561,10163,9989,行业，食品饮料,0.60%,华宝基金,2021-01-07,细分食品指数,3888.62,9273,9606,9288,6679,6441,15.06,细分食品,000815.CSI
347,创业板人工智能ETF招商,159243,1.105,10018,10026,主题，新兴产业，人工智能,0.20%,招商基金,2026-01-05,创业板人工智能指数,2569.86,10156,10000,10000,10000,10000,2.1,人工智能,931071.CSI
348,中证1000ETF,159845,3.396,10086,9990,宽基，中小盘,0.20%,华夏基金,2021-03-31,中证1000指数,238445.84,10195,10843,13046,12150,10000,499.08,中证1000,000852.SH
349,港股通科技ETF,159262,0.937,10218,10000,跨境，香港，科技,0.60%,广发基金,2025-07-07,恒生港股通科技主题指数,77056.07,8984,8873,10000,10000,10000,92.97,港股通科技,987008
350,港股互联网ETF,513770,0.453,10249,10011,跨境，香港，互联网,0.60%,华宝基金,2022-02-18,HKC互联网指数,73364.61,8712,8728,8097,10646,10000,123.43,HKC互联网,931637.CSI
351,港股通创新药ETF工银,159217,1.238,10483,10000,跨境，香港，医药,0.47%,工银瑞信基金,2025-04-03,港股通创新药指数,69599.73,9619,9896,10000,10000,10000,47.51,创新药,980086
352,港股通金融ETF,513190,1.718,10064,10000,跨境，香港，金融,0.60%,华夏基金,2023-10-11,港股通内地金融港元指数,51298.73,9429,9745,11632,10000,10000,25.39,中证香港银行投资指数,930792
353,港股通创新药ETF易方达,159316,1.233,10423,10000,跨境，香港，医疗,0.20%,易方达基金,2025-03-26,恒生港股通创新药指数,50484.46,9603,9809,10000,10000,10000,39.82,创新药,980086
354,上证50ETF易方达,510100,2.992,10010,9993,宽基，大盘股,0.20%,易方达基金,2019-10-09,上证50指数,48484.34,9794,9881,11703,12039,9725,47.6,上证50,000016.SH
355,A500ETF龙头,563800,1.235,10024,9996,宽基，中小盘,0.20%,广发基金,2024-11-18,中证A500指数,48249.87,10057,10378,12932,10000,10000,216.25,中证A50,930050.CSI
356,港股通科技ETF基金,159101,0.82,10289,10000,跨境，香港，科技,0.60%,华夏基金,2025-09-03,港股通科技指数,47903.61,9051,8855,10000,10000,10000,26.13,港股通科技,987008
357,石油ETF富国,159148,1.18,9825,9930,行业，石油，天然气,0.60%,富国基金,2026-02-11,国证油气指数,47218.87,10000,10000,10000,10000,10000,2.1,国证油气,399439
358,有色金属ETF天弘,159157,1.021,9789,10003,行业，资源，有色金属,0.60%,天弘基金,2026-02-06,工业有色指数,40676.24,10000,10000,10000,10000,10000,10.73,有色指数,CN6051
359,券商ETF,159842,1.074,10132,10002,行业，金融，证券,0.20%,银华基金,2021-03-19,证券公司指数,38029.84,9496,9331,10219,12067,10000,105.86,证券公司,399975.SZ
360,港股通创新药ETF,520880,0.488,10427,10000,跨境，香港，医药,0.60%,华宝基金,2025-07-07,恒生港股通创新药精选指数,37444.93,9644,9799,10000,10000,10000,21.0,创新药,980086
361,机器人ETF,159770,1.061,10057,10008,主题，新兴产业，机器人,0.60%,天弘基金,2021-11-08,机器人指数,32143.12,9806,10057,10568,12737,10000,110.78,机器人,H30590.CSI
362,恒生科技ETF博时,159742,0.649,10318,10000,跨境，香港，科技,0.65%,博时基金,2021-05-25,恒生科技指数,31587.73,9115,8794,8194,11652,10000,46.42,恒生科技指数,HSTECH.HI
363,恒生科技ETF天弘,520920,0.749,10288,10000,跨境，香港，科技,0.60%,天弘基金,2025-09-30,恒生科技指数,30067.65,9057,8679,10000,10000,10000,106.1,恒生科技指数,HSTECH.HI
364,科创50ETF广发,588060,0.899,10067,9990,宽基，中小盘，科创板,0.60%,广发基金,2021-07-29,科创50指数,24921.84,9857,10490,12991,13981,10000,83.73,科创50,000688.SH
365,恒生指数ETF南方,513600,2.871,10141,10000,跨境，香港,0.60%,南方基金,2015-01-26,香港恒生指数,22144.3,9519,9859,10532,13373,10690,24.71,恒生指数,HSI.HI
366,恒生科技ETF基金,159741,0.633,10293,10000,跨境，香港，科技,0.20%,嘉实基金,2021-06-03,恒生科技指数,21799.44,9121,8804,8157,11572,10000,8.78,恒生科技指数,HSTECH.HI
367,中证A500ETF景顺,159353,1.253,10024,9998,宽基，中小盘,0.20%,景顺长城基金,2024-10-15,中证A500指数,21803.55,10064,10398,12896,10000,10000,51.11,中证A50,930050.CSI
368,中证1000ETF易方达,159633,3.46,10055,9983,宽基，中小盘,0.20%,易方达基金,2022-08-04,中证1000指数,21725.06,10188,10881,13216,12446,10000,15.43,中证1000,000852.SH
369,科创50ETF华泰柏瑞,588090,1.454,10048,9989,宽基，中小盘，科创板,0.60%,华泰柏瑞基金,2020-11-16,科创50指数,21539.13,9871,10491,13029,13941,10575,49.68,科创50,000688.SH
370,创业板ETF天弘,159977,1.679,10024,10010,宽基，中小盘,0.20%,天弘基金,2019-09-27,创业板R指数,19718.69,9923,10078,14898,13628,11627,85.97,创业板R,399606
371,航天ETF华安,159267,1.276,10087,9989,行业，航空航天,0.60%,华安基金,2025-08-01,国证航天指数,18095.74,10127,10925,10000,10000,10000,6.71,国证航天,CN5082
372,恒生科技ETF南方,520570,0.808,10293,10000,跨境，香港，科技,0.20%,南方基金,2025-11-17,恒生科技指数,16596.84,9089,8773,10000,10000,10000,19.36,恒生科技指数,HSTECH.HI
373,创业板ETF华夏,159957,2.115,10033,10002,宽基，中小盘,0.20%,华夏基金,2018-01-04,创业板指,16387.58,9897,10076,14894,13716,12031,18.94,创业板指,399006.SZ
374,中证A50ETF大成,159595,1.323,10023,10001,宽基，大盘,0.20%,大成基金,2024-03-18,中证A50指数,15937.99,9815,9881,11615,10000,10000,24.56,中证A50,930050.CSI
375,科创芯片ETF汇添富,588750,1.71,10018,9998,行业，半导体，芯片，科创板,0.60%,汇添富基金,2024-12-26,科创芯片指数,15533.4,9994,10885,15475,10000,10000,53.0,科创芯片,000685.SH
376,恒生互联网ETF华安,159688,0.918,10338,10000,跨境，香港，互联网,0.65%,华安基金,2023-02-15,恒生互联网科技业指数,14952.76,8844,8810,8636,9892,10000,14.51,恒生互联网科技业,HSIII.HI
377,创业板新能源ETF国泰,159387,1.65,10079,10047,主题，新兴产业，新能源,0.60%,国泰基金,2025-06-10,创新能源指数,14431.07,9988,10185,10000,10000,10000,5.16,创新能源,399266
378,港股通汽车ETF,159323,1.232,10241,10000,跨境，香港，汽车,0.60%,华夏基金,2025-01-08,港股通汽车指数,13966.31,9984,9670,10132,10000,10000,1.47,汽车指数,CN6055
379,港股通央企红利ETF天弘,159281,1.04,10087,10000,跨境，香港，央企,0.60%,天弘基金,2025-09-02,港股通央企红利指数,13808.99,10277,10632,10000,10000,10000,3.5,红利指数,000015
380,航空航天ETF天弘,159241,1.528,10113,10001,行业，航空航天,0.60%,天弘基金,2025-05-29,国证航天指数,13746.16,10153,11001,10000,10000,10000,6.1,国证航天,CN5082
381,科创综指ETF鹏华,589680,1.384,10065,9990,宽基，中小盘，科创板,0.20%,鹏华基金,2025-03-05,科创综指,13469.91,10014,10729,13896,10000,10000,14.95,科创综指,000680.SH
382,中证A50指数ETF,159593,1.323,10038,9991,宽基，大盘,0.20%,平安基金,2024-03-12,中证A50指数,13080.08,9829,9866,11615,10000,10000,55.97,中证A50,930050.CSI
383,港股科技50ETF招商,159750,0.91,10388,10000,跨境，香港，科技,0.65%,招商基金,2022-02-14,港股科技港币指数,12922.52,9211,8948,8708,11221,10000,14.96,港股科技,987006
384,有色ETF华宝,159876,1.178,9792,10010,行业，资源，有色金属,0.60%,华宝基金,2021-03-24,中证有色指数,11948.78,10613,11827,21418,19471,10000,8.47,中证有色,930708.CSI
385,证券ETF汇添富,560090,1.213,10100,9999,行业，金融，证券,0.60%,汇添富基金,2023-03-15,证券公司指数,11214.24,9491,9324,10168,10000,10000,35.05,证券公司,399975.SZ
386,港股科技ETF天弘,159128,0.804,10281,10000,跨境，香港，科技,0.60%,天弘基金,2025-11-13,港股通科技指数,11096.59,9034,8845,10000,10000,10000,16.34,港股通科技,987008
387,创业板新能源ETF华夏,159368,1.488,10034,10024,主题，新兴产业，新能源,0.20%,华夏基金,2025-03-24,创新能源指数,10700.35,9953,10164,10000,10000,10000,6.76,创新能源,399266
388,沪深300ETF广发,510360,1.77,10023,9985,宽基，大盘股,0.60%,广发基金,2015-09-09,沪深300指数,10611.48,9966,10057,12207,12173,9927,38.56,沪深300,000300.SH
389,港股通创新药ETF南方,159297,0.769,10477,10000,跨境，香港，医药,0.20%,南方基金,2025-09-22,港股通创新药指数,10376.18,9637,9796,10000,10000,10000,14.3,创新药,980086
390,港股通恒生科技ETF华安,520840,0.828,10222,10000,跨境，香港，科技,0.60%,华安基金,2025-08-25,恒生港股通科技主题指数,10269.0,8990,8856,10000,10000,10000,10.86,港股通科技,987008
391,恒生科技ETF摩根,513890,0.97,10286,10000,跨境，香港，科技,0.65%,上投摩根基金,2022-01-21,恒生科技指数,9890.35,9108,8802,8227,12125,10000,8.72,恒生科技指数,HSTECH.HI
392,双创50ETF,588380,0.941,10000,10006,宽基，中小盘,0.60%,富国基金,2021-07-06,科创创业50指数,9639.73,10053,10000,15657,14937,10000,30.49,科创创业50,931643.CSI
393,A500ETF,159339,1.245,10008,9983,宽基，中小盘,0.20%,银华基金,2024-10-15,中证A500指数,9485.63,10040,10332,12875,10000,10000,32.72,中证A50,930050.CSI
394,科创创业50ETF南方,159780,0.92,10000,10000,宽基，中小盘,0.60%,南方基金,2021-07-05,科创创业50指数,9124.34,10066,10011,15593,14815,10000,36.7,科创创业50,931643.CSI
395,香港科技ETF南方,159747,1.238,10343,10000,跨境，香港，科技,0.65%,南方基金,2021-07-14,港股科技港币指数,9023.56,9164,8926,8645,11275,10000,5.01,港股科技,987006
396,军工ETF华宝,512810,0.88,10046,9985,行业，军工,0.60%,华宝基金,2016-08-22,中证军工指数,8865.84,10377,11055,14630,13333,15081,7.53,中证军工,399967.SZ
397,沪深300ETF鹏华,159673,1.275,10024,9988,宽基，大盘股,0.20%,鹏华基金,2023-07-17,沪深300指数,8690.44,9977,10071,12224,10000,10000,23.43,沪深300,000300.SH
398,能源ETF广发,159945,1.486,9835,9980,行业，资源，能源,0.60%,广发基金,2015-07-06,全指能源,8178.83,11528,12604,14757,14890,22862,0.254,全指能源,000986.SH
399,电池ETF易方达,159175,1.001,10060,10000,主题，新兴产业，新能源车，电池,0.60%,易方达基金,2026-03-05,CS电池指数,8172.43,10000,10000,10000,10000,10000,8.59,CS电池,931719.CSI
400,中证500ETF广发,510510,2.66,10064,9990,宽基，中小盘,0.60%,广发基金,2013-05-24,中证500指数,8065.17,10262,11200,14309,13782,14134,20.96,中证500,000905.SH
401,绿色电力ETF嘉实,159625,1.328,10145,10022,主题，新兴产业，新能源,0.60%,嘉实基金,2022-04-29,绿色电力指数,8097.31,10975,11360,12262,12217,10000,13.8,绿色电力,399438.SZ
402,港股通创新药ETF嘉实,520970,0.83,10388,10000,跨境，香港，医疗,0.60%,嘉实基金,2025-08-07,港股通创新药指数,8081.42,9584,10061,10000,10000,10000,10.1,创新药,980086
403,中证A500ETF大成,159358,1.319,10023,9994,宽基，中小盘,0.20%,大成基金,2024-11-29,中证A500指数,7904.09,10061,10394,12931,10000,10000,16.75,中证A50,930050.CSI
404,创业板ETF富国,159971,1.122,10045,10009,宽基，中小盘,0.20%,富国基金,2019-07-02,创业板R指数,7750.79,9912,10081,14871,13600,11502,20.8,创业板R,399606
405,恒生科技ETF鹏华,520590,0.865,10298,10000,跨境，香港，科技,0.60%,鹏华基金,2025-12-01,恒生科技指数,7756.64,9144,8827,10000,10000,10000,2.58,恒生科技指数,HSTECH.HI
406,机器人ETF富国,159272,0.885,10080,10003,主题，新兴产业，机器人,0.60%,富国基金,2025-09-19,机器人100指数,7699.4,9630,9316,10000,10000,10000,27.1,机器人,H30590.CSI
407,港股消费ETF鹏华,159265,0.967,10244,10000,跨境，香港，消费,0.60%,鹏华基金,2025-07-02,港股通消费指数,7744.12,9453,10136,10000,10000,10000,3.22,港股通消费,987024
408,沪深300ETF南方,159925,4.693,10034,9993,宽基，大盘股,0.20%,南方基金,2013-04-11,沪深300指数,7605.39,9972,10088,12283,12298,10067,27.42,沪深300,000300.SH
409,证券ETF易方达,512570,1.135,10107,9999,行业，金融，证券,0.60%,易方达基金,2017-08-11,证券公司指数,7304.12,9474,9334,10225,12297,10588,22.94,证券公司,399975.SZ
410,医疗ETF,159828,0.424,10192,10016,行业，医药,0.60%,国泰基金,2021-01-12,中证医疗指数,7282.2,9464,10047,9930,6635,4544,20.18,中证医疗,399989.SZ
411,机器人ETF鹏华,159278,1.048,10106,10013,主题，新兴产业，机器人,0.60%,鹏华基金,2025-08-12,机器人100指数,7304.23,9650,9349,10000,10000,10000,14.49,机器人,H30590.CSI
412,中证A500ETF,560510,1.213,10017,10000,宽基，中小盘,0.20%,泰康基金,2024-10-15,中证A500指数,7299.75,10075,10396,12962,10000,10000,35.05,中证A50,930050.CSI
413,港股通消费ETF汇添富,159268,0.936,10230,10000,跨境，香港，消费,0.60%,汇添富基金,2025-07-21,港股通消费指数,6915.38,9360,10207,10000,10000,10000,7.29,港股通消费,987024
414,芯片ETF东财,159599,2.218,10005,9993,行业，半导体，芯片,0.55%,东财基金,2024-05-08,芯片产业指数,6810.12,10018,10809,13906,10000,10000,11.9,芯片产业,H30007.CSI
415,A500ETF万家,159356,1.295,10031,9997,宽基，中小盘,0.20%,万家基金,2024-12-06,中证A500指数,6651.83,10078,10410,12963,10000,10000,17.59,中证A50,930050.CSI
416,科创芯片设计ETF天弘,589070,0.954,10127,9991,主题，芯片设计,0.60%,天弘基金,2026-01-23,科创芯片设计指数,6648.97,10181,10000,10000,10000,10000,6.07,科创芯片,000685.SH
417,中证1000增强ETF招商,159680,1.694,10132,10036,宽基，中小盘,0.60%,招商基金,2022-11-30,中证1000指数,6401.65,10174,11108,13919,15671,10000,6.47,中证1000,000852.SH
418,沪深300ETF国寿,510380,1.375,10029,9983,宽基，大盘股,0.60%,国寿安保基金,2018-02-07,沪深300指数,6318.53,9964,10051,12277,12266,9971,22.99,沪深300,000300.SH
419,新能源ETF嘉实,159875,0.72,10000,10025,主题，新兴产业，新能源,0.60%,嘉实基金,2021-08-17,中证新能指数,5993.11,10315,10667,15451,9231,10000,17.8,中证新能,399808.SZ
420,新能车ETF,515700,2.434,9984,9999,主题，新兴产业，新能源车,0.20%,平安基金,2020-02-10,新能源车指数,5830.15,10075,9736,13705,10915,12514,22.8,新能源车,399417
421,A500ETF鹏华,512020,1.302,10023,9988,宽基，中小盘,0.20%,鹏华基金,2024-12-02,中证A500指数,5674.35,10046,10375,12828,10000,10000,22.25,中证A50,930050.CSI
422,创业板ETF南方,159948,3.563,10037,10003,宽基，中小盘,0.20%,南方基金,2016-05-31,创业板指,5630.57,9897,10082,14902,13736,11728,49.75,创业板指,399006.SZ
423,300ETF,159300,4.932,10024,9988,宽基，大盘股,0.20%,富国基金,2024-06-05,沪深300指数,5377.8,9976,10076,12339,10000,10000,12.07,沪深300,000300.SH
424,中证A50ETF易方达,563080,1.329,10023,9993,宽基，大盘,0.20%,易方达基金,2024-03-18,中证A50指数,5273.65,9823,9866,11678,10000,10000,19.95,中证A50,930050.CSI
425,创业板ETF东财,159205,1.573,10045,10010,宽基，中小盘,0.20%,东财基金,2025-06-12,创业板指,5189.77,9906,10083,10000,10000,10000,6.19,创业板指,399006.SZ
426,科创50ETF汇添富,588870,1.439,10049,9987,宽基，中小盘，科创板,0.20%,汇添富基金,2025-01-27,科创50指数,5203.62,9870,10473,12964,10000,10000,7.11,科创50,000688.SH
427,港股通创新药ETF鹏华,159286,0.786,10452,10000,跨境，香港，医药,0.60%,鹏华基金,2025-09-02,港股通创新药指数,5237.94,9621,9800,10000,10000,10000,5.66,创新药,980086
428,港股通互联网ETF南方,520650,0.769,10267,10000,跨境，香港，互联网,0.20%,南方基金,2025-11-10,HKC互联网指数,5084.64,8759,8739,10000,10000,10000,2.47,HKC互联网,931637.CSI
429,证券ETF东财,159692,1.243,10106,10003,行业，金融，证券,0.55%,东财基金,2023-05-23,证券公司30指数,5139.59,9460,9276,10264,10000,10000,9.24,证券公司,399975.SZ
430,科创200ETF华夏,588820,1.862,10098,9998,宽基，中小盘，科创板,0.20%,华夏基金,2025-01-06,科创200指数,5070.42,10120,11529,15806,10000,10000,7.2,科创200,000699
431,科创50ETF东财,589850,1.351,10052,9994,宽基，中小盘，科创板,0.20%,东财基金,2025-08-11,科创50指数,4949.99,9883,10514,10000,10000,10000,6.43,科创50,000688.SH
432,深证50ETF富国,159350,1.452,10076,10008,策略，价值,0.60%,富国基金,2023-12-11,深证50指数,4899.09,9891,9680,12453,10000,10000,2.12,深证50,399850
433,创业板50ETF嘉实,159373,1.618,10043,10006,宽基，中小盘,0.20%,嘉实基金,2025-02-10,创业板50指数,4819.18,9902,9975,15832,10000,10000,4.49,创业板50,399673.SZ
434,科创创业ETF嘉实,588400,0.93,10000,9990,宽基，中小盘,0.60%,嘉实基金,2021-07-05,科创创业50指数,4833.55,10043,10011,15683,14785,10000,17.08,科创创业50,931643.CSI
435,港股创新药ETF博时,520690,0.792,10435,10000,跨境，香港，医药,0.60%,博时基金,2025-08-01,恒生港股通创新药精选指数,4792.49,9588,9790,10000,10000,10000,4.88,创新药,980086
436,中证A50ETF,159591,1.322,10038,10003,宽基，大盘,0.20%,富国基金,2024-03-18,中证A50指数,4731.46,9829,9880,11689,10000,10000,6.41,中证A50,930050.CSI
437,工业有色ETF鹏华,159162,1.011,9787,10027,行业，资源，有色金属,0.60%,鹏华基金,2026-01-29,工业有色指数,4606.86,10859,10000,10000,10000,10000,7.96,有色指数,CN6051
438,医疗创新ETF,516820,0.358,10229,10000,行业，医药,0.60%,平安基金,2021-07-01,CS医药创新指数,4496.1,9808,9917,10623,6717,10000,16.06,CS医药创新,931484.CSI
439,科创芯片ETF博时,588990,2.664,10030,10003,行业，半导体，芯片，科创板,0.60%,博时基金,2024-08-16,科创芯片指数,4418.42,10004,10945,15417,10000,10000,5.78,科创芯片,000685.SH
440,软件ETF汇添富,159590,1.133,10235,10019,主题，新兴产业，软件,0.60%,汇添富基金,2024-11-06,软件指数,4263.1,9561,9956,9594,10000,10000,3.17,软件指数,h30202.CSI
441,A股ETF,563330,4.422,10075,9996,宽基，综合,0.60%,华泰柏瑞基金,2023-11-07,中证A股指数,4289.26,10098,10607,13188,10000,10000,1.18,A股指数,000002
442,港股通科技ETF招商,159125,0.792,10259,10000,跨境，香港，科技,0.60%,招商基金,2025-11-06,港股通科技指数,4182.85,9051,8889,10000,10000,10000,6.87,港股通科技,987008
443,科创芯片ETF富国,588810,1.809,10006,9987,行业，半导体，芯片，科创板,0.60%,富国基金,2025-01-09,科创芯片指数,4245.96,10006,10970,15568,10000,10000,6.29,科创芯片,000685.SH
444,A500ETF工银,159362,1.311,10038,9999,宽基，中小盘,0.20%,工银瑞信基金,2024-12-02,中证A500指数,4226.92,10069,10397,13071,10000,10000,15.04,中证A50,930050.CSI
445,A500ETF中金,512080,1.323,10015,9989,宽基，中小盘,0.20%,中金基金,2025-01-21,中证A500指数,4150.39,10046,10376,12845,10000,10000,11.66,中证A50,930050.CSI
446,沪深300ETF天弘,515330,1.338,10022,9992,宽基，大盘股,0.60%,天弘基金,2019-12-26,沪深300指数,4068.29,9963,10053,12219,12197,9845,81.8,沪深300,000300.SH
447,A50ETF嘉实,562890,1.33,10076,10037,宽基，大盘,0.20%,嘉实基金,2024-03-18,中证A50指数,4106.75,9859,9918,11760,10000,10000,3.28,中证A50,930050.CSI
448,科创综指ETF国泰,589630,1.431,10085,10006,宽基，中小盘，科创板,0.20%,国泰基金,2025-03-12,科创综指,4059.57,10021,10784,10000,10000,10000,3.24,科创综指,000680.SH
449,房地产ETF银华,159768,0.548,10074,10036,行业，金融，房地产,0.60%,银华基金,2022-02-16,内地地产指数,3955.25,9210,9928,9597,6357,10000,3.48,地产指数,399241
450,科创芯片ETF易方达,589130,1.014,10010,10008,行业，半导体，芯片，科创板,0.60%,易方达基金,2026-01-08,科创芯片指数,3996.11,9990,10000,10000,10000,10000,2.76,科创芯片,000685.SH
451,科创综指ETF南方,589660,1.412,10064,9978,宽基，中小盘，科创板,0.20%,南方基金,2025-03-05,科创综指,4020.87,10021,10779,14134,10000,10000,4.63,科创综指,000680.SH
452,新能源ETF易方达,516090,0.596,9983,10007,主题，新兴产业，新能源,0.20%,易方达基金,2021-03-19,中证新能指数,3901.8,10294,10643,15602,9597,10000,12.61,中证新能,399808.SZ
453,港股通科技ETF平安,159152,0.835,10245,10000,跨境，香港，科技,0.60%,平安基金,2026-02-03,恒生港股通科技主题指数,3809.62,9017,10000,10000,10000,10000,9.29,港股通科技,987008
454,港股通50ETF国泰,159712,1.248,10155,10000,跨境，香港,0.60%,国泰基金,2021-11-11,港股通50港元指数,3688.27,9476,9866,10505,13448,10000,1.56,港股通50,987003
455,双创龙头ETF,588330,0.935,9979,10003,宽基，中小盘,0.60%,华宝基金,2021-07-06,科创创业50指数,3661.2,10065,10021,15688,15032,10000,10.49,科创创业50,931643.CSI
456,机器人ETF南方,159258,1.145,10044,9992,主题，新兴产业，机器人,0.60%,南方基金,2025-08-01,机器人指数,3657.17,9786,10044,10000,10000,10000,15.62,机器人,H30590.CSI
457,沪深300成长ETF银华,562310,1.02,10020,9990,策略，成长,0.60%,银华基金,2022-09-09,300成长指数,3696.49,9903,10069,13247,10647,10000,7.48,300成长,000918.CSI
458,中证2000ETF华夏,562660,1.928,10153,10024,宽基，中小盘,0.60%,华夏基金,2023-09-14,中证2000指数,3654.79,10316,11249,15548,10000,10000,3.04,中证2000,932000.CSI
459,A500红利ETF,560570,1.04,10039,9993,策略，红利，低波动,0.40%,国联安基金,2025-09-18,A500红利低波指数,3691.93,10206,10317,10000,10000,10000,16.57,红利低波,h30269.CSI
460,金融科技ETF华夏,516100,1.327,10255,9997,主题，金融科技,0.20%,华夏基金,2021-07-23,金融科技指数,3590.9,9595,9513,10532,14072,10000,13.65,金融科技,930986.CSI
461,芯片ETF汇添富,516920,1.113,10009,9986,行业，半导体，芯片,0.20%,汇添富基金,2021-08-16,芯片产业指数,3596.57,10000,10774,13843,17473,10000,7.37,芯片产业,H30007.CSI
462,机器人指数ETF,560770,1.01,10030,10005,主题，新兴产业，机器人,0.60%,招商基金,2025-09-01,机器人指数,3583.47,9796,10060,10000,10000,10000,23.19,机器人,H30590.CSI
463,深100ETF南方,159212,1.391,10058,9996,宽基，大盘股,0.20%,南方基金,2025-04-09,深证100指数,3512.81,10029,9993,10000,10000,10000,1.66,深证100,399330.SZ
464,消费电子ETF易方达,562950,1.253,9992,9986,主题，消费电子,0.20%,易方达基金,2022-01-20,消费电子指数,3478.65,10105,10097,13769,18107,10000,11.08,消费电子,931494.CSI
465,中证A500ETF天弘,159360,1.32,10030,9997,宽基，中小盘,0.20%,天弘基金,2024-11-28,中证A500指数,3483.76,10076,10394,12992,10000,10000,18.54,中证A50,930050.CSI
466,光伏ETF华夏,515370,1.069,10019,9988,主题，光伏，新兴产业,0.50%,华夏基金,2025-11-18,光伏产业指数,3406.41,10279,11632,10000,10000,10000,15.2,光伏产业,931151.CSI
467,畜牧养殖ETF,516670,0.726,10431,10006,行业，畜牧养殖,0.30%,招商基金,2021-03-26,中证畜牧指数,3412.5,10357,10283,11960,8297,10000,13.59,中证畜牧,930707.CSI
468,机器人ETF汇添富,159213,1.232,10049,9997,主题，新兴产业，机器人,0.60%,汇添富基金,2025-04-30,机器人指数,3376.27,9809,10041,10000,10000,10000,6.76,机器人,H30590.CSI
469,中证500ETF国泰,561350,1.313,10061,9979,宽基，中小盘,0.60%,国泰基金,2021-09-01,中证500指数,3283.46,10234,11155,14118,13983,10000,1.12,中证500,000905.SH
470,光伏ETF博时,560310,1.009,10000,9998,主题，光伏，新兴产业,0.60%,博时基金,2026-03-02,光伏产业指数,3285.68,10000,10000,10000,10000,10000,2.27,光伏产业,931151.CSI
471,有色ETF富国,159168,1.061,9770,10008,行业，资源，有色金属,0.60%,富国基金,2026-02-12,工业有色指数,3250.81,10000,10000,10000,10000,10000,2.39,有色指数,CN6051
472,中证A50ETF摩根,560350,1.255,10032,9992,宽基，大盘,0.20%,摩根资产管理,2024-03-12,中证A50指数,3304.04,9820,9864,11609,10000,10000,20.57,中证A50,930050.CSI
473,科创50ETF南方,588150,0.996,10050,10000,宽基，中小盘，科创板,0.20%,南方基金,2021-12-20,科创50指数,3173.08,9871,10495,13123,14048,10000,2.61,科创50,000688.SH
474,通用航空ETF,563320,1.227,10057,10019,行业，航空航天,0.60%,华泰柏瑞基金,2025-09-03,通用航空指数,3211.1,10049,10820,10000,10000,10000,3.42,通用航空,980076
475,软件ETF招商,159899,0.896,10205,10004,主题，新兴产业，软件,0.60%,招商基金,2021-06-28,软件指数,3086.4,9573,9967,9857,9989,10000,4.36,软件指数,h30202.CSI
476,恒生医疗ETF嘉实,159557,1.464,10346,10000,跨境，香港，医药，医疗保健,0.60%,嘉实基金,2024-05-22,恒生医疗保健指数,3143.38,9403,9946,12642,10000,10000,2.11,医疗保健,h30178.CSI
477,科创芯片ETF华宝,589190,0.93,10032,9996,行业，半导体，芯片，科创板,0.38%,华宝基金,2026-01-27,科创芯片指数,3082.83,9979,10000,10000,10000,10000,3.79,科创芯片,000685.SH
478,绿色电力ETF,561170,1.231,10107,10014,主题，新兴产业，新能源,0.60%,富国基金,2023-03-16,绿色电力指数,3052.84,11070,11283,12164,10000,10000,1.68,绿色电力,399438.SZ
479,港股通央企红利ETF,159266,1.048,10048,10000,跨境，香港，央企,0.60%,永赢基金,2025-08-01,港股通央企红利指数,3142.89,10305,10661,10000,10000,10000,6.11,红利指数,000015
480,科创芯片ETF国泰,589100,1.645,10018,10001,行业，半导体，芯片，科创板,0.60%,国泰基金,2025-04-07,科创芯片指数,3002.97,9994,10952,10000,10000,10000,6.35,科创芯片,000685.SH
481,港股央企红利ETF万家,159333,1.486,10075,10000,跨境，香港，央企,0.60%,万家基金,2024-09-03,港股通央企红利指数,2978.6,10291,10613,12478,10000,10000,5.6,红利指数,000015
482,A50ETF华宝,159596,0.63,10032,9997,宽基，大盘,0.20%,华宝基金,2024-03-18,中证A50指数,3030.35,9828,9890,11712,10000,10000,5.75,中证A50,930050.CSI
483,500ETF,159500,1.218,10108,10002,宽基，中小盘,0.20%,富国基金,2025-08-29,中证500指数,2881.77,10227,11215,10000,10000,10000,0.981,中证500,000905.SH
484,创业板ETF博时,159908,3.0,10040,10004,宽基，中小盘,0.20%,博时基金,2011-07-13,创业板指,2940.51,9878,10104,14866,13667,11881,11.55,创业板指,399006.SZ
485,农业ETF华夏,516810,0.916,10385,10021,行业，农业,0.60%,华夏基金,2022-01-11,中证农业指数,2892.72,10664,10764,13816,10517,10000,2.34,中证农业,000949.CSI
486,有色金属ETF国泰,159881,2.194,9795,9998,行业，资源，有色金属,0.60%,国泰基金,2021-07-01,中证有色指数,2949.86,10573,11802,21426,19945,10000,1.01,中证有色,930708.CSI
487,电池ETF建信,159775,0.886,9955,10016,主题，新兴产业，新能源车,0.60%,建信基金,2022-01-24,新能电池指数,2866.69,10231,9977,14645,11720,10000,2.48,新能电池,980032.CNI
488,公用事业ETF国投瑞银,159159,1.075,10094,10001,行业，公用事业,0.25%,国投瑞银基金,2026-02-12,全指公用,2891.43,10000,10000,10000,10000,10000,6.32,全指公用,000995.CSI
489,港股通50ETF摩根,520950,0.902,10158,10000,跨境，香港,0.60%,摩根基金(中国),2025-11-25,恒生港股通50指数,2873.39,9386,9575,10000,10000,10000,6.45,港股通50,987003
490,电池ETF南方,159147,0.953,10063,10015,主题，新兴产业，新能源车，电池,0.20%,南方基金,2026-01-23,CS电池指数,2789.31,10182,10000,10000,10000,10000,3.22,CS电池,931719.CSI
491,消费电子ETF富国,561100,1.31,10000,10002,主题，消费电子,0.60%,富国基金,2022-02-08,消费电子指数,2802.56,10116,10108,13632,18094,10000,8.18,消费电子,931494.CSI
492,科创信息技术ETF摩根,588770,1.48,10061,10001,行业，信息技术，科创板,0.20%,摩根资产管理,2025-03-24,科创信息指数,2785.94,9814,10701,10000,10000,10000,0.742,科创信息,000682
493,科创医药ETF嘉实,588700,1.007,10297,10009,行业，医药，科创板,0.60%,嘉实基金,2024-01-05,科创生物指数,2776.68,9518,9636,10770,10000,10000,2.51,科创生物,000683
494,A500ETF永赢,159386,1.31,10038,10000,宽基，中小盘,0.20%,永赢基金,2025-02-11,中证A500指数,2826.09,10069,10405,13074,10000,10000,2.05,中证A50,930050.CSI
495,科创200ETF国泰,589220,0.983,10103,10004,宽基，中小盘，科创板,0.20%,国泰基金,2026-01-26,科创200指数,2825.18,10124,10000,10000,10000,10000,8.53,科创200,000699
496,科创创新药ETF汇添富,589120,0.77,10363,10015,行业，医药，科创板,0.60%,汇添富基金,2025-09-19,科创新药指数,2844.01,9471,9402,10000,10000,10000,4.35,创新药,980086
497,云计算ETF汇添富,159273,1.336,10144,9987,跨境，香港，云计算,0.60%,汇添富基金,2025-08-06,SHS云计算人民币指数,2669.52,9759,9978,10000,10000,10000,13.46,SHS云计算,931470.CSI
498,通信ETF嘉实,159695,2.426,9922,10002,行业，TMT，通信,0.60%,嘉实基金,2023-05-10,国证通信指数,2681.36,10539,10816,19756,10000,10000,3.56,国证通信,399389
499,半导体ETF博时,159582,2.458,9903,10016,行业，半导体，芯片,0.60%,博时基金,2024-04-16,中证半导指数,2747.86,9895,10968,16118,10000,10000,2.75,中证半导,931865.CSI
500,科创200ETF易方达,588270,1.623,10100,9999,宽基，中小盘，科创板,0.20%,易方达基金,2025-06-16,科创200指数,2687.44,10112,11486,10000,10000,10000,9.54,科创200,000699
501,科创创业ETF国泰,588360,1.005,10000,10013,宽基，中小盘，科创板,0.60%,国泰基金,2021-07-06,科创创业50指数,2646.02,10050,10060,15827,15438,10000,3.67,科创创业50,931643.CSI
502,电池ETF嘉实,562880,0.833,10060,10008,主题，新兴产业，新能源车，电池,0.60%,嘉实基金,2021-07-20,CS电池指数,2572.67,10183,9731,15397,11121,10000,14.52,CS电池,931719.CSI
503,港股科技30ETF,159120,0.811,10227,10000,跨境，香港，科技,0.60%,国联安基金,2025-11-13,恒生港股通科技主题指数,2632.84,8991,8844,10000,10000,10000,2.36,港股通科技,987008
504,港股通科技ETF前海开源,159135,0.865,10237,10000,跨境，香港，科技,0.60%,前海开源基金,2026-02-11,恒生港股通科技主题指数,2570.36,10000,10000,10000,10000,10000,8.23,港股通科技,987008
505,中证500ETF博时,159968,10.619,10063,9980,宽基，中小盘,0.20%,博时基金,2019-10-31,中证500指数,2513.26,10240,11220,14511,14311,15435,5.39,中证500,000905.SH
506,中证1000ETF汇添富,560110,1.22,10108,10008,宽基，中小盘,0.20%,汇添富基金,2022-08-08,中证1000指数,2524.24,10235,10893,13090,12261,10000,1.7,中证1000,000852.SH
507,科创50ETF基金,588180,0.915,10044,9987,宽基，中小盘，科创板,0.35%,国联安基金,2021-07-01,科创50指数,2495.84,9860,10493,13071,14077,10000,19.19,科创50,000688.SH
508,双创50ETF,159782,0.921,10000,9999,宽基，中小盘,0.60%,银华基金,2021-07-07,科创创业50指数,2530.58,10044,10022,15637,14927,10000,8.03,科创创业50,931643.CSI
509,工业有色ETF博时,159171,0.97,9798,10000,行业，资源，有色金属,0.60%,博时基金,2026-03-05,工业有色指数,2467.27,10000,10000,10000,10000,10000,2.63,有色指数,CN6051
510,创业板200ETF易方达,159572,1.534,10105,9993,宽基，中小盘,0.20%,易方达基金,2023-12-25,创业200指数,2455.13,10039,10457,12126,10000,10000,3.95,创业200,399019
511,港股通汽车ETF汇添富,159210,0.978,10219,10000,跨境，香港，汽车,0.60%,汇添富基金,2025-06-04,港股通汽车指数,2458.84,9980,9664,10000,10000,10000,0.477,汽车指数,CN6055
512,H股ETF港股通,159960,0.863,10225,10000,跨境，香港，中概股,0.60%,平安基金,2018-10-22,恒生中国企业指数,2438.34,9568,9632,9708,13220,9872,5.06,恒生中国企业指数,HSCEI.HI
513,中国A50ETF南方,159602,1.002,9990,10000,MSCI,0.22%,南方基金,2021-11-08,MSCI中国A50互联互通人民币指数,2364.93,9901,9747,12738,12556,10000,6.13,MSCI中国A50互联互通,746059.MI
514,科创综指ETF天弘,589860,1.397,10079,9993,宽基，中小盘，科创板,0.20%,天弘基金,2025-03-05,科创综指,2375.74,10014,10788,14168,10000,10000,2.98,科创综指,000680.SH
515,港股红利低波ETF银华,520610,1.004,10030,10000,跨境，策略，低波动,0.60%,银华基金,2026-02-09,标普港股通低波红利指数,2356.17,10000,10000,10000,10000,10000,8.11,红利指数,000015
516,恒生国企ETF,159850,0.848,10180,10000,跨境，香港，中概股,0.65%,华夏基金,2021-02-19,恒生中国企业指数,2345.62,9422,9507,9593,13086,8706,6.99,恒生中国企业指数,HSCEI.HI
517,科创新材料ETF博时,588010,0.956,10031,10015,主题，新材料，科创板,0.60%,博时基金,2022-10-26,科创材料指数,2299.51,10335,11065,15345,10031,10000,2.29,科创材料,000689
518,A500ETF华安,159359,1.299,10023,9992,宽基，中小盘,0.20%,华安基金,2024-12-02,中证A500指数,2342.6,10070,10384,12887,10000,10000,9.22,中证A50,930050.CSI
519,沪深300增强ETF国泰,561300,1.014,10020,10001,宽基，大盘股,0.60%,国泰基金,2021-12-10,沪深300指数,2210.64,9961,10191,12336,13101,10000,6.5,沪深300,000300.SH
520,沪深300ETF东财,159330,1.435,10049,10009,宽基，大盘股,0.55%,东财基金,2024-08-19,沪深300指数,2194.8,9986,10099,12286,10000,10000,5.58,沪深300,000300.SH
521,信息技术ETF,159939,0.922,10000,9992,行业，信息技术,0.60%,广发基金,2015-02-05,全指信息,2180.91,10044,10430,13285,15924,13639,12.66,全指信息,000993.SH
522,半导体龙头ETF工银,159665,1.923,9974,9994,行业，半导体，芯片,0.52%,工银瑞信基金,2023-01-06,国证芯片指数,2224.63,9912,10755,14088,18227,10000,4.16,国证芯片,980017.CNI
523,港股通50ETF华夏,159711,1.347,10158,10000,跨境，香港,0.60%,华夏基金,2021-12-28,港股通50港元指数,2231.2,9499,9854,10573,13675,10000,0.807,港股通50,987003
524,恒生医疗ETF大成,159303,1.61,10334,10000,跨境，香港，医药，医疗保健,0.60%,大成基金,2024-06-27,恒生医疗保健指数,2152.93,9382,9920,12808,10000,10000,0.85,医疗保健,h30178.CSI
525,基建ETF华夏,159635,1.195,10170,10002,主题，基建,0.60%,华夏基金,2022-07-12,中证基建指数,2151.32,10293,10708,11557,11158,10000,1.54,中证基建,930608.CSI
526,机器人ETF国泰,159551,1.323,10046,9998,主题，新兴产业，机器人,0.60%,国泰基金,2023-11-16,机器人指数,2215.66,9800,10053,10559,10000,10000,5.59,机器人,H30590.CSI
527,中证A50ETF,563350,1.353,10022,9986,宽基，大盘,0.20%,华泰柏瑞基金,2024-03-18,中证A50指数,2161.23,9819,9883,11806,10000,10000,3.47,中证A50,930050.CSI
528,央企科创ETF融通,159335,1.6,10044,9984,主题，央企，科技,0.35%,融通基金,2024-09-05,央企科技创新指数,2221.26,10782,11611,13223,10000,10000,2.42,新指数,399100
529,科创综指ETF建信,589880,1.401,10101,9985,宽基，中小盘，科创板,0.20%,建信基金,2025-02-28,科创综指,2176.16,9964,10760,14038,10000,10000,5.99,科创综指,000680.SH
530,数字经济ETF工银,561220,1.51,9993,9967,主题，数字经济,0.50%,工银瑞信基金,2025-05-30,国企数字经济指数,2236.14,10155,10619,10000,10000,10000,2.08,数字经济,931582.CSI
531,沪深300ETF汇添富,515310,1.39,10022,10000,宽基，大盘股,0.20%,汇添富基金,2019-12-25,沪深300指数,2079.48,9978,10072,12225,12161,10191,3.38,沪深300,000300.SH
532,沪深300ETF华安,515390,1.354,10037,9997,宽基，大盘股,0.20%,华安基金,2020-01-10,沪深300指数,2144.4,9978,10074,12253,12209,10281,5.09,沪深300,000300.SH
533,沪深300ETF万家,159393,4.838,10027,9996,宽基，大盘股,0.20%,万家基金,2025-03-10,沪深300指数,2082.65,10000,10113,10000,10000,10000,3.73,沪深300,000300.SH
534,科创芯片ETF鹏华,588920,1.646,10037,10005,行业，半导体，芯片，科创板,0.60%,鹏华基金,2025-07-28,科创芯片指数,2149.39,10000,10937,10000,10000,10000,4.11,科创芯片,000685.SH
535,中证2000ETF汇添富,159536,1.555,10190,10045,宽基，中小盘,0.60%,汇添富基金,2023-09-21,中证2000指数,2127.03,10271,10966,13628,10000,10000,0.529,中证2000,932000.CSI
536,创业板200ETF南方,159270,1.193,10127,10005,宽基，中小盘,0.20%,南方基金,2025-07-24,创业200指数,2093.41,10034,10474,10000,10000,10000,1.35,创业200,399019
537,中证A500ETF海富通,563860,1.299,10031,9994,宽基，中小盘,0.20%,海富通基金,2025-02-12,中证A500指数,2115.68,10070,10417,12913,10000,10000,4.05,中证A50,930050.CSI
538,消费ETF嘉实,512600,0.659,10233,9989,行业，消费，必选消费,0.60%,嘉实基金,2014-07-25,中证消费指数,2049.44,9592,9777,9851,7250,6522,12.33,中证消费,000932.SH
539,沪深300ETF泰康,515380,5.375,10017,9989,宽基，大盘股,0.45%,泰康资产,2020-03-23,沪深300指数,2027.88,9972,10066,12266,12314,10011,36.38,沪深300,000300.SH
540,中证500ETF东财,159337,1.876,10054,10012,宽基，中小盘,0.55%,东财基金,2024-09-20,中证500指数,1968.54,10274,11213,14321,10000,10000,5.85,中证500,000905.SH
541,医疗器械ETF,562600,0.866,10188,9993,行业，医药，医疗器械,0.60%,华夏基金,2023-12-11,医疗器械指数,1995.1,9719,10200,10070,10000,10000,3.25,医疗器械,h30217.CSI
542,港股通互联网ETF广发,520630,0.844,10268,10000,跨境，香港，互联网,0.20%,广发基金,2025-12-22,HKC互联网指数,2008.8,8773,8792,10000,10000,10000,3.64,HKC互联网,931637.CSI
543,创业板新能源ETF鹏华,159261,1.56,10032,10011,主题，新兴产业，新能源,0.60%,鹏华基金,2025-07-07,创新能源指数,1976.41,9949,10143,10000,10000,10000,0.704,创新能源,399266
544,金融科技ETF富国,515720,0.883,10256,10001,主题，金融科技,0.60%,富国基金,2025-10-09,金融科技指数,1926.86,9608,9536,10000,10000,10000,6.16,金融科技,930986.CSI
545,港股互联网ETF国泰,513720,0.84,10256,10000,跨境，香港，互联网,0.60%,国泰基金,2026-01-09,HKC互联网指数,1937.27,8750,10000,10000,10000,10000,2.79,HKC互联网,931637.CSI
546,港股通互联网ETF基金,520910,0.811,10266,10000,跨境，香港，互联网,0.20%,华夏基金,2026-02-02,HKC互联网指数,1910.15,8768,10000,10000,10000,10000,7.4,HKC互联网,931637.CSI
547,沪深300成长ETF万家,159656,1.143,10053,10022,策略，成长,0.60%,万家基金,2023-01-16,300成长指数,1874.55,9956,10088,13511,11373,10000,2.42,300成长,000918.CSI
548,科创100ETF南方,588900,1.513,10073,9992,宽基，中小盘，科创板,0.20%,南方基金,2023-12-18,科创100指数,1873.15,9928,10815,14562,10000,10000,6.64,科创100,000698
549,计算机ETF南方,159586,1.354,10196,10002,行业，计算机,0.60%,南方基金,2024-03-15,计算机指数,1865.21,9734,10188,9826,10000,10000,2.77,计算机指,399363
550,科创芯片设计ETF鹏华,589170,0.969,10136,10001,主题，芯片设计,0.60%,鹏华基金,2026-02-06,科创芯片设计指数,1933.83,10000,10000,10000,10000,10000,5.48,科创芯片,000685.SH
551,农牧渔ETF,159275,1.032,10414,10003,行业，农牧渔,0.60%,华宝基金,2025-09-29,农牧渔指数,1865.32,10498,10467,10000,10000,10000,1.73,农牧渔,930910.CSI
552,沪深300ETF永赢,563520,1.194,10025,10000,宽基，大盘股,0.20%,永赢基金,2024-11-18,沪深300指数,1830.45,9975,10084,12309,10000,10000,5.02,沪深300,000300.SH
553,光伏ETF浦银,159609,0.653,10015,9991,主题，光伏，新兴产业,0.60%,浦银安盛基金,2022-07-08,光伏产业指数,1754.53,10251,11703,15293,7765,10000,2.98,光伏产业,931151.CSI
554,中证A500ETF指数基金,159215,1.31,10031,9993,宽基，中小盘,0.20%,平安基金,2025-04-07,中证A500指数,1833.81,10061,10380,10000,10000,10000,18.66,中证A50,930050.CSI
555,港股汽车ETF国泰,520720,0.879,10197,10000,跨境，香港，汽车,0.60%,国泰基金,2025-09-25,港股通汽车指数,1832.61,9955,9659,10000,10000,10000,1.21,汽车指数,CN6055
556,港股通汽车ETF华宝,520780,0.969,10200,10000,跨境，香港，汽车,0.60%,华宝基金,2025-12-29,港股通汽车指数,1771.22,9979,9709,10000,10000,10000,1.69,汽车指数,CN6055
557,科创综指ETF招商,589770,1.414,10086,9988,宽基，中小盘，科创板,0.20%,招商基金,2025-03-05,科创综指,1842.85,10021,10786,14140,10000,10000,3.39,科创综指,000680.SH
558,港股通科技ETF嘉实,520670,0.841,10219,10000,跨境，香港，科技,0.40%,嘉实基金,2025-08-19,恒生港股通科技主题指数,1795.5,8995,8890,10000,10000,10000,2.73,港股通科技,987008
559,中证500ETF汇添富,563750,1.149,10009,9990,宽基，中小盘,0.20%,汇添富基金,2025-10-30,中证500指数,1726.04,10241,11210,10000,10000,10000,4.21,中证500,000905.SH
560,人工智能ETF万家,159248,1.52,10020,10024,主题，新兴产业，人工智能,0.60%,万家基金,2025-07-24,CS人工智能指数,1727.57,10020,10167,10000,10000,10000,2.63,CS人工智,930713.CSI
561,农业ETF天弘,512620,1.085,10373,9999,行业，农业,0.60%,天弘基金,2025-11-21,中证农业指数,1740.42,10669,10721,10000,10000,10000,4.45,中证农业,000949.CSI
562,金融科技ETF兴业,563570,0.95,10304,10019,主题，金融科技,0.60%,兴业基金,2025-11-11,金融科技指数,1745.22,9674,9635,10000,10000,10000,3.42,金融科技,930986.CSI
563,科创芯片ETF广发,589160,0.923,10011,9999,行业，半导体，芯片，科创板,0.60%,广发基金,2026-01-30,科创芯片指数,1739.37,10011,10000,10000,10000,10000,5.01,科创芯片,000685.SH
564,科创100ETF华泰柏瑞,588880,1.464,10090,9989,宽基，中小盘，科创板,0.60%,华泰柏瑞基金,2023-11-16,科创100指数,1730.81,9946,10852,14640,10000,10000,1.91,科创100,000698
565,港股通央企红利ETF平安,159143,1.063,10076,10000,跨境，香港，央企,0.60%,平安基金,2026-01-12,恒生港股通中国央企红利指数,1699.14,10251,10000,10000,10000,10000,5.14,红利指数,000015
566,沪深300ETF工银,510350,4.863,10033,9997,宽基，大盘股,0.20%,工银瑞信基金,2019-08-16,沪深300指数,1601.25,9982,10064,12321,12363,10058,40.75,沪深300,000300.SH
567,证券ETF富国,515850,1.398,10108,9999,行业，金融，证券,0.20%,富国基金,2020-02-21,证券公司指数,1618.45,9484,9345,10310,12372,11211,3.71,证券公司,399975.SZ
568,创新药ETF建信,159835,0.623,10315,9996,行业，医药,0.60%,建信基金,2021-03-29,CS创新药指数,1597.46,9585,9599,11205,8274,10000,2.51,CS创新药,931152.CSI
569,金融科技ETF易方达,159299,0.894,10276,10014,主题，金融科技,0.60%,易方达基金,2025-09-11,金融科技指数,1606.01,9603,9572,10000,10000,10000,2.72,金融科技,930986.CSI
570,创新药ETF富国,159748,0.733,10339,9997,行业，医药,0.60%,富国基金,2021-12-03,SHS创新药人民币指数,1554.06,9557,9852,12530,9839,10000,5.62,SHS创新药,931409.CSI
571,港股通科技ETF万家,159251,0.853,10277,10000,跨境，香港，科技,0.60%,万家基金,2025-07-24,港股通科技指数,1563.09,9084,8895,10000,10000,10000,2.34,港股通科技,987008
572,信创ETF易方达,159540,1.726,10082,9998,行业，信息技术,0.60%,易方达基金,2023-09-28,国证信创指数,1607.25,9977,10973,12900,10000,10000,1.6,国证信创,CN5075
573,航空ETF,159392,1.331,10145,10003,行业，航空,0.60%,富国基金,2025-05-14,通用航空指数,1646.66,10122,10657,10000,10000,10000,0.918,通用航空,980076
574,恒生50ETF景顺,159109,0.875,10151,10000,跨境，香港,0.60%,景顺长城基金,2025-10-10,恒生港股通50指数,1555.52,9409,9584,10000,10000,10000,5.44,港股通50,987003
575,沪深300ETF中金,510320,1.253,10016,9980,宽基，大盘股,0.20%,中金基金,2025-04-25,沪深300指数,1528.91,9968,10048,10000,10000,10000,5.17,沪深300,000300.SH
576,创业板50ETF国泰,159375,1.685,10030,10006,宽基，中小盘,0.20%,国泰基金,2025-01-10,创业板50指数,1492.68,9900,9959,15851,10000,10000,2.28,创业板50,399673.SZ
577,A500ETF华宝,563500,0.642,10016,9998,宽基，中小盘,0.20%,华宝基金,2024-12-02,中证A500指数,1516.09,10090,10397,13059,10000,10000,6.17,中证A50,930050.CSI
578,红利质量ETF易方达,560370,0.989,10010,9987,策略，红利，价值,0.20%,易方达基金,2026-02-26,中证红利质量指数,1528.58,10000,10000,10000,10000,10000,2.16,红利质量,931468.CSI
579,中证500ETF天弘,159820,1.423,10078,10000,宽基，中小盘,0.60%,天弘基金,2020-08-24,中证500指数,1380.54,10252,11222,14359,13869,14447,18.75,中证500,000905.SH
580,上证180ETF华夏,510670,1.015,10050,10018,宽基，大盘股,0.20%,华夏基金,2025-10-29,上证180指数,1385.39,10050,10284,10000,10000,10000,4.05,上证180,000010.SH
581,科创50ETF华安,588280,1.022,10059,9993,宽基，中小盘，科创板,0.20%,华安基金,2021-10-29,科创50指数,1358.22,9865,10493,13086,13981,10000,4.2,科创50,000688.SH
582,科创50ETF富国,588940,1.454,10055,9991,宽基，中小盘，科创板,0.20%,富国基金,2025-06-03,科创50指数,1449.22,9878,10529,10000,10000,10000,4.7,科创50,000688.SH
583,电池ETF大成,159155,0.943,10053,9985,主题，新兴产业，新能源车，电池,0.60%,大成基金,2026-01-21,CS电池指数,1384.53,10151,10000,10000,10000,10000,4.41,CS电池,931719.CSI
584,中证500成长ETF易方达,159606,1.303,10054,10009,策略，价值，成长,0.60%,易方达基金,2021-12-29,500质量指数,1368.22,10325,11146,14510,14624,10000,3.53,500质量,930939.CSI
585,碳中和ETF南方,159639,1.099,10009,9987,主题，环保，新兴产业,0.60%,南方基金,2022-07-19,SEEE碳中和指数,1386.51,10252,10497,14291,12647,10000,3.74,SEEE碳中和,931755.CSI
586,消费ETF广发,560680,0.846,10242,9987,行业，消费,0.60%,广发基金,2022-10-31,中证消费指数,1254.76,9581,9769,9849,7109,10000,3.08,中证消费,000932.SH
587,上证50ETF广发,510950,1.285,10016,10007,宽基，大盘股,0.20%,广发基金,2024-05-10,上证50指数,1257.16,9809,9915,11746,10000,10000,0.88,上证50,000016.SH
588,创业板ETF汇添富,159247,0.968,10031,10003,宽基，中小盘,0.20%,汇添富基金,2026-02-02,创业板指,1261.06,9918,10000,10000,10000,10000,2.64,创业板指,399006.SZ
589,光伏ETF鹏华,159863,0.745,10040,10000,主题，光伏，新兴产业,0.60%,鹏华基金,2021-03-11,光伏产业指数,1253.49,10290,11677,15173,7826,10000,2.47,光伏产业,931151.CSI
590,光伏ETF富国,560230,1.02,10049,10010,主题，光伏，新兴产业,0.60%,富国基金,2026-02-06,光伏产业指数,1265.03,10000,10000,10000,10000,10000,3.64,光伏产业,931151.CSI
591,消费电子ETF,561600,1.213,9984,9995,主题，消费电子,0.60%,平安基金,2021-09-09,消费电子指数,1335.83,10100,10066,13478,16989,10000,4.77,消费电子,931494.CSI
592,云计算ETF天弘,517390,1.797,10118,9977,跨境，香港，云计算,0.60%,天弘基金,2021-12-23,SHS云计算人民币指数,1345.95,9750,9978,14610,19878,10000,3.22,SHS云计算,931470.CSI
593,国证2000ETF,159907,1.132,10125,10009,宽基，中小盘,0.60%,广发基金,2011-08-10,国证2000指数,1340.59,10282,11012,13557,13780,12146,1.65,国证2000,399303.SZ
594,碳中和ETF易方达,562990,1.105,10018,10004,主题，环保，新兴产业,0.60%,易方达基金,2022-07-19,SEEE碳中和指数,1329.01,10289,10554,14407,12687,10000,6.34,SEEE碳中和,931755.CSI
595,电信ETF易方达,563010,1.975,9970,10004,行业，TMT，通信,0.60%,易方达基金,2023-07-13,中证电信指数,1264.7,10351,10249,14695,10000,10000,1.52,中证电信,000936
596,高股息ETF,563180,1.187,10000,9992,策略，红利,0.60%,银华基金,2024-05-14,高息策略指数,1266.75,10304,10477,11637,10000,10000,1.59,高息策略,H30366.CSI
597,中证A500增强ETF国泰,159226,1.282,10023,9976,宽基，中小盘,0.60%,国泰基金,2025-05-29,中证A500指数,1302.32,10039,10517,10000,10000,10000,0.916,中证A50,930050.CSI
598,科创综指ETF汇添富,589080,1.4,10065,9981,宽基，中小盘，科创板,0.20%,汇添富基金,2025-03-05,科创综指,1290.94,10000,10753,14000,10000,10000,2.78,科创综指,000680.SH
599,科创综指ETF博时,589900,1.408,10086,9990,宽基，中小盘，科创板,0.20%,博时基金,2025-03-05,科创综指,1331.07,10021,10773,14165,10000,10000,3.84,科创综指,000680.SH
600,银行ETF华安,516210,1.335,10015,10002,行业，金融，银行,0.60%,华安基金,2021-09-24,中证银行指数,1179.41,9896,9509,10446,14495,10000,1.5,中证银行,399986.SZ
601,光伏ETF嘉实,159123,1.183,10025,9993,主题，光伏，新兴产业,0.60%,嘉实基金,2025-11-27,光伏产业指数,1167.48,10234,11690,10000,10000,10000,2.65,光伏产业,931151.CSI
602,食品饮料ETF,159843,0.603,10152,9990,行业，食品饮料,0.60%,招商基金,2021-02-05,国证食品指数,1219.18,9263,9571,9334,6806,6821,4.34,国证食品,399396
603,通信ETF广发,159507,2.216,9946,10019,行业，TMT，通信,0.60%,广发基金,2023-06-21,国证通信指数,1218.58,10567,10794,19821,10000,10000,1.47,国证通信,399389
604,800红利低波ETF鑫元,563980,1.007,10060,9980,策略，低波动，红利,0.60%,鑫元基金,2025-11-07,800红利低波指数,1223.87,10265,10490,10000,10000,10000,4.93,红利低波,h30269.CSI
605,科创综指ETF景顺,589890,1.396,10109,9989,宽基，中小盘，科创板,0.20%,景顺长城基金,2025-03-05,科创价格指数,1168.5,10022,10780,14030,10000,10000,4.27,科创价格,000681
606,港股通互联网ETF汇添富,159280,0.816,10251,10000,跨境，香港,0.50%,汇添富基金,2025-08-18,港股通互联网指数,1160.91,8879,8812,10000,10000,10000,1.08,港股通互联网,987022
607,沪深300指增ETF,562070,1.013,10040,10010,宽基，大盘股,0.90%,华宝基金,2025-12-25,沪深300指数,1065.21,9970,10060,10000,10000,10000,1.78,沪深300,000300.SH
608,中证500ETF中银证券,515190,1.738,10058,9994,宽基，中小盘,0.20%,中银证券,2020-05-27,中证500指数,1063.83,10260,11162,14223,13525,13849,8.17,中证500,000905.SH
609,500ETF增强,159610,1.231,10065,10019,宽基，中小盘,0.60%,景顺长城基金,2022-01-10,中证500指数,1139.47,10250,11090,14215,14534,10000,2.32,中证500,000905.SH
610,红利低波ETF泰康,560150,1.153,10061,10010,策略，红利,0.50%,泰康基金,2024-04-08,红利低波指数,1094.84,10061,10134,10948,10000,10000,8.57,红利低波,h30269.CSI
611,上证指数ETF易方达,530060,1.008,10050,9996,宽基，综合,0.20%,易方达基金,2026-02-10,上证指数,1132.22,10000,10000,10000,10000,10000,3.21,上证指数,000001.SH
612,证券ETF建信,515560,1.034,10088,9978,行业，金融，证券,0.25%,建信基金,2020-07-20,证券公司指数,1050.69,9469,9324,10187,12237,10638,2.16,证券公司,399975.SZ
613,红利ETF西部利得,159708,0.9,10078,9988,策略，红利,0.48%,西部利得基金,2021-07-02,深证红利指数,1082.23,9879,10405,11583,11097,10000,1.91,深证红利,399324.SZ
614,中证800ETF易方达,515810,1.693,10036,9971,宽基，综合,0.20%,易方达基金,2019-10-25,中证800指数,1122.03,10047,10380,13043,13479,11749,6.02,中证800,000906.SH
615,科创创业ETF博时,588390,0.998,10000,10000,宽基，中小盘，科创板,0.60%,博时基金,2021-08-30,科创创业50指数,1121.61,9980,10020,15569,14612,10000,2.57,科创创业50,931643.CSI
616,芯片ETF天弘,159310,2.231,10022,9994,行业，半导体，芯片,0.55%,天弘基金,2024-04-30,芯片产业指数,1062.29,10018,10814,13996,10000,10000,12.02,芯片产业,H30007.CSI
617,沪深300成长ETF华夏,159523,1.287,10031,9987,策略，成长,0.60%,华夏基金,2023-09-19,300成长创新指数,1129.85,10031,10371,12655,10000,10000,0.676,300成长,000918.CSI
618,科创医药ETF工银,588860,0.67,10292,10006,行业，医药，科创板,0.52%,工银瑞信基金,2024-08-23,科创生物指数,1116.19,9504,9654,10833,10000,10000,2.06,科创生物,000683
619,港股汽车ETF工银,159237,1.019,10200,10000,跨境，香港，汽车,0.52%,工银瑞信基金,2025-07-07,港股通汽车指数,1092.89,9971,9659,10000,10000,10000,0.59,汽车指数,CN6055
620,通用航空ETF华宝,159231,0.712,10157,10017,行业，航空,0.60%,华宝基金,2025-04-29,通用航空指数,1050.18,10128,10659,10000,10000,10000,0.865,通用航空,980076
621,航空ETF汇添富,159257,1.233,10148,9986,行业，航空,0.60%,汇添富基金,2025-07-28,通用航空指数,1123.31,10107,10675,10000,10000,10000,0.702,通用航空,980076
622,数字经济ETF富国,159385,1.517,9980,9988,主题，数字经济,0.60%,富国基金,2025-05-30,国企数字经济指数,1114.98,10174,10631,10000,10000,10000,1.78,数字经济,931582.CSI
623,医药ETF华安,512120,0.444,10230,9992,行业，医药,0.60%,华安基金,2014-01-06,细分医药指数,1038.34,9694,9801,10963,8268,5734,3.56,医药指数,CN6046
624,新能源车ETF汇添富,516390,0.986,10000,10007,主题，新兴产业，新能源车,0.20%,汇添富基金,2021-06-18,新能源车指数,1031.63,10051,9743,13638,10752,10000,2.74,新能源车,399417
625,智能汽车ETF华夏,159888,1.263,10056,10003,主题，智能汽车,0.60%,华夏基金,2021-05-21,CS智汽车指数,1008.42,9783,9875,10507,13021,10000,0.874,CS智汽车,930721.CSI
626,创新药ETF南方,159858,0.635,10292,10003,行业，医药,0.20%,南方基金,2021-03-25,CS创新药指数,1031.61,9592,9607,11319,8467,10000,3.24,CS创新药,931152.CSI
627,科创50ETF景顺,588950,1.465,10062,10000,宽基，中小盘，科创板,0.20%,景顺长城基金,2025-01-24,科创50指数,1014.27,9879,10494,13163,10000,10000,2.96,科创50,000688.SH
628,光伏ETF基金,516180,0.929,10043,10026,主题，光伏，新兴产业,0.60%,平安基金,2021-03-03,光伏产业指数,1006.45,10277,11715,15230,7807,10865,0.911,光伏产业,931151.CSI
629,电池龙头ETF,159767,0.866,9943,10008,主题，新兴产业，新能源车，电池,0.60%,兴银基金,2021-08-23,新能电池指数,1015.44,10212,9954,14703,11978,10000,3.16,新能电池,980032.CNI
630,创业板新能源ETF工银,159149,0.96,10073,10018,主题，新兴产业，新能源,0.60%,工银瑞信基金,2026-01-20,创新能源指数,1045.14,9948,10000,10000,10000,10000,2.44,创新能源,399266
631,港股通消费ETF华安,159285,0.931,10220,10000,跨境，香港，消费,0.60%,华安基金,2025-10-20,港股通消费指数,1026.65,9433,10220,10000,10000,10000,4.67,港股通消费,987024
