,name,code,close,rate,premium,tag,mtexp,fundfirm,listdate,index,avgamount,m1,y0,y1,y3,y5,scale,index_name,index_id
0,纳指ETF,513100,1.56,9968,10000,跨境，美国,0.80%,国泰基金,2013-05-15,纳斯达克100指数,70069.58,9659,9576,11927,17450,21161,144.05,纳斯达克100,NDX.GI
1,科创50ETF,588000,1.161,9991,9990,宽基，中小盘，科创板,0.20%,华夏基金,2020-11-16,科创50指数,598626.64,11506,11110,14404,9000,10000,929.31,科创50,000688.SH
2,创业板ETF,159915,2.191,9973,9995,宽基，中小盘,0.20%,易方达基金,2011-12-09,创业板指,317223.53,10804,10423,12858,7930,9982,915.0,创业板指,399006.SZ
3,恒生科技指数ETF,513180,0.786,10090,10000,跨境，香港，科技,0.65%,华夏基金,2021-05-25,恒生科技指数,682303.39,12243,12864,17199,12536,10000,229.75,恒生科技指数,HSTECH.HI
4,沪深300ETF,510300,4.022,10002,10001,宽基，大盘股,0.20%,华泰柏瑞基金,2012-05-28,沪深300指数,477682.46,10294,10000,11682,9140,10462,3596.27,沪深300,000300.SH
5,医疗ETF,512170,0.349,10000,9981,行业，医药,0.60%,华宝基金,2019-06-17,中证医疗指数,99951.58,11222,10673,9887,6070,6686,250.79,中证医疗,399989.SZ
6,机器人ETF,562500,1.014,10000,10008,主题，新兴产业，机器人,0.60%,华夏基金,2021-12-29,机器人指数,167780.42,12411,13033,14506,11602,10000,41.37,机器人,H30590.CSI
7,红利低波ETF,512890,1.072,10009,10009,策略，红利,0.60%,华泰柏瑞基金,2019-01-18,红利低波指数,39673.4,9772,9537,10752,13121,18923,137.5,红利低波,h30269.CSI
8,中概互联网ETF,513050,1.45,10035,10000,跨境，中概股,0.80%,易方达基金,2017-01-18,中国互联网50指数,484098.02,12134,12436,16004,12642,9758,363.35,中国互联网50,H30533.CSI
9,酒ETF,512690,0.584,10000,9990,行业，食品饮料，酒,0.60%,鹏华基金,2019-05-06,中证酒指数,89353.56,10246,9481,8835,6854,14028,125.52,中证酒指数,399987
10,德国ETF,513030,1.717,10006,10000,跨境，德国,1.00%,华安基金,2014-09-05,德国DAX指数,322463.28,10381,11982,13067,16557,15839,8.64,德国DAX,GDAXI.GI
11,科创芯片ETF,588200,1.675,9976,10004,行业，半导体，芯片，科创板,0.60%,嘉实基金,2022-10-26,科创芯片指数,310514.18,11771,11441,17466,10000,10000,227.98,科创芯片,000685.SH
12,恒生ETF,159920,1.419,10014,10000,跨境，香港,0.75%,华夏基金,2012-10-22,香港恒生指数,138918.52,11379,11471,14362,12170,9556,190.8,恒生指数,HSI.HI
13,消费ETF,159928,0.778,10000,10008,行业，消费，必选消费,0.60%,汇添富基金,2013-09-16,中证消费指数,35144.7,10065,9523,9262,7060,10240,135.21,中证消费,000932.SH
14,创业板50ETF,159949,0.99,10000,9993,宽基，中小盘,0.60%,华安基金,2016-07-22,创业板50指数,121342.92,10703,10302,13488,7958,11593,298.87,创业板50,399673.SZ
15,游戏ETF,159869,1.233,10000,10017,主题，游戏,0.60%,华夏基金,2021-03-05,动漫游戏指数,51963.37,12269,12318,12518,13916,10000,54.14,动漫游戏,930901.CSI
16,红利ETF,510880,2.975,10000,10000,策略，红利,0.60%,华泰柏瑞基金,2007-01-18,红利指数,73186.93,9581,9292,10100,11954,14191,233.99,红利指数,000015
17,日经ETF,513520,1.454,9979,10000,跨境，日本,0.25%,华夏基金,2019-06-25,日经225指数,20032.53,9871,10000,9267,13513,13808,10.14,日经225,N225.GI
18,中证红利ETF,515080,1.466,9986,10006,策略，红利,0.30%,招商基金,2019-12-27,中证红利指数,25577.46,9670,9379,10242,11579,17806,65.95,中证红利,000922.CSI
19,恒生互联网ETF,513330,0.515,10078,10000,跨境，香港，互联网,0.65%,华夏基金,2021-02-08,恒生互联网科技业指数,654781.21,11894,12350,15653,9810,10000,270.42,恒生互联网科技业,HSIII.HI
20,金融科技ETF,159851,1.606,10000,10004,主题，金融科技,0.60%,华宝基金,2021-03-19,金融科技指数,70868.87,11809,11199,17195,14125,10000,46.7,金融科技,930986.CSI
21,恒生医疗ETF,513060,0.448,10022,10000,跨境，香港，医药，医疗保健,0.65%,博时基金,2021-03-29,恒生医疗保健指数,250475.4,11667,11487,11517,7619,10000,142.16,医疗保健,h30178.CSI
22,中证1000ETF,512100,2.574,10000,10000,宽基，中小盘,0.20%,南方基金,2016-11-04,中证1000指数,158707.41,11019,10806,12399,8942,11434,538.73,中证1000,000852.SH
23,法国CAC40ETF,513080,1.661,9952,10000,跨境，法国,0.65%,华安基金,2020-06-12,法国CAC40指数,562413.88,10253,11284,10349,13923,10000,6.01,法国CAC40,FCHI.GI
24,恒生科技ETF,513130,0.769,10065,10000,跨境，香港，科技,0.25%,华泰柏瑞基金,2021-06-01,恒生科技指数,674381.7,12226,12903,17089,12343,10000,199.87,恒生科技指数,HSTECH.HI
25,红利低波50ETF,515450,1.372,10051,10000,策略，低波动，红利,0.60%,南方基金,2020-02-26,标普中国A股大盘红利低波50指数,8881.55,9765,9541,11423,14080,10000,52.1,红利低波,h30269.CSI
26,中证2000ETF,563300,1.126,9991,10022,宽基，中小盘,0.60%,华泰柏瑞基金,2023-09-14,中证2000指数,52922.72,11193,11083,12987,10000,10000,29.29,中证2000,932000.CSI
27,人工智能ETF,159819,1.08,10000,9994,主题，新兴产业，人工智能,0.20%,易方达基金,2020-09-23,CS人工智能指数,104733.82,11960,11868,15276,11345,10000,85.15,人工智能,931071.CSI
28,证券ETF,512880,1.117,10000,9995,行业，金融，证券,0.60%,国泰基金,2016-08-08,证券公司指数,209047.44,10285,9547,12480,10930,10410,283.63,证券公司,399975.SZ
29,云计算ETF,516510,1.383,10000,10009,主题，TMT，互联网,0.20%,易方达基金,2021-04-07,云计算指数,62897.37,12723,12539,16100,14619,10000,9.8,云计算,930851.CSI
30,光伏ETF,515790,0.747,10000,10009,主题，光伏，新兴产业,0.60%,华泰柏瑞基金,2020-12-18,光伏产业指数,44380.29,10433,9868,9132,4879,10000,90.35,光伏产业,931151.CSI
31,纳指ETF,159941,1.168,9932,10000,跨境，美国,1.00%,广发基金,2015-07-13,纳斯达克100指数,80725.54,9504,9488,11846,17317,21864,237.92,纳斯达克100,NDX.GI
32,中证500ETF,510500,5.981,10013,9994,宽基，中小盘,0.20%,南方基金,2013-03-15,中证500指数,206195.77,10709,10462,11719,9241,11091,1017.5,中证500,000905.SH
33,医药ETF,512010,0.362,10000,9980,行业，医药,0.60%,易方达基金,2013-10-28,300医药指数,83346.43,10462,10028,9679,6654,7185,231.22,300医药,000913.SH
34,上证50ETF,510050,2.703,10000,10003,宽基，大盘股,0.20%,华夏基金,2005-02-23,上证50指数,219386.51,10227,9872,11371,9302,10076,1515.13,上证50,000016.SH
35,中证A500ETF,159338,0.967,10000,9984,宽基，中小盘,0.20%,国泰基金,2024-10-15,中证A500指数,361511.25,10409,10126,10000,10000,10000,281.52,中证A500,000510.SH
36,科创创业ETF,159781,0.601,10000,9993,宽基，中小盘,0.20%,易方达基金,2021-07-05,科创创业50指数,19428.74,11048,10637,13238,8233,10000,93.08,科创创业50,931643.CSI
37,纳斯达克ETF,513300,1.948,9883,10000,跨境，美国,0.80%,华夏基金,2020-11-05,纳斯达克100指数,41094.83,9493,9303,11893,17629,10000,51.0,纳斯达克100,NDX.GI
38,通信ETF,515880,1.436,10021,9997,行业，TMT，通信,0.60%,国泰基金,2019-09-06,通信设备指数,31340.07,10590,10528,13742,13755,10346,24.75,通信设备,931160.CSI
39,创新药ETF,159992,0.717,10014,9989,行业，医药,0.55%,银华基金,2020-04-10,CS创新药指数,64846.38,10575,10287,10056,6651,10000,99.27,CS创新药,931152.CSI
40,有色ETF,159980,1.682,10024,10000,商品，有色金属,0.70%,大成基金,2019-12-24,上期有色金属指数,9667.21,10182,10287,11001,10612,17613,7.45,金属指数,CN6052
41,芯片ETF,159995,1.383,10014,9991,行业，半导体，芯片,0.60%,华夏基金,2020-02-10,国证芯片指数,125803.63,11710,11281,16784,9389,9872,261.06,国证芯片,980017.CNI
42,新能源ETF,516160,1.97,10005,10005,主题，新能源，新兴产业,0.20%,南方基金,2021-02-04,中证新能指数,14026.6,10507,9960,10374,4899,10000,46.89,中证新能,399808.SZ
43,银行ETF,512800,1.467,9980,10002,行业，金融，银行,0.60%,华宝基金,2017-08-03,中证银行指数,58861.78,9760,9879,12657,12517,14106,74.88,中证银行,399986.SZ
44,H股ETF,510900,1.109,10009,10111,跨境，香港，中概股,0.75%,易方达基金,2012-10-22,恒生中国企业指数,77348.32,11480,11674,15446,12971,9188,108.57,恒生中国企业指数,HSCEI.HI
45,机器人ETF,159770,1.051,10010,10016,主题，新兴产业，机器人,0.60%,天弘基金,2021-11-08,机器人指数,63285.08,12423,13040,14597,11691,10000,14.16,机器人,H30590.CSI
46,AI人工智能ETF,512930,1.55,10026,10020,主题，新兴产业，人工智能,0.20%,平安基金,2019-08-23,CS人工智能指数,24396.0,12016,11914,15160,11292,10838,11.24,人工智能,931071.CSI
47,军工ETF,512660,1.039,10010,9984,行业，军工,0.60%,国泰基金,2016-08-08,中证军工指数,44329.43,10602,9971,12152,8366,11596,99.94,中证军工,399967.SZ
48,恒生医疗ETF基金,159303,1.236,10000,10000,跨境，香港，医药，医疗保健,0.60%,大成基金,2024-06-27,恒生医疗保健指数,18728.37,11682,11573,10000,10000,10000,0.32,医疗保健,h30178.CSI
49,恒生科技ETF,159740,0.777,10130,10000,跨境，香港，科技,0.60%,大成基金,2021-05-27,恒生科技指数,194918.94,12353,13059,17267,12353,10000,45.74,恒生科技指数,HSTECH.HI
50,养殖ETF,159865,0.547,10018,10004,行业，畜牧养殖,0.60%,国泰基金,2021-03-08,中证畜牧指数,10494.8,9945,9647,9026,6420,10000,32.32,中证畜牧,930707.CSI
51,电池ETF,159755,0.725,10000,9985,主题，新兴产业，新能源车，电池,0.60%,广发基金,2021-06-24,新能电池指数,18281.74,11310,11120,13476,6213,10000,33.23,新能电池,980032.CNI
52,人工智能AIETF,515070,1.377,10000,10007,主题，新兴产业，人工智能,0.60%,华夏基金,2019-12-24,CS人工智能指数,27413.71,11974,11860,15249,11268,9971,29.58,人工智能,931071.CSI
53,旅游ETF,159766,0.654,10000,10004,主题，旅游,0.60%,富国基金,2021-07-23,中证旅游指数,9896.1,9747,9277,9303,6387,10000,22.06,中证旅游,930633.CSI
54,创业板成长ETF,159967,0.468,9957,9996,策略，动量，成长,0.60%,华夏基金,2019-07-15,创成长指数,13010.8,10400,10377,11848,6753,11085,46.84,创成长,399296.SZ
55,软件ETF,515230,0.957,10010,10007,主题，新兴产业，软件,0.60%,国泰基金,2021-03-02,软件指数,19930.44,12207,12222,14678,10279,10000,11.19,软件指数,h30202.CSI
56,证券ETF,159841,1.014,10000,10013,行业，金融，证券,0.60%,天弘基金,2021-02-09,证券公司指数,30676.59,10305,9548,12457,10927,10000,62.39,证券公司,399975.SZ
57,消费50ETF,515650,1.113,10009,9997,行业，消费,0.60%,富国基金,2019-11-11,CS消费50指数,6712.22,9841,9505,10082,8130,11439,23.04,CS消费50,931139.CSI
58,传媒ETF,512980,0.851,9953,9986,行业，TMT，传媒,0.60%,广发基金,2018-01-19,中证传媒指数,20277.37,11023,10995,11986,12037,8728,29.04,中证传媒,399971.SZ
59,港股通科技30ETF,159636,1.366,10081,10167,跨境，香港，科技,0.52%,工银瑞信基金,2022-07-20,港股通科技指数,90489.07,12850,13275,20511,10000,10000,76.78,港股通科技,987008
60,A500ETF基金,512050,0.964,10000,10002,宽基，中小盘,0.20%,华夏基金,2024-11-15,中证A500指数,486021.7,10422,10147,10000,10000,10000,184.12,中证A500,000510.SH
61,食品饮料ETF,515170,0.559,9982,9989,行业，食品饮料,0.60%,华夏基金,2021-01-13,细分食品指数,8085.14,10036,9379,9255,7121,10000,33.67,细分食品,000815.CSI
62,科创板50ETF,588080,1.129,10000,9994,宽基，中小盘，科创板,0.20%,易方达基金,2020-11-16,科创50指数,168878.81,11520,11134,14364,8855,10000,589.02,科创50,000688.SH
63,消费电子ETF,159732,0.923,10000,10032,主题，消费电子,0.60%,华夏基金,2021-08-23,消费电子指数,28918.8,11094,11466,15513,9925,10000,17.08,消费电子,931494.CSI
64,新能车ETF,515700,1.766,10000,9987,主题，新兴产业，新能源车,0.20%,平安基金,2020-02-10,新能源车指数,9436.94,11256,11170,12705,6212,13983,26.39,新能源车,399417
65,新能源车ETF,515030,1.331,10000,9983,主题，新兴产业，新能源车,0.60%,华夏基金,2020-03-04,CS新能车指数,13958.58,11223,11147,12592,6039,10000,48.59,CS新能车,399976.SZ
66,稀土ETF,516780,1.075,10009,9980,主题，稀土,0.60%,华泰柏瑞基金,2021-03-08,稀土产业指数,6854.07,10793,10870,13046,7987,10000,8.71,稀土产业,930598.CSI
67,纳斯达克指数ETF,159501,1.445,9911,10000,跨境，美国,0.60%,嘉实基金,2023-06-14,纳斯达克100指数,23610.5,9659,9544,11952,10000,10000,69.59,纳斯达克100,NDX.GI
68,智能汽车ETF,515250,1.121,10000,10059,主题，智能汽车,0.60%,富国基金,2021-01-08,CS智汽车指数,12742.65,11837,12015,15087,10399,10000,6.18,CS智汽车,930721.CSI
69,煤炭ETF,515220,1.004,10000,10004,行业，煤炭，资源,0.60%,国泰基金,2020-03-02,中证煤炭指数,24292.34,9517,8861,7996,10544,10000,28.54,中证煤炭,399998.SZ
70,有色金属ETF,512400,1.021,10039,9997,行业，资源，有色金属,0.60%,南方基金,2017-09-01,有色金属指数,13437.81,10010,10493,11302,7384,13176,43.65,金属指数,CN6052
71,沪深300ETF易方达,510310,3.863,10000,10002,宽基，大盘股,0.20%,易方达基金,2013-03-25,沪深300指数,140677.93,10285,10000,11717,9279,10811,2476.8,沪深300,000300.SH
72,云计算沪港深ETF,517390,1.272,9899,10074,跨境，香港，云计算,0.60%,天弘基金,2021-12-23,SHS云计算人民币指数,6255.25,12669,12657,17097,14055,10000,0.482,SHS云计算,931470.CSI
73,深红利ETF,159905,1.609,10000,10007,策略，红利,0.60%,工银瑞信基金,2011-01-11,深证红利指数,6096.18,9975,9746,10450,8624,9595,34.26,深证红利,399324.SZ
74,机器人ETF基金,562360,1.103,10000,10038,主题，新兴产业，机器人,0.60%,银华基金,2021-10-15,机器人指数,8646.42,12421,13022,14418,11290,10000,1.84,机器人,H30590.CSI
75,机器人指数ETF,159526,1.493,10047,10019,主题，新兴产业，机器人,0.60%,嘉实基金,2024-04-24,机器人指数,10999.01,12473,13085,10000,10000,10000,1.65,机器人,H30590.CSI
76,中韩半导体ETF,513310,1.624,9890,10000,跨境，韩国,0.95%,华泰柏瑞基金,2022-12-22,中韩半导体指数,91976.54,10870,11437,14061,10000,10000,6.6,中韩半导体,931790.CSI
77,创业板人工智能ETF华宝,159363,1.124,10009,9986,主题，新兴产业，人工智能,0.60%,华宝基金,2024-12-16,创业板人工智能指数,18411.97,11540,11660,10000,10000,10000,6.69,人工智能,931071.CSI
78,房地产ETF,512200,1.435,10042,10000,行业，金融，房地产,0.60%,南方基金,2017-09-25,房地产指数,27499.2,10384,9815,10402,6479,6066,42.96,地产指数,399241
79,恒生科技ETF基金,513260,1.505,10094,10000,跨境，香港，科技,0.20%,汇添富基金,2022-09-13,恒生科技指数,57668.71,12226,12852,17239,10000,10000,15.52,恒生科技指数,HSTECH.HI
80,云计算ETF华泰柏瑞,159738,1.36,10022,10047,跨境，香港，云计算,0.60%,华泰柏瑞基金,2022-01-28,SHS云计算人民币指数,4997.94,12734,12710,16958,14346,10000,0.607,SHS云计算,931470.CSI
81,5G通信ETF,515050,1.262,10000,10000,主题，新兴产业，5G,0.60%,华夏基金,2019-10-16,5G通信指数,17020.14,10964,11060,14847,11473,8894,69.2,5G通信,931079.CSI
82,人工智能ETF,515980,1.165,10000,10008,主题，新兴产业，人工智能,0.60%,华富基金,2020-02-10,人工智能指数,23553.63,11998,11986,15349,10918,8975,19.14,人工智能,931071.CSI
83,红利低波100ETF,515100,1.42,10007,10015,策略，低波动，红利,0.60%,景顺长城基金,2020-07-03,红利低波100指数,12384.21,9793,9498,10741,12670,10000,67.9,红利低波,h30269.CSI
84,恒生ETF,513660,2.84,10007,10000,跨境，香港,0.60%,华夏基金,2015-01-26,香港恒生指数,35793.37,11429,11549,14654,12827,10940,48.63,恒生指数,HSI.HI
85,教育ETF,513360,0.569,10053,10000,跨境，教育,0.65%,博时基金,2021-06-17,中国教育人民币指数,119667.71,10942,11312,9163,14405,10000,3.64,中国教育,931456.CSI
86,科技ETF,515000,1.436,10000,10023,主题，新兴产业，科技,0.60%,华宝基金,2019-08-16,科技龙头指数,13088.8,11097,10962,13433,9235,8604,33.36,科技龙头,931087.CSI
87,科创100指数ETF,588030,1.041,10000,10009,宽基，中小盘，科创板,0.20%,博时基金,2023-09-15,科创100指数,65992.98,11528,11605,12789,10000,10000,75.04,科创100,000698
88,券商ETF,512000,1.069,10000,10010,行业，金融，证券,0.60%,华宝基金,2016-09-14,证券公司指数,108776.84,10299,9545,12474,10919,10480,236.71,证券公司,399975.SZ
89,医药ETF,159929,1.267,9969,9993,行业，医药,0.60%,汇添富基金,2013-09-16,中证医药指数,10016.44,10445,10000,9569,6931,7228,22.41,中证医药,000933.SH
90,医疗ETF龙头,560260,0.873,10000,10003,行业，医药,0.55%,广发基金,2023-09-15,中证医疗指数,3751.34,11250,10725,9954,10000,10000,16.01,中证医疗,399989.SZ
91,恒生科技ETF易方达,513010,0.801,10038,10000,跨境，香港，科技,0.25%,易方达基金,2021-05-25,恒生科技指数,185544.07,12173,12796,17115,12775,10000,74.45,恒生科技指数,HSTECH.HI
92,纳斯达克100指数ETF,159513,1.3,9909,10000,跨境，美国,1.05%,大成基金,2023-07-28,纳斯达克100指数,8915.22,9517,9482,11938,10000,10000,53.94,纳斯达克100,NDX.GI
93,纳指100ETF,159660,1.674,9882,10000,跨境，美国,0.65%,汇添富基金,2023-04-17,纳斯达克100指数,11456.07,9593,9203,11906,10000,10000,18.94,纳斯达克100,NDX.GI
94,港股通互联网ETF,159792,0.901,9989,10130,跨境，香港，互联网,0.60%,富国基金,2021-09-28,HKC互联网指数,385830.89,12601,12964,18202,12159,10000,221.9,HKC互联网,931637.CSI
95,机器人ETF易方达,159530,1.459,10000,10008,主题，新兴产业，机器人,0.60%,易方达基金,2024-01-18,机器人100指数,5422.7,11979,12524,14165,10000,10000,1.77,机器人,H30590.CSI
96,中证A50指数ETF,159593,1.147,9991,10005,宽基，大盘,0.20%,平安基金,2024-03-12,中证A50指数,33505.53,10287,9957,10000,10000,10000,89.05,中证A50,930050.CSI
97,纳指ETF易方达,159696,1.43,9944,10000,跨境，美国,0.60%,易方达基金,2023-08-25,纳斯达克100指数,10544.44,9682,9552,11927,10000,10000,13.9,纳斯达克100,NDX.GI
98,创业50ETF,159682,0.96,9990,10000,宽基，中小盘,0.20%,景顺长城基金,2023-01-03,创业板50指数,22203.3,10667,10300,13502,10000,10000,56.5,创业板50,399673.SZ
99,双创50ETF,588380,0.618,9984,9997,宽基，中小盘,0.60%,富国基金,2021-07-06,科创创业50指数,6013.22,11016,10637,13233,8295,10000,26.68,科创创业50,931643.CSI
100,国防ETF,512670,0.687,10015,9984,行业，军工,0.40%,鹏华基金,2019-08-01,中证国防指数,13840.63,10489,9885,11664,6975,10734,29.63,中证国防指数,399973
101,日经225ETF,513880,1.335,9993,10000,跨境，日本,0.25%,华安基金,2019-06-25,日经225指数,8223.94,10000,10000,9695,12775,12936,13.64,日经225,N225.GI
102,医疗ETF易方达,159847,0.406,10000,9995,行业，医药,0.20%,易方达基金,2021-07-19,中证医疗指数,2484.44,11247,10628,10050,6364,10000,7.59,中证医疗,399989.SZ
103,农业ETF,159825,0.647,10000,10000,行业，农业,0.60%,富国基金,2020-12-29,中证农业指数,14919.55,10000,9715,9487,6663,10000,16.71,中证农业,000949.CSI
104,科创100ETF基金,588220,1.042,10010,9998,宽基，中小盘，科创板,0.20%,鹏华基金,2023-09-15,科创100指数,46374.67,11527,11604,12738,10000,10000,61.59,科创100,000698
105,云计算ETF,159890,1.41,10071,10018,主题，TMT，互联网,0.25%,招商基金,2021-04-02,云计算指数,9185.42,12807,12623,16338,14642,10000,1.69,云计算,930851.CSI
106,家电ETF,159996,1.387,10000,9999,行业，家电,0.60%,国泰基金,2020-03-16,家用电器指数,6238.22,10305,10413,12644,12135,10000,15.84,家用电器,930697.CSI
107,A50ETF,159601,0.828,9964,10000,MSCI,0.60%,华夏基金,2021-11-08,MSCI中国A50互联互通人民币指数,6076.17,10299,9976,11948,8932,10000,38.73,MSCI中国A50互联互通,746059.MI
108,生物医药ETF,512290,0.94,9937,9992,行业，医药，生物科技,0.60%,国泰基金,2019-05-20,CS生医指数,10801.09,10780,10330,9261,6690,6620,40.35,CS生医,930726.CSI
109,金融科技ETF华夏,516100,1.309,10008,10009,主题，金融科技,0.60%,华夏基金,2021-07-23,金融科技指数,5194.79,11814,11198,17066,13808,10000,3.81,金融科技,930986.CSI
110,港股互联网ETF,159568,1.757,10011,10000,跨境，香港，互联网,0.60%,博时基金,2024-02-27,HKC互联网指数,81582.07,12613,12862,10000,10000,10000,0.791,HKC互联网,931637.CSI
111,纳斯达克ETF,159632,1.762,9916,10000,跨境，美国,0.80%,华安基金,2022-08-03,纳斯达克100指数,19415.57,9545,9211,11865,10000,10000,95.69,纳斯达克100,NDX.GI
112,钢铁ETF,515210,1.204,10000,10004,行业，钢铁,0.60%,国泰基金,2020-03-02,中证钢铁指数,4370.84,10344,10247,10816,7919,10000,8.66,中证钢铁,930606.CSI
113,能源ETF,159930,1.24,9992,10013,行业，资源，能源,0.60%,汇添富基金,2013-09-16,中证能源指数,2740.79,9337,8726,8511,12692,19255,2.71,中证能源,000928
114,德国ETF,159561,1.242,10000,10000,跨境，德国,0.60%,嘉实基金,2024-04-30,德国DAX指数,98376.05,7384,11908,10000,10000,10000,1.12,德国DAX,GDAXI.GI
115,中证A50ETF指数基金,560350,1.116,10000,10011,宽基，大盘,0.20%,摩根资产管理,2024-03-12,中证A50指数,17464.91,10333,9986,10000,10000,10000,39.28,中证A50,930050.CSI
116,纳斯达克100ETF,159659,1.653,9898,10000,跨境，美国,0.65%,招商基金,2023-04-25,纳斯达克100指数,28059.42,9672,9655,12057,10000,10000,44.6,纳斯达克100,NDX.GI
117,科创200ETF,588230,1.119,10063,10000,宽基，中小盘，科创板,0.20%,华泰柏瑞基金,2024-12-24,科创200指数,4680.14,11501,11717,10000,10000,10000,3.42,科创200,000699
118,纳斯达克100ETF,513110,1.781,9928,10000,跨境，美国,1.00%,华泰柏瑞基金,2023-03-20,纳斯达克100指数,17968.48,9679,9622,11929,10000,10000,23.25,纳斯达克100,NDX.GI
119,工业有色ETF,560860,0.82,10024,9996,行业，资源，有色金属,0.60%,万家基金,2023-03-13,工业有色指数,2422.7,9809,10340,10948,10000,10000,3.44,有色指数,CN6051
120,食品ETF,515710,0.596,10000,10012,行业，食品饮料,0.60%,华宝基金,2021-01-07,细分食品指数,2520.85,10085,9401,9371,7313,10000,8.56,细分食品,000815.CSI
121,金融科技ETF,516860,1.375,10000,10021,主题，金融科技,0.60%,博时基金,2021-10-11,金融科技指数,13375.28,11823,11215,17166,13709,10000,10.71,金融科技,930986.CSI
122,机器人100ETF,159559,1.321,10000,10015,主题，新兴产业，机器人,0.60%,景顺长城基金,2023-12-12,机器人100指数,7628.51,12042,12521,14053,10000,10000,0.878,机器人,H30590.CSI
123,日经ETF,159866,1.11,9946,10000,跨境，日本,0.25%,工银瑞信基金,2021-04-08,日经225指数,59606.87,10174,10393,9677,13520,10000,6.18,日经225,N225.GI
124,中证A500ETF摩根,560530,0.997,10000,9998,宽基，中小盘,0.20%,摩根资产管理,2024-10-15,中证A500指数,63987.75,10440,10152,10000,10000,10000,114.14,中证A500,000510.SH
125,中证A50ETF基金,561230,1.123,10000,10013,宽基，大盘,0.20%,工银瑞信基金,2024-03-18,中证A50指数,4183.17,10322,10018,10000,10000,10000,25.77,中证A50,930050.CSI
126,中药ETF,159647,0.94,10000,10016,行业，医药,0.60%,鹏华基金,2022-07-28,中证中药指数,3505.06,9771,9307,9307,10000,10000,6.4,中证中药,930641.CSI
127,红利ETF易方达,515180,1.292,9961,10008,策略，红利,0.20%,易方达基金,2019-12-20,中证红利指数,16538.19,9656,9362,10234,11551,16076,90.23,中证红利,000922.CSI
128,碳中和ETF,159790,0.569,10000,9985,主题，低碳,0.60%,华夏基金,2021-08-06,内地低碳指数,2876.71,10197,9677,10838,5989,10000,20.68,内地低碳,000977.CSI
129,建材ETF,159745,0.567,10071,9980,行业，建筑材料,0.60%,国泰基金,2021-06-18,建筑材料指数,1115.57,9861,9709,9726,6013,10000,4.79,建筑材料,931009.CSI
130,科技100ETF,515580,0.899,10000,9996,主题，新兴产业，科技,0.60%,华泰柏瑞基金,2019-10-28,科技100指数,1894.52,10792,10884,13260,10204,13652,4.43,科技100,931187.CSI
131,科创芯片设计ETF,588780,1.147,10133,10049,主题，芯片设计,0.60%,国联安基金,2024-12-26,科创芯片设计指数,2587.48,11985,12099,10000,10000,10000,2.44,科创芯片,000685.SH
132,智能驾驶ETF,516520,1.238,10008,10066,主题，智能汽车,0.60%,华泰柏瑞基金,2021-03-01,CS智汽车指数,7400.37,11858,12055,15398,11063,10000,2.39,CS智汽车,930721.CSI
133,红利低波动ETF,563020,1.125,10018,10016,策略，红利,0.20%,易方达基金,2023-12-14,红利低波指数,3325.42,9783,9558,10801,10000,10000,9.8,红利低波,h30269.CSI
134,科创医药ETF,588860,1.204,10025,9949,行业，医药，科创板,0.52%,工银瑞信基金,2024-08-23,科创生物指数,5090.6,10995,10945,10000,10000,10000,5.24,科创生物,000683
135,中药ETF,560080,1.015,10000,10008,行业，医药,0.60%,汇添富基金,2022-10-17,中证中药指数,6535.57,9778,9303,9278,10000,10000,19.32,中证中药,930641.CSI
136,科创100ETF,588190,1.03,9942,10004,宽基，中小盘，科创板,0.20%,银华基金,2023-09-15,科创100指数,39976.01,11432,11508,12592,10000,10000,47.76,科创100,000698
137,数字经济ETF,560800,0.871,9989,9994,主题，数字经济,0.60%,鹏扬基金,2022-01-07,数字经济指数,4323.14,11754,11326,15808,10011,10000,8.82,数字经济,931582.CSI
138,科创芯片ETF基金,588290,1.637,10000,10002,行业，半导体，芯片，科创板,0.20%,华安基金,2022-10-26,科创芯片指数,29541.53,11777,11448,17471,10000,10000,24.54,科创芯片,000685.SH
139,上证指数ETF,510210,0.809,10000,9994,宽基，综合,0.60%,富国基金,2011-03-25,上证指数,29854.4,10189,9902,11052,10220,12718,63.28,上证指数,000001.SH
140,证券ETF龙头,159993,1.183,10000,10010,行业，金融，证券,0.60%,鹏华基金,2020-02-07,证券龙头指数,11649.66,10234,9571,12532,10883,11224,16.52,证券龙头,399437
141,创业板ETF广发,159952,1.342,10000,9992,宽基，中小盘,0.20%,广发基金,2017-05-19,创业板指,43573.58,10831,10460,12966,8026,10182,112.33,创业板指,399006.SZ
142,港股通汽车ETF,159323,1.249,10196,10000,跨境，香港，汽车,0.60%,华夏基金,2025-01-08,港股通汽车指数,18049.75,12173,10000,10000,10000,10000,2.03,汽车指数,CN6055
143,港股通50ETF,159712,1.156,9983,10000,跨境，香港,0.60%,国泰基金,2021-11-11,港股通50港元指数,4718.1,11468,11525,14468,12606,10000,0.479,港股通50,987003
144,中证1000ETF,159845,2.628,10042,9982,宽基，中小盘,0.20%,华夏基金,2021-03-31,中证1000指数,53477.78,11033,10833,12443,8942,10000,287.14,中证1000,000852.SH
145,中证A50ETF易方达,563080,1.148,10000,9999,宽基，大盘,0.20%,易方达基金,2024-03-18,中证A50指数,14935.2,10324,10000,10000,10000,10000,54.39,中证A50,930050.CSI
146,游戏ETF,516010,1.223,10016,10003,主题，游戏,0.60%,国泰基金,2021-03-05,动漫游戏指数,9086.51,12255,12267,12492,13882,10000,14.98,动漫游戏,930901.CSI
147,A500ETF易方达,159361,0.984,10000,9993,宽基，中小盘,0.20%,易方达基金,2024-11-19,中证A500指数,255036.43,10424,10144,10000,10000,10000,20.0,中证A500,000510.SH
148,港股创新药ETF基金,520700,1.034,10029,10000,跨境，香港，医疗,0.60%,万家基金,2024-10-14,港股通创新药指数,37324.13,11777,11618,10000,10000,10000,0.952,港股通创新药,987018
149,科创创业ETF,588360,0.651,10000,9978,宽基，中小盘，科创板,0.60%,国泰基金,2021-07-06,科创创业50指数,2896.4,10997,10655,13340,8521,10000,5.01,科创创业50,931643.CSI
150,芯片ETF龙头,159801,0.688,10000,10006,行业，半导体，芯片,0.60%,广发基金,2020-02-18,国证芯片指数,12628.6,11681,11279,16822,9373,10044,34.34,国证芯片,980017.CNI
151,1000ETF增强,159680,1.228,10000,10052,宽基，中小盘,0.60%,招商基金,2022-11-30,中证1000指数,2347.33,11073,10955,13660,10000,10000,2.72,中证1000,000852.SH
152,畜牧养殖ETF,516670,0.598,9983,10007,行业，畜牧养殖,0.30%,招商基金,2021-03-26,中证畜牧指数,2406.08,9917,9630,9158,6704,10000,6.72,中证畜牧,930707.CSI
153,中证2000ETF华夏,562660,1.239,10000,9971,宽基，中小盘,0.60%,华夏基金,2023-09-14,中证2000指数,1067.04,11013,10965,14032,10000,10000,1.64,中证2000,932000.CSI
154,日经225ETF易方达,513000,1.434,9993,10000,跨境，日本,0.25%,易方达基金,2019-06-25,日经225指数,11185.82,9958,10035,9802,13180,13592,6.16,日经225,N225.GI
155,800ETF,515800,1.023,10000,9993,宽基，综合,0.20%,汇添富基金,2019-12-16,中证800指数,9107.47,10354,10109,11691,9271,11116,62.31,中证800,000906.SH
156,基建ETF,159619,0.957,10000,10013,主题，基建,0.60%,国泰基金,2022-02-18,中证基建指数,1444.63,10268,9836,10863,9897,10000,1.57,中证基建,930608.CSI
157,科创成长ETF,588110,1.214,10000,9998,策略，成长，科创板,0.60%,广发基金,2023-08-31,科创成长指数,3503.3,11210,11335,14574,10000,10000,1.88,创成长,399296.SZ
158,云计算50ETF,516630,1.34,10007,10002,主题，TMT，互联网,0.20%,华夏基金,2021-09-03,云计算指数,12850.58,12713,12512,16048,14332,10000,1.55,云计算,930851.CSI
159,纳指100ETF,513390,1.73,9841,10000,跨境，美国,0.65%,博时基金,2023-05-08,纳斯达克100指数,3986.68,9418,9511,11964,10000,10000,17.31,纳斯达克100,NDX.GI
160,游戏ETF华泰柏瑞,516770,1.257,9929,10007,主题，游戏,0.36%,华泰柏瑞基金,2021-03-05,动漫游戏指数,2116.58,12122,12110,12633,14171,10000,1.57,动漫游戏,930901.CSI
161,科技ETF,159807,0.548,10000,10008,主题，新兴产业，科技,0.20%,易方达基金,2020-03-30,科技50指数,5257.19,10982,10600,12627,7729,10000,11.09,科技50,970080
162,房地产ETF基金,515060,0.685,10133,10000,行业，金融，房地产,0.60%,华夏基金,2020-01-03,房地产指数,2756.62,10522,9899,10587,6843,7438,5.57,地产指数,399241
163,医疗创新ETF,516820,0.342,10000,10021,行业，医药,0.60%,平安基金,2021-07-01,CS医药创新指数,9933.66,10556,10209,9194,5335,10000,16.61,CS医药创新,931484.CSI
164,沪深300ETF,159919,4.121,10000,9994,宽基，大盘股,0.20%,嘉实基金,2012-05-28,沪深300指数,71261.81,10287,9983,11682,9149,10492,1563.89,沪深300,000300.SH
165,创业板200ETF易方达,159572,1.266,9883,10000,宽基，中小盘,0.20%,易方达基金,2023-12-25,创业200指数,3854.75,11509,11253,14518,10000,10000,9.89,创业200,399019
166,生物医药ETF,159859,0.367,10027,9982,行业，医药，生物科技,0.60%,天弘基金,2021-07-07,生物医药指数,14526.6,10607,10166,9017,5133,10000,31.82,生物医药,399441
167,计算机ETF,512720,1.251,10000,9983,行业，计算机,0.60%,国泰基金,2019-08-16,CS计算机指数,11526.81,12277,11926,14683,10684,9119,10.16,CS计算机,930651.CSI
168,创新药ETF,515120,0.535,10000,9987,行业，医药,0.60%,广发基金,2021-01-04,CS创新药指数,17261.35,10573,10288,10075,6713,10000,35.33,CS创新药,931152.CSI
169,红利国企ETF,510720,0.931,10011,9984,策略，红利,0.60%,国泰基金,2024-05-15,上国红利指数,10354.53,9612,9239,10000,10000,10000,7.63,红利指数,000015
170,光伏50ETF,159864,0.48,10021,9992,主题，光伏，新兴产业,0.60%,国泰基金,2021-08-10,光伏产业指数,1987.48,10435,9856,9284,5161,10000,3.9,光伏产业,931151.CSI
171,创50ETF,159681,0.973,10000,10002,宽基，中小盘,0.20%,鹏华基金,2023-01-03,创业板50指数,5666.29,10681,10296,13552,10000,10000,17.89,创业板50,399673.SZ
172,中证A50ETF基金,159595,1.146,9991,9993,宽基，大盘,0.20%,大成基金,2024-03-18,中证A50指数,23243.39,10278,9965,10000,10000,10000,73.47,中证A50,930050.CSI
173,上证50ETF易方达,510100,1.315,10000,10005,宽基，大盘股,0.20%,易方达基金,2019-10-09,上证50指数,13090.48,10241,9872,11425,9515,11547,34.54,上证50,000016.SH
174,红利低波100ETF,159307,1.015,10010,10022,策略，低波动，红利,0.20%,博时基金,2024-04-25,红利低波100指数,1574.28,9807,9522,10000,10000,10000,5.71,红利低波,h30269.CSI
175,央企红利ETF,561580,1.164,10095,9981,策略，红利，央企,0.60%,华泰柏瑞基金,2023-05-30,央企红利指数,3116.68,9906,9588,11356,10000,10000,6.4,红利指数,000015
176,H股ETF,159954,0.986,10000,10000,跨境，香港，中概股,0.60%,南方基金,2018-03-15,恒生中国企业指数,3124.59,11641,11752,16085,13042,9860,4.42,恒生中国企业指数,HSCEI.HI
177,基建ETF,516950,1.05,9962,10016,主题，基建,0.60%,银华基金,2021-05-14,中证基建指数,3039.25,10224,9804,10915,9677,10000,6.29,中证基建,930608.CSI
178,港股通50ETF,513550,1.041,10000,10059,跨境，香港,0.60%,华泰柏瑞基金,2021-01-13,港股通50港元指数,13260.54,11402,11580,14745,12633,10000,27.0,港股通50,987003
179,券商ETF,159842,1.062,10038,10012,行业，金融，证券,0.20%,银华基金,2021-03-19,证券公司指数,15787.25,10341,9585,12421,10903,10000,19.8,证券公司,399975.SZ
180,上证综指ETF,510760,1.059,10000,10004,宽基，综合,0.20%,国泰基金,2020-09-09,上证指数,12652.19,10342,10057,11792,11393,10000,29.72,上证指数,000001.SH
181,半导体设备ETF,561980,1.421,10007,9977,行业，半导体，芯片,0.60%,招商基金,2023-09-01,中证半导指数,8618.12,11715,11350,16315,10000,10000,9.1,中证半导,931865.CSI
182,芯片ETF易方达,516350,0.938,10011,9993,行业，半导体，芯片,0.20%,易方达基金,2021-12-23,芯片产业指数,5748.18,11652,11370,16690,10207,10000,11.64,芯片产业,H30007.CSI
183,软件50ETF,159590,1.229,10000,10018,主题，新兴产业，软件,0.60%,汇添富基金,2024-11-06,软件指数,6042.14,12192,12192,10000,10000,10000,1.09,软件指数,h30202.CSI
184,港股通互联网ETF,513040,1.475,10096,10000,跨境，香港，互联网,0.60%,易方达基金,2023-06-12,HKC互联网指数,18424.13,12771,13030,18210,10000,10000,1.86,HKC互联网,931637.CSI
185,5GETF,159994,1.035,9990,10003,主题，新兴产业，5G,0.60%,银华基金,2020-02-28,5G通信指数,6054.4,10918,11011,14828,11424,10000,16.8,5G通信,931079.CSI
186,红利ETF港股,520900,0.912,10011,10000,跨境，香港，央企,0.60%,广发基金,2024-07-10,国新港股通央企红利指数,8859.35,10130,9700,10000,10000,10000,23.2,红利指数,000015
187,消费30ETF,510630,0.903,10011,9983,行业，消费，必选消费,0.60%,华夏基金,2013-05-08,上证消费指数,2704.57,10022,9377,9455,7060,12101,5.13,上证消费,000036
188,通用航空ETF,159378,1.145,10009,10006,行业，航空,0.60%,永赢基金,2025-01-10,通用航空指数,7784.27,11292,10000,10000,10000,10000,2.78,通用航空,980076
189,化工ETF,159870,0.584,10000,9986,行业，化工,0.60%,鹏华基金,2021-03-03,细分化工指数,3968.53,10210,10104,10300,5935,10000,14.49,细分化工,000813.CSI
190,港股央企红利ETF,513910,1.329,10000,10000,跨境，香港，央企,0.60%,华夏基金,2024-03-04,港股通央企红利指数,7224.02,10176,9852,10000,10000,10000,17.52,红利指数,000015
191,中证A500ETF龙头,563800,0.965,10000,9993,宽基，中小盘,0.20%,广发基金,2024-11-18,中证A500指数,243214.92,10444,10147,10000,10000,10000,20.0,中证A500,000510.SH
192,创新药ETF基金,159858,0.565,10000,10011,行业，医药,0.20%,南方基金,2021-03-25,CS创新药指数,1370.17,10600,10329,10144,6848,10000,2.28,CS创新药,931152.CSI
193,恒生科技指数ETF,159742,0.787,10025,10000,跨境，香港，科技,0.65%,博时基金,2021-05-25,恒生科技指数,39889.38,12145,12735,17072,12472,10000,12.91,恒生科技指数,HSTECH.HI
194,畜牧ETF,159867,0.554,9982,10010,行业，畜牧业,0.60%,鹏华基金,2021-03-05,中证畜牧指数,2164.84,9875,9585,9067,6611,10000,6.24,中证畜牧,930707.CSI
195,储能电池ETF,159566,1.408,10014,10008,主题，新兴产业，新能源,0.60%,易方达基金,2024-02-08,新能源电池指数,1507.79,10898,10626,13098,10000,10000,1.06,新能源电池,980027
196,光伏50ETF,516880,0.627,10000,10003,主题，光伏，新兴产业,0.60%,银华基金,2021-01-18,光伏产业指数,2193.0,10415,9843,9234,4945,10000,7.63,光伏产业,931151.CSI
197,云50ETF,560660,1.335,10023,10035,行业，TMT，互联网,0.60%,新华基金,2021-08-25,云计算50指数,1536.88,12594,12523,16835,15240,10000,0.563,云计算,930851.CSI
198,电信ETF,563010,1.411,10014,9995,行业TMT，通信,0.60%,易方达基金,2023-07-13,中证电信指数,1751.24,11315,10887,15304,10000,10000,1.14,中证电信,000936
199,科创50ETF南方,588150,0.775,10000,10028,宽基，中小盘，科创板,0.20%,南方基金,2021-12-20,科创50指数,2090.36,11567,11167,14352,8857,10000,3.21,科创50,000688.SH
200,信息技术ETF,159939,0.715,9986,9980,行业，信息技术,0.60%,广发基金,2015-02-05,全指信息,5524.16,11532,11422,15278,10577,9274,15.91,全指信息,000993.SH
201,港股通创新药ETF,159570,1.114,10027,10000,跨境，香港，医药,0.60%,汇添富基金,2024-01-22,港股通创新药指数,27864.62,11689,11592,12588,10000,10000,6.53,港股通创新药,987018
202,港股互联网ETF,513770,1.11,10036,10154,跨境，香港，互联网,0.60%,华宝基金,2022-02-18,HKC互联网指数,96905.3,12788,13074,18287,12238,10000,31.6,HKC互联网,931637.CSI
203,300增强ETF,561300,0.82,10000,9989,宽基，大盘股,0.60%,国泰基金,2021-12-10,沪深300指数,8177.37,10186,9927,11714,9162,10000,20.99,沪深300,000300.SH
204,医药龙头ETF,515950,0.865,10058,10005,行业，医药,0.60%,富国基金,2020-04-01,医药50指数,2708.28,10459,10058,9643,7028,10000,7.08,医药50,931140.CSI
205,港股通央企红利ETF,513920,1.368,9993,10000,跨境，香港，央企,0.60%,华安基金,2024-01-05,恒生港股通中国央企红利指数,13995.4,10317,10138,13111,10000,10000,16.15,红利指数,000015
206,500增强ETF,561550,0.945,10000,10029,宽基，中小盘,0.80%,华泰柏瑞基金,2021-12-10,中证500指数,3444.08,10477,10454,11553,9813,10000,8.0,中证500,000905.SH
207,创业大盘ETF,159814,0.427,10000,9986,宽基，中小盘,0.60%,西部利得基金,2020-07-17,创业大盘指数,3709.89,10675,10364,13098,7878,10000,8.08,创业大盘,399293
208,科创医药指数ETF,588700,0.912,10000,9999,行业，医药，科创板,0.60%,嘉实基金,2024-01-05,科创生物指数,3576.57,11001,11001,10190,10000,10000,3.03,科创生物,000683
209,中国A50ETF,563000,0.832,10000,10000,MSCI,0.20%,易方达基金,2021-11-08,MSCI中国A50互联互通人民币指数,3896.36,10361,10000,12023,8995,10000,45.15,MSCI中国A50互联互通,746059.MI
210,新能源车ETF,159806,0.579,10000,9992,主题，新兴产业，新能源车,0.60%,国泰基金,2020-03-20,CS新能车指数,2846.77,11243,11156,12670,6153,10000,11.19,CS新能车,399976.SZ
211,科创50ETF基金,588180,0.711,9986,9997,宽基，中小盘，科创板,0.35%,国联安基金,2021-07-01,科创50指数,8085.81,11524,11127,14335,8921,10000,34.95,科创50,000688.SH
212,MSCI中国A50ETF,560050,0.827,9988,10000,MSCI,0.60%,汇添富基金,2021-11-08,MSCI中国A50互联互通人民币指数,10239.77,10350,10000,11986,8950,10000,57.38,MSCI中国A50互联互通,746059.MI
213,科创100增强ETF易方达,588500,1.494,10020,9985,宽基，中小盘，科创板,0.60%,易方达基金,2024-07-19,科创100指数,1712.96,11440,11764,10000,10000,10000,2.53,科创100,000698
214,中证A500ETF景顺,159353,0.986,10000,9994,宽基，中小盘,0.20%,景顺长城基金,2024-10-15,中证A500指数,66644.29,10390,10144,10000,10000,10000,146.14,中证A500,000510.SH
215,港股央企红利50ETF,520990,0.919,10011,10000,跨境，香港，央企,0.60%,景顺长城基金,2024-07-10,国新港股通央企红利指数,12715.52,10099,9643,10000,10000,10000,35.02,红利指数,000015
216,锂电池ETF,159840,0.581,10000,9995,主题，新兴产业，新能源车，电池,0.52%,工银瑞信基金,2021-08-20,新能电池指数,5549.85,11282,11130,13543,6350,10000,11.42,新能电池,980032.CNI
217,红利低波ETF基金,515300,1.322,10000,9993,策略，红利，低波动,0.60%,嘉实基金,2019-09-19,300红利LV指数,9338.41,9749,9463,11180,13627,16648,49.82,300红利LV,930740.CSI
218,中证A500ETF基金,563360,1.031,10049,10011,宽基，中小盘,0.20%,华泰柏瑞基金,2024-10-15,中证A500指数,264198.03,10488,10188,10000,10000,10000,174.47,中证A500,000510.SH
219,双创ETF,588300,0.62,9968,9993,宽基，中小盘,0.60%,招商基金,2021-07-05,科创创业50指数,5638.47,10993,10598,13248,8356,10000,18.97,科创创业50,931643.CSI
220,医药卫生ETF,159938,0.615,10000,10007,行业，医药,0.60%,广发基金,2015-01-08,全指医药,4598.17,10477,10049,9655,7098,7875,46.66,全指医药,000991.SH
221,科创芯片50ETF,588750,1.125,10009,10028,行业，半导体，芯片，科创板,0.60%,汇添富基金,2024-12-26,科创芯片指数,5602.2,11768,11433,10000,10000,10000,2.6,科创芯片,000685.SH
222,机器人产业ETF,159551,1.317,10008,10048,主题，新兴产业，机器人,0.60%,国泰基金,2023-11-16,机器人指数,5421.46,12425,13027,14315,10000,10000,1.52,机器人,H30590.CSI
223,中证500ETF基金,159337,1.321,10030,9989,宽基，中小盘,0.55%,东财基金,2024-09-20,中证500指数,1686.97,10653,10459,10000,10000,10000,10.42,中证500,000905.SH
224,金融ETF,510230,1.284,10016,9994,行业，金融,0.60%,国泰基金,2011-05-23,180金融指数,4913.67,9969,9824,12576,12217,11865,46.83,180金融,000018.SH
225,中证2000ETF,159531,1.127,10054,9977,宽基，中小盘,0.20%,南方基金,2023-09-18,中证2000指数,12359.29,11281,11225,13212,10000,10000,7.66,中证2000,932000.CSI
226,稀有金属ETF,562800,0.508,9980,9993,主题，稀有金属,0.60%,嘉实基金,2021-09-27,CS稀金属指数,3915.48,10346,10389,10901,5522,10000,8.91,CS稀金属,930632.CSI
227,科创芯片ETF南方,588890,1.888,10032,10012,行业，半导体，芯片，科创板,0.60%,南方基金,2024-04-23,科创芯片指数,1828.81,11815,11505,10000,10000,10000,3.78,科创芯片,000685.SH
228,人工智能50ETF,517800,0.848,10000,10055,主题，新兴产业，人工智能,0.60%,方正富邦基金,2021-08-26,SHS人工智能50人民币指数,2917.69,11745,11585,15850,10392,10000,1.63,人工智能,931071.CSI
229,生物科技ETF,159837,0.459,9957,9999,主题，新兴产业，生物科技,0.20%,易方达基金,2021-01-27,中证生科指数,3101.03,10851,10408,9766,6501,10000,12.79,中证生科,930743.CSI
230,深证100ETF,159901,2.83,10011,9994,宽基，大盘股,0.20%,易方达基金,2006-04-24,深证100指数,14682.18,10474,10217,11986,8088,9921,69.03,深证100,399330.SZ
231,双创龙头ETF,588330,0.613,9984,9998,宽基，中小盘,0.60%,华宝基金,2021-07-06,科创创业50指数,6417.85,11005,10661,13155,8329,10000,13.89,科创创业50,931643.CSI
232,港股央企红利ETF,159333,1.192,9992,10000,跨境，香港，央企,0.60%,万家基金,2024-09-03,港股通央企红利指数,2901.3,10214,9950,10000,10000,10000,5.14,红利指数,000015
233,新能源汽车ETF,516390,0.719,10014,9963,主题，新兴产业，新能源车,0.20%,汇添富基金,2021-06-18,新能源车指数,1695.47,11199,11147,12636,6119,10000,3.97,新能源车,399417
234,科创50ETF指数基金,588280,0.797,10000,10017,宽基，中小盘，科创板,0.20%,华安基金,2021-10-29,科创50指数,3781.24,11534,11147,14335,8797,10000,5.74,科创50,000688.SH
235,智能制造ETF,516800,1.268,9961,10008,主题，智能制造,0.60%,华宝基金,2021-02-19,智能制造指数,1325.3,11654,11506,15296,11281,10000,1.86,智能制造,930850.CSI
236,化工ETF,516020,0.612,9919,9995,行业，化工,0.60%,华宝基金,2021-03-08,细分化工指数,1526.7,10132,10082,10373,5988,10000,4.08,细分化工,000813.CSI
237,家电ETF,561120,1.206,9781,9995,行业，家电,0.60%,富国基金,2022-02-15,家用电器指数,1565.89,10058,10212,12589,12306,10000,1.29,家用电器,930697.CSI
238,A股ETF,563330,3.371,9988,9972,宽基，综合,0.60%,华泰柏瑞基金,2023-11-07,中证A股指数,1071.8,10538,10277,12108,10000,10000,1.26,A股指数,000002
239,科创信息ETF,588260,1.47,10000,9986,行业，信息技术，科创板,0.20%,华安基金,2022-05-27,科创信息指数,1677.76,11704,11440,16189,10000,10000,1.64,科创信息,000682
240,证券保险ETF,512070,0.771,9961,10005,行业，金融,0.60%,易方达基金,2014-07-18,300非银指数,24511.54,10092,9483,12681,11422,10105,83.08,300非银,h30035.CSI
241,A50ETF华宝,159596,1.111,10000,10010,宽基，大盘,0.20%,华宝基金,2024-03-18,中证A50指数,12736.65,10306,10027,10000,10000,10000,12.66,中证A50,930050.CSI
242,银行ETF易方达,516310,1.202,10000,9991,行业，金融，银行,0.20%,易方达基金,2021-05-28,中证银行指数,2106.95,9772,9909,12787,12939,10000,11.86,中证银行,399986.SZ
243,医疗ETF,159828,0.433,10023,9996,行业，医药,0.60%,国泰基金,2021-01-12,中证医疗指数,14802.53,11276,10744,9954,6031,10000,21.92,中证医疗,399989.SZ
244,中证A500ETF富国,563220,1.006,9990,10008,宽基，中小盘,0.20%,富国基金,2024-10-15,中证A500指数,141449.25,10436,10141,10000,10000,10000,164.76,中证A500,000510.SH
245,国防军工ETF,512810,1.196,9983,9991,行业，军工,0.60%,华宝基金,2016-08-22,中证军工指数,5057.23,10575,9950,12217,8635,13843,5.51,中证军工,399967.SZ
246,纳指ETF富国,513870,1.457,9885,10000,跨境，美国,0.60%,富国基金,2023-11-02,纳斯达克100指数,12154.93,9643,9624,11952,10000,10000,14.03,纳斯达克100,NDX.GI
247,国证2000ETF,159907,0.844,10000,9952,宽基，中小盘,0.60%,广发基金,2011-08-10,国证2000指数,1165.24,10990,10990,13218,8974,10800,1.7,国证2000,399303.SZ
248,粮食ETF,159698,0.86,10023,10025,行业，农业,0.60%,鹏华基金,2023-08-18,国证粮食指数,1258.94,9965,9696,10275,10000,10000,2.07,国证粮食,399365
249,绿色电力ETF,159625,1.09,10000,10006,主题，新兴产业，新能源,0.60%,嘉实基金,2022-04-29,绿色电力指数,1425.29,9991,9462,10411,10000,10000,2.11,绿色电力,399438.SZ
250,中证A500ETF南方,159352,1.018,9990,10006,宽基，中小盘,0.20%,南方基金,2024-10-15,中证A500指数,328597.48,10420,10129,10000,10000,10000,226.43,中证A500,000510.SH
251,恒生医疗指数ETF,159557,1.143,10000,10000,跨境，香港，医药，医疗保健,0.60%,嘉实基金,2024-05-22,恒生医疗保健指数,8442.3,11699,11569,10000,10000,10000,1.92,医疗保健,h30178.CSI
252,红利ETF基金,159581,0.982,10000,10002,策略，红利,0.60%,万家基金,2024-03-15,中证红利指数,3615.97,9684,9392,10000,10000,10000,28.55,中证红利,000922.CSI
253,A500ETF指数,512020,1.024,10000,10012,宽基，中小盘,0.20%,鹏华基金,2024-12-02,中证A500指数,25605.57,10438,10129,10000,10000,10000,19.93,中证A500,000510.SH
254,科创板ETF,588090,1.138,9991,10023,宽基，中小盘，科创板,0.60%,华泰柏瑞基金,2020-11-16,科创50指数,19776.94,11565,11146,14351,8835,10000,48.62,科创50,000688.SH
255,上证180ETF,510180,3.576,10000,9997,宽基，大盘股,0.20%,华安基金,2006-05-18,上证180指数,5171.36,10261,9939,11612,9661,11143,214.33,上证180,000010.SH
256,中证1000ETF华泰柏瑞,516300,2.613,10000,10004,宽基，中小盘,0.60%,华泰柏瑞基金,2021-03-24,中证1000指数,1779.42,10997,10838,12783,9458,10000,1.76,中证1000,000852.SH
257,恒生科技HKETF,513890,1.179,10094,10000,跨境，香港，科技,0.65%,上投摩根基金,2022-01-21,恒生科技指数,18096.93,12281,12956,17187,13129,10000,3.22,恒生科技指数,HSTECH.HI
258,创业板增强ETF,159675,0.914,9935,9998,宽基，中小盘,0.60%,嘉实基金,2022-12-02,创业板指,1043.6,10868,10591,12418,10000,10000,1.97,创业板指,399006.SZ
259,A500指数ETF,159351,0.994,10010,10022,宽基，中小盘,0.20%,嘉实基金,2024-10-15,中证A500指数,218218.56,10441,10174,10000,10000,10000,128.35,中证A500,000510.SH
260,A500指数ETF,560610,0.967,10000,9998,宽基，中小盘,0.20%,招商基金,2024-10-15,中证A500指数,126451.28,10443,10115,10000,10000,10000,137.86,中证A500,000510.SH
261,恒生科技ETF龙头,513380,1.418,9993,10000,跨境，香港，科技,0.60%,广发基金,2022-05-12,恒生科技指数,84035.87,12203,12833,17084,10000,10000,35.44,恒生科技指数,HSTECH.HI
262,中证500ETF,159922,2.394,10029,10001,宽基，中小盘,0.20%,嘉实基金,2013-03-15,中证500指数,30144.86,10731,10477,4446,3509,3848,119.37,中证500,000905.SH
263,深成ETF,159903,1.301,10000,10003,宽基，综合,0.60%,南方基金,2010-02-02,深证成指,2479.24,10655,10408,12193,8394,10039,5.63,深证成指,399001.SZ
264,房地产ETF,159768,0.567,10000,10013,行业，金融，房地产,0.60%,银华基金,2022-02-16,内地地产指数,2992.62,10404,9947,10018,5851,10000,4.19,地产指数,399241
265,地产ETF,159707,0.629,9953,10017,行业，金融，房地产,0.60%,华宝基金,2021-11-12,800地产指数,3398.58,10345,9906,10113,6125,10000,3.88,地产指数,399241
266,港股创新药ETF,159567,1.105,10000,10000,跨境，香港，医药,0.60%,银华基金,2024-01-11,港股通创新药指数,25120.03,11681,11571,12374,10000,10000,3.78,港股通创新药,987018
267,沪深300增强ETF,561990,0.858,10000,9981,宽基，大盘股,0.60%,招商基金,2021-12-10,沪深300指数,4566.55,10239,10000,11673,9367,10000,9.37,沪深300,000300.SH
268,电信ETF基金,560690,1.46,10069,9974,行业TMT，通信,0.60%,鹏华基金,2024-04-22,中证电信指数,1133.02,11300,10887,10000,10000,10000,0.152,中证电信,000936
269,中证2000ETF易方达,159532,1.195,10000,9952,宽基，中小盘,0.20%,易方达基金,2023-09-21,中证2000指数,1313.49,11147,10983,13488,10000,10000,0.842,中证2000,932000.CSI
270,恒生ETF易方达,513210,1.437,9993,10000,跨境，香港,0.60%,易方达基金,2024-04-22,香港恒生指数,1015.05,11360,11405,10000,10000,10000,0.935,恒生指数,HSI.HI
271,计算机ETF,159998,1.053,10010,10005,行业，计算机,0.60%,天弘基金,2020-04-13,CS计算机指数,12334.9,12330,11952,14727,10647,10000,20.44,CS计算机,930651.CSI
272,物流ETF,516910,0.992,9900,9993,行业，物流,0.60%,富国基金,2021-06-11,CS物流指数,1483.72,9890,9520,10925,9010,10000,0.679,CS物流,930716.CSI
273,新能源ETF易方达,516090,0.382,10026,9987,主题，新兴产业，新能源,0.20%,易方达基金,2021-03-19,中证新能指数,2719.3,10523,9948,10437,5100,10000,6.83,中证新能,399808.SZ
274,电子50ETF,515320,0.929,10000,9975,行业，电子,0.60%,华安基金,2021-01-08,电子50指数,1514.86,11247,11007,15381,9915,10000,2.05,电子50,931461.CSI
275,软件龙头ETF,159899,0.946,10021,9993,主题，新兴产业，软件,0.60%,招商基金,2021-06-28,软件指数,4050.77,12191,12254,14992,10738,10000,2.63,软件指数,h30202.CSI
276,军工ETF易方达,512560,0.633,10000,9987,行业，军工,0.60%,易方达基金,2017-07-28,中证军工指数,4330.62,10603,9969,12267,8648,13119,7.12,中证军工,399967.SZ
277,生物药ETF,159839,0.344,10029,9995,主题，新兴产业，生物科技,0.60%,汇添富基金,2021-02-22,生物医药指数,2478.44,10585,10178,9029,5044,10000,5.6,生物医药,399441
278,科创新材料ETF,588010,0.618,9984,10001,主题，新材料，科创板,0.60%,博时基金,2022-10-26,科创材料指数,3189.8,11196,11135,11705,10000,10000,3.9,科创材料,000689
279,汽车ETF,516110,1.36,10000,10000,行业，汽车,0.60%,国泰基金,2021-05-07,800汽车指数,11264.26,10717,10658,13682,12386,10000,5.27,汽车指数,CN6055
280,沪深300ETF指数基金,515390,1.113,9991,10000,宽基，大盘股,0.20%,华安基金,2020-01-10,沪深300指数,2535.03,10277,9991,11691,9176,11186,8.01,沪深300,000300.SH
281,数字经济ETF,159658,1.369,10000,9992,主题，数字经济,0.60%,华安基金,2022-10-12,数字经济指数,2530.88,11711,11249,15610,10000,10000,2.34,数字经济,931582.CSI
282,半导体产业ETF,159582,1.565,9981,9978,行业，半导体，芯片,0.60%,博时基金,2024-04-16,中证半导指数,4244.07,11653,11283,10000,10000,10000,2.25,中证半导,931865.CSI
283,恒生科技ETF基金,159741,0.77,10052,10000,跨境，香港，科技,0.70%,嘉实基金,2021-06-03,恒生科技指数,30256.59,12222,12898,17111,12419,10000,6.34,恒生科技指数,HSTECH.HI
284,中证500ETF易方达,510580,3.0,10000,10000,宽基，中小盘,0.20%,易方达基金,2015-09-14,中证500指数,7025.44,10714,10438,11790,9405,12250,31.67,中证500,000905.SH
285,芯片ETF基金,159599,1.629,10000,10006,行业，半导体，芯片,0.55%,东财基金,2024-05-08,芯片产业指数,3833.16,11652,11392,10000,10000,10000,7.3,芯片产业,H30007.CSI
286,双创ETF,159780,0.61,10066,9994,宽基，中小盘,0.60%,南方基金,2021-07-05,科创创业50指数,10315.31,11111,10739,13319,8277,10000,45.84,科创创业50,931643.CSI
287,央企创新驱动ETF,515900,1.473,10000,9999,主题，央企,0.20%,博时基金,2019-12-18,央企创新指数,1579.07,10301,9787,11176,11544,15424,37.51,央企创新,000861.CSI
288,创业板综ETF万家,159541,1.213,10025,9976,宽基，中小盘,0.60%,万家基金,2023-10-31,创业板综指数,3308.91,11221,10967,13583,10000,10000,2.7,创业板综,399102.SZ
289,科创信息技术ETF,588100,1.483,10000,9986,行业，信息技术，科创板,0.60%,嘉实基金,2022-05-27,科创信息指数,4297.8,11742,11425,16225,10000,10000,3.5,科创信息,000682
290,沪深300成长ETF,562310,0.78,10000,9995,策略，成长,0.60%,银华基金,2022-09-09,300成长指数,1546.2,10414,10156,11538,10000,10000,10.31,300成长,000918.CSI
291,恒生科技ETF指数基金,513580,0.778,10000,10000,跨境，香港，科技,0.60%,华安基金,2021-05-27,恒生科技指数,39910.39,12118,12775,16950,12428,10000,21.56,恒生科技指数,HSTECH.HI
292,恒生互联网ETF,159688,1.058,10105,10000,跨境，香港，互联网,0.65%,华安基金,2023-02-15,恒生互联网科技业指数,44645.93,11901,12418,15513,10000,10000,6.4,恒生互联网科技业,HSIII.HI
293,电池50ETF,159796,0.62,9984,10028,主题，新兴产业，新能源车,0.20%,汇添富基金,2022-03-14,CS电池指数,4504.91,10915,10708,12157,10000,10000,10.04,CS电池,931719.CSI
294,创新药ETF易方达,516080,0.555,10000,9992,行业，医药,0.20%,易方达基金,2021-02-23,CS创新药指数,1232.2,10571,10335,10335,7236,10000,3.47,CS创新药,931152.CSI
295,光伏ETF,159857,0.631,10000,10014,主题，光伏，新兴产业,0.60%,天弘基金,2021-02-24,光伏产业指数,14518.03,10413,9859,9172,4926,10000,19.03,光伏产业,931151.CSI
296,稀土ETF基金,516150,1.12,10000,10002,主题，稀土,0.60%,嘉实基金,2021-03-17,稀土产业指数,5159.12,10811,10895,12918,7821,10000,16.39,稀土产业,930598.CSI
297,A500ETF,159339,0.972,9918,10024,宽基，中小盘,0.20%,银华基金,2024-10-15,中证A500指数,67363.71,10362,10073,10000,10000,10000,98.82,中证A500,000510.SH
298,消费ETF,510150,0.518,9981,9993,行业，消费,0.60%,招商基金,2011-02-25,消费80指数,6371.64,10177,9792,10117,7573,10742,20.08,消费80,000069
299,银行ETF华夏,515020,1.55,10000,9991,行业，金融，银行,0.60%,华夏基金,2019-12-03,中证银行指数,1270.45,9773,9885,12695,12789,16146,3.37,中证银行,399986.SZ
300,沪深300ETF华夏,510330,4.047,10000,10002,宽基，大盘股,0.20%,华夏基金,2013-01-16,沪深300指数,46093.56,10282,10003,11688,9169,10515,1640.08,沪深300,000300.SH
301,银行ETF基金,512700,1.48,10000,9993,行业，金融，银行,0.60%,南方基金,2017-07-26,中证银行指数,9594.22,9769,9906,12702,12568,14885,15.65,中证银行,399986.SZ
302,芯片龙头ETF,516640,0.841,9988,9987,行业，半导体，芯片,0.60%,富国基金,2021-08-27,芯片产业指数,6774.79,11600,11350,16490,9882,10000,12.26,芯片产业,H30007.CSI
303,电子ETF,159997,1.252,10000,9991,行业，电子,0.60%,天弘基金,2020-03-20,CS电子指数,7772.28,11320,11229,15343,10296,10000,13.43,CS电子,930652.CSI
304,半导体龙头ETF,159665,1.412,10000,10011,行业，半导体，芯片,0.52%,工银瑞信基金,2023-01-06,国证芯片指数,4478.11,11679,11287,17053,10000,10000,3.95,国证芯片,980017.CNI
305,科创50增强ETF,588460,1.245,10057,9976,宽基，中小盘，科创板,1.10%,鹏华基金,2023-01-05,科创50指数,5974.02,11328,11096,15146,10000,10000,6.26,科创50,000688.SH
306,A500ETF工银,159362,1.014,10000,9999,宽基，中小盘,0.20%,工银瑞信基金,2024-12-02,中证A500指数,21330.16,10443,10150,10000,10000,10000,20.0,中证A500,000510.SH
307,科创100ETF华夏,588800,1.007,10000,10003,宽基，中小盘，科创板,0.20%,华夏基金,2023-11-16,科创100指数,38858.6,11535,11601,12877,10000,10000,46.92,科创100,000698
308,科创材料ETF,588160,0.633,10000,10083,主题，新材料，科创板,0.60%,南方基金,2022-10-26,科创材料指数,1463.12,11324,11263,11921,10000,10000,1.72,科创材料,000689
309,创业板200ETF华夏,159573,1.278,10000,9984,宽基，中小盘,0.20%,华夏基金,2023-12-25,创业200指数,2823.72,11618,11330,14707,10000,10000,2.87,创业200,399019
310,港股红利低波ETF,159569,1.115,10009,10000,跨境，香港，策略，红利,0.58%,景顺长城基金,2024-08-22,港股通红利低波指数,2678.85,10018,9679,10000,10000,10000,1.29,红利低波,h30269.CSI
311,证券ETF龙头,560090,1.195,9958,10007,行业，金融，证券,0.60%,汇添富基金,2023-03-15,证券公司指数,6287.18,10258,9492,12307,10000,10000,18.71,证券公司,399975.SZ
312,银行ETF龙头,512820,1.294,10023,10012,行业，金融，银行,0.60%,汇添富基金,2018-11-23,中证银行指数,7951.64,9788,9931,12750,12568,13977,21.44,中证银行,399986.SZ
313,双创50ETF,159782,0.608,10050,10000,宽基，中小盘,0.60%,银华基金,2021-07-07,科创创业50指数,3360.64,11034,10723,13304,8317,10000,11.51,科创创业50,931643.CSI
314,光伏龙头ETF,516290,0.465,10043,10008,主题，光伏，新兴产业,0.20%,汇添富基金,2021-08-23,光伏产业指数,1317.52,10449,9873,9190,4973,10000,2.17,光伏产业,931151.CSI
315,消费电子ETF,561600,0.935,10000,10001,主题，消费电子,0.60%,平安基金,2021-09-09,消费电子指数,2598.62,11320,11211,15714,9801,10000,1.51,消费电子,931494.CSI
316,科创成长50ETF,588020,1.244,10000,10038,策略，成长，科创板,0.60%,易方达基金,2023-08-31,科创成长指数,3979.62,11217,11371,14810,10000,10000,2.79,创成长,399296.SZ
317,化工龙头ETF,516220,0.645,10000,10004,行业，化工,0.60%,国泰基金,2021-03-10,细分化工指数,1214.26,10222,10142,10386,6062,10000,1.27,细分化工,000813.CSI
318,传媒ETF,159805,1.195,10000,10001,行业，TMT，传媒,0.60%,鹏华基金,2020-04-17,中证传媒指数,3323.59,11034,11085,12144,12513,10000,2.2,中证传媒,399971.SZ
319,科创100ETF华泰柏瑞,588880,1.004,9990,9994,宽基，中小盘，科创板,0.60%,华泰柏瑞基金,2023-11-16,科创100指数,4867.83,11474,11594,12839,10000,10000,4.05,科创100,000698
320,食品饮料ETF,159843,0.636,10000,9983,行业，食品饮料,0.60%,招商基金,2021-02-05,国证食品指数,1262.04,10047,9394,9408,7447,10000,3.2,国证食品,399396
321,深证50ETF富国,159350,1.192,10000,9996,策略，价值,0.60%,富国基金,2023-12-11,深证50指数,4990.23,10465,10102,12126,10000,10000,5.45,深证50,399850
322,电池ETF,561910,0.524,10000,10022,主题，新兴产业，新能源车，电池,0.60%,招商基金,2021-08-12,CS电池指数,4605.43,10917,10738,12388,5758,10000,5.4,CS电池,931719.CSI
323,中证A500指数ETF,563880,1.0,10000,9997,宽基，中小盘,0.20%,汇添富基金,2024-11-25,中证A500指数,84280.58,10460,10132,10000,10000,10000,20.01,中证A500,000510.SH
324,港股汽车ETF,520600,1.196,10118,10000,跨境，香港，汽车,0.60%,广发基金,2024-12-30,港股通汽车指数,66223.66,12081,12292,10000,10000,10000,2.04,汽车指数,CN6055
325,科创ETF,588050,1.131,9982,9993,宽基，中小盘，科创板,0.35%,工银瑞信基金,2020-11-16,科创50指数,55123.47,11506,11099,14298,8864,10000,137.22,科创50,000688.SH
326,港股科技50ETF,159750,1.138,10000,10000,跨境，香港，科技,0.65%,招商基金,2022-02-14,港股科技港币指数,52828.97,13548,14207,18748,12424,10000,1.18,港股科技,987006
327,半导体ETF,159813,0.887,10023,9981,行业，半导体，芯片,0.60%,鹏华基金,2020-05-25,国证芯片指数,41386.64,11702,11271,16767,9406,10000,53.07,国证芯片,980017.CNI
328,香港科技ETF,159747,1.426,10021,10000,跨境，香港，科技,0.65%,南方基金,2021-07-14,港股科技港币指数,38601.76,12304,12870,16996,11519,10000,3.31,港股科技,987006
329,恒生医疗ETF,159506,0.941,9761,10000,跨境，香港，医疗,0.60%,富国基金,2023-07-03,恒生港股通医疗保健指数,33000.32,11560,11603,11689,10000,10000,5.51,医疗保健,h30178.CSI
330,中证A500指数ETF,159357,1.019,10000,10007,宽基，中小盘,0.20%,博时基金,2024-11-28,中证A500指数,32994.17,10430,10084,10000,10000,10000,20.0,中证A500,000510.SH
331,科创50ETF龙头,588060,0.702,9986,10004,宽基，中小盘，科创板,0.60%,广发基金,2021-07-29,科创50指数,32758.59,11508,11108,14356,8775,10000,64.13,科创50,000688.SH
332,中证A500ETF华安,159359,1.018,10000,9998,宽基，中小盘,0.20%,华安基金,2024-12-02,中证A500指数,32370.1,10430,10109,10000,10000,10000,19.89,中证A500,000510.SH
333,中证A500ETF华宝,563500,1.028,10000,10006,宽基，中小盘,0.20%,华宝基金,2024-12-02,中证A500指数,31352.28,10447,10158,10000,10000,10000,19.96,中证A500,000510.SH
334,中证1000ETF指数,560010,2.612,9981,9998,宽基，中小盘,0.20%,广发基金,2022-08-04,中证1000指数,30349.34,10989,10780,12432,10000,10000,224.81,中证1000,000852.SH
335,1000ETF,159629,2.6,9962,9986,宽基，中小盘,0.20%,富国基金,2022-08-03,中证1000指数,28271.82,10938,10735,12346,10000,10000,89.32,中证1000,000852.SH
336,中证A500ETF基金,159358,1.026,9961,10001,宽基，中小盘,0.20%,大成基金,2024-11-29,中证A500指数,27151.54,10395,10049,10000,10000,10000,20.0,中证A500,000510.SH
337,恒生指数ETF,513600,2.658,9996,10000,跨境，香港,0.60%,南方基金,2015-01-26,香港恒生指数,25104.11,11482,11502,14797,12535,10386,18.6,恒生指数,HSI.HI
338,A500ETF基金,159356,1.012,10010,10009,宽基，中小盘,0.20%,万家基金,2024-12-06,中证A500指数,23752.33,10444,10171,10000,10000,10000,20.03,中证A500,000510.SH
339,中证A500ETF,560510,0.966,9990,10012,宽基，中小盘,0.20%,泰康基金,2024-10-15,中证A500指数,19010.22,10443,10143,10000,10000,10000,82.28,中证A500,000510.SH
340,中证500ETF华夏,512500,3.28,10003,10002,宽基，中小盘,0.20%,华夏基金,2015-05-29,中证500指数,17990.7,10722,10449,11714,9213,11062,136.42,中证500,000905.SH
341,中证A500ETF天弘,159360,1.027,10000,10003,宽基，中小盘,0.20%,天弘基金,2024-11-28,中证A500指数,17128.67,10437,10148,10000,10000,10000,20.0,中证A500,000510.SH
342,A500ETF海富通,563860,1.017,10000,10003,宽基，中小盘,0.20%,海富通基金,2025-02-12,中证A500指数,16421.16,10000,10000,10000,10000,10000,19.39,中证A500,000510.SH
343,A500ETF中金,512080,1.035,9942,10006,宽基，中小盘,0.20%,中金基金,2025-01-21,中证A500指数,15172.59,10402,10000,10000,10000,10000,19.91,中证A500,000510.SH
344,恒生国企ETF,159850,0.86,9931,10000,跨境，香港，中概股,0.65%,华夏基金,2021-02-19,恒生中国企业指数,14978.14,11331,11497,15194,12628,10000,11.45,恒生中国企业指数,HSCEI.HI
345,科创200ETF指数,588240,1.035,10019,10000,宽基，中小盘，科创板,0.20%,鹏华基金,2025-02-25,科创200指数,14761.5,10000,10000,10000,10000,10000,2.68,科创200,000699
346,沪深300ETF基金,510360,1.46,10000,9997,宽基，大盘股,0.60%,广发基金,2015-09-09,沪深300指数,14624.98,10267,9986,11680,9171,10807,101.95,沪深300,000300.SH
347,中证1000ETF易方达,159633,2.618,9951,9989,宽基，中小盘,0.20%,易方达基金,2022-08-04,中证1000指数,13508.74,10931,10734,12431,10000,10000,24.68,中证1000,000852.SH
348,沪深300ETF南方,159925,3.952,10000,10001,宽基，大盘股,0.20%,南方基金,2013-04-11,沪深300指数,13414.3,10276,9990,11720,9251,11153,51.51,沪深300,000300.SH
349,国证2000ETF,159628,1.095,9927,10015,宽基，中小盘,0.60%,万家基金,2022-07-18,国证2000指数,13296.76,11083,10950,13051,10000,10000,8.75,国证2000,399303.SZ
350,科创板100ETF,588120,1.043,10019,9985,宽基，中小盘，科创板,0.20%,国泰基金,2023-09-15,科创100指数,12953.64,11499,11615,12735,10000,10000,14.93,科创100,000698
351,A50ETF基金,159592,1.128,10000,9993,宽基，大盘,0.20%,银华基金,2024-03-18,中证A50指数,11840.69,10292,9991,10000,10000,10000,30.39,中证A50,930050.CSI
352,科创创业50ETF,159783,0.607,10017,9981,宽基，中小盘,0.20%,华夏基金,2021-07-05,科创创业50指数,9870.9,11016,10649,13196,8236,10000,49.17,科创创业50,931643.CSI
353,港股创新药50ETF,513780,1.073,10000,10000,跨境，香港，医疗,0.60%,景顺长城基金,2024-10-25,港股通创新药指数,7999.25,11600,11403,10000,10000,10000,1.24,港股通创新药,987018
354,上证180指数ETF基金,530680,1.007,10000,10010,宽基，大盘股,0.20%,兴业基金,2025-01-08,上证180指数,7783.41,10265,10000,10000,10000,10000,12.59,上证180,000010.SH
355,A500ETF永赢,159386,1.012,10000,10001,宽基，中小盘,0.20%,永赢基金,2025-02-11,中证A500指数,7434.72,10000,10000,10000,10000,10000,5.08,中证A500,000510.SH
356,科创新能源ETF,588830,1.161,10026,10029,行业，新能源，科创板,0.60%,鹏华基金,2024-08-09,科创新能指数,7067.09,10881,10122,10000,10000,10000,3.64,科创新能,000692
357,证券ETF基金,512900,1.102,9964,10015,行业，金融，证券,0.60%,南方基金,2017-03-31,证券公司指数,6822.84,10261,9516,12396,10857,10556,72.51,证券公司,399975.SZ
358,银行ETF天弘,515290,1.322,10092,9992,行业，金融，银行,0.60%,天弘基金,2020-12-28,中证银行指数,6373.64,9866,9977,12823,12724,10000,39.21,中证银行,399986.SZ
359,沪深300ETF鹏华,159673,1.048,9990,9985,宽基，大盘股,0.20%,鹏华基金,2023-07-17,沪深300指数,6057.87,10244,9953,11670,10000,10000,43.48,沪深300,000300.SH
360,300ETF,159300,4.016,9978,10000,宽基，大盘股,0.20%,富国基金,2024-06-05,沪深300指数,5959.65,10261,9955,10000,10000,10000,27.65,沪深300,000300.SH
361,中证A50ETF,159591,1.139,10000,10003,宽基，大盘,0.20%,富国基金,2024-03-18,中证A50指数,5523.88,10298,10018,10000,10000,10000,17.91,中证A50,930050.CSI
362,医疗器械ETF,159883,0.499,9980,9995,行业，医药，医疗器械,0.60%,永赢基金,2021-04-30,医疗器械指数,5436.15,10778,10267,9523,6892,10000,17.23,医疗器械,h30217.CSI
363,港股通金融ETF,513190,1.464,10195,10000,跨境，香港，金融,0.60%,华夏基金,2023-10-11,港股通内地金融港元指数,5381.47,10570,10694,14893,10000,10000,2.79,内地金融,000946
364,军工ETF龙头,512680,1.064,9991,9994,行业，军工,0.60%,广发基金,2016-10-14,中证军工指数,5315.43,10598,9963,12105,8319,11770,36.38,中证军工,399967.SZ
365,中证500ETF基金,510510,1.871,10000,9996,宽基，中小盘,0.60%,广发基金,2013-05-24,中证500指数,5293.06,10704,10441,11738,9194,11117,22.18,中证500,000905.SH
366,创业板50ETF嘉实,159373,1.048,10000,9981,宽基，中小盘,0.20%,嘉实基金,2025-02-10,创业板50指数,5343.86,10000,10000,10000,10000,10000,5.12,创业板50,399673.SZ
367,创业板100ETF华夏,159957,1.441,9938,9993,宽基，中小盘,0.20%,华夏基金,2018-01-04,创业板指,5190.22,10754,10382,12855,8037,10770,21.42,创业板指,399006.SZ
368,稀土ETF,159713,0.797,9987,10000,主题，稀土,0.60%,富国基金,2021-08-16,稀土产业指数,5154.19,10655,10888,13109,8026,10000,3.29,稀土产业,930598.CSI
369,券商ETF基金,515010,1.271,10000,10001,行业，金融，证券,0.20%,华夏基金,2019-11-07,证券公司指数,5102.26,10291,9542,12424,11033,11471,11.98,证券公司,399975.SZ
370,科创创业指数ETF,588400,0.608,9967,9983,宽基，中小盘,0.60%,嘉实基金,2021-07-05,科创创业50指数,5071.68,10975,10611,13075,8216,10000,19.71,科创创业50,931643.CSI
371,大数据ETF,159739,1.334,10053,10021,主题，TMT，互联网,0.60%,鹏华基金,2021-11-17,云计算指数,4973.73,12753,12621,16429,14516,10000,1.97,云计算,930851.CSI
372,创业板ETF天弘,159977,2.31,10026,9995,宽基，中小盘,0.60%,天弘基金,2019-09-27,创业板R指数,4924.59,10845,10452,12956,8024,10154,106.91,创业板R,399606
373,科创板新能源ETF,588960,1.03,10000,9955,行业，新能源，科创板,0.60%,富国基金,2025-02-19,科创新能指数,4753.35,10000,10000,10000,10000,10000,2.09,科创新能,000692
374,A500ETF申万菱信,560750,1.042,10000,10002,宽基，中小盘,0.20%,申万菱信基金,2025-02-07,中证A500指数,4690.07,10000,10000,10000,10000,10000,4.75,中证A500,000510.SH
375,新能源ETF,159875,0.465,10000,9982,主题，新兴产业，新能源,0.60%,嘉实基金,2021-08-17,中证新能指数,4450.27,10473,9936,10242,4915,10000,9.77,中证新能,399808.SZ
376,央企科创ETF,159335,1.222,10000,10017,主题，央企，科技,0.35%,融通基金,2024-09-05,央企科技创新指数,4275.75,10729,10252,10000,10000,10000,4.55,新指数,399100
377,500ETF增强,159610,0.867,10000,9980,宽基，中小盘,0.60%,景顺长城基金,2022-01-10,中证500指数,4133.29,10321,10260,11764,9323,10000,6.9,中证500,000905.SH
378,180ETF基金,530580,0.984,10000,10003,宽基，大盘股,0.20%,南方基金,2025-01-08,上证180指数,3930.13,10271,10000,10000,10000,10000,12.5,上证180,000010.SH
379,创业板ETF富国,159971,1.544,10006,10002,宽基，中小盘,0.20%,富国基金,2019-07-02,创业板R指数,3937.58,10843,10454,12975,8008,9885,25.79,创业板R,399606
380,科创芯片ETF博时,588990,1.755,10000,10011,行业，半导体，芯片，科创板,0.60%,博时基金,2024-08-16,科创芯片指数,3939.89,11755,11441,10000,10000,10000,2.35,科创芯片,000685.SH
381,中证500ETF华泰柏瑞,512510,1.691,10000,9999,宽基，中小盘,0.20%,华泰柏瑞基金,2015-06-12,中证500指数,3795.12,10703,10445,11892,9707,12948,12.46,中证500,000905.SH
382,科创100ETF南方,588900,1.044,10000,10003,宽基，中小盘，科创板,0.20%,南方基金,2023-12-18,科创100指数,3506.15,11510,11613,12826,10000,10000,3.59,科创100,000698
383,上证180ETF指数,510040,0.992,10000,9974,宽基，大盘股,0.20%,鹏华基金,2025-01-06,上证180指数,3351.13,10259,10000,10000,10000,10000,7.49,上证180,000010.SH
384,国泰中证500ETF,561350,0.933,10000,10003,宽基，中小盘,0.60%,国泰基金,2021-09-01,中证500指数,3349.08,10675,10495,11992,9540,10000,1.27,中证500,000905.SH
385,创业板ETF南方,159948,2.442,10000,9990,宽基，中小盘,0.20%,南方基金,2016-05-31,创业板指,3325.55,10820,10445,12962,8049,10218,47.62,创业板指,399006.SZ
386,上证综合ETF,510980,1.133,10009,10001,宽基，综合,0.60%,汇添富基金,2023-12-01,上证指数,3270.13,10198,9974,11468,10000,10000,4.36,上证指数,000001.SH
387,锂电池ETF,561160,0.522,9962,9990,主题，新兴产业，新能源车,0.60%,富国基金,2022-07-08,CS电池指数,3287.95,10852,10631,12168,10000,10000,6.71,CS电池,931719.CSI
388,中证1000ETF基金,560110,0.939,10000,9983,宽基，中小盘,0.20%,汇添富基金,2022-08-08,中证1000指数,3180.47,10957,10731,12404,10000,10000,2.74,中证1000,000852.SH
389,沪深300ETF基金,159330,1.175,10000,9986,宽基，大盘股,0.55%,东财基金,2024-08-19,沪深300指数,3135.7,10217,9983,10000,10000,10000,9.95,沪深300,000300.SH
390,旅游ETF,562510,0.661,10000,10022,主题，旅游,0.60%,华夏基金,2021-12-30,中证旅游指数,3054.31,9807,9297,9310,6399,10000,6.48,中证旅游,930633.CSI
391,芯片50ETF,516920,0.834,10146,10000,行业，半导体，芯片,0.20%,汇添富基金,2021-08-16,芯片产业指数,3014.2,11830,11503,16747,9988,10000,5.11,芯片产业,H30007.CSI
392,沪深300ETF泰康,515380,4.413,10000,9991,宽基，大盘股,0.45%,泰康资产,2020-03-23,沪深300指数,2875.83,10275,9986,11734,9277,10000,42.41,沪深300,000300.SH
393,证券ETF东财,159692,1.214,10000,10010,行业，金融，证券,0.55%,东财基金,2023-05-23,证券公司30指数,2865.95,10288,9582,12567,10000,10000,4.14,证券公司,399975.SZ
394,科创50指数ETF,588870,1.133,10018,10013,宽基，中小盘，科创板,0.20%,汇添富基金,2025-01-27,科创50指数,2833.89,11526,10000,10000,10000,10000,2.34,科创50,000688.SH
395,中证A50指数ETF,562890,1.139,10000,9992,宽基，大盘,0.20%,嘉实基金,2024-03-18,中证A50指数,2822.82,10308,10000,10000,10000,10000,5.19,中证A50,930050.CSI
396,A500ETF指数基金,159376,1.058,10000,10009,宽基，中小盘,0.20%,浦银安盛基金,2025-01-13,中证A500指数,2833.55,10434,10000,10000,10000,10000,15.06,中证A500,000510.SH
397,中证A50ETF,563350,1.157,10000,10007,宽基，大盘,0.20%,华泰柏瑞基金,2024-03-18,中证A50指数,2688.14,10321,10035,10000,10000,10000,12.91,中证A50,930050.CSI
398,通信设备ETF,159583,1.24,10000,9989,行业TMT，通信,0.60%,富国基金,2024-07-08,通信设备主题指数,2700.67,10671,10517,10000,10000,10000,0.711,通信设备,931160.CSI
399,科创芯片ETF富国,588810,1.185,10017,10054,行业，半导体，芯片，科创板,0.60%,富国基金,2025-01-09,科创芯片指数,2636.51,11838,10000,10000,10000,10000,3.0,科创芯片,000685.SH
400,券商指数ETF,515850,1.365,10000,10008,行业，金融，证券,0.20%,富国基金,2020-02-21,证券公司指数,2524.54,10294,9559,12443,11080,12166,1.96,证券公司,399975.SZ
401,沪深300ETF工银,510350,3.976,10000,9999,宽基，大盘股,0.20%,工银瑞信基金,2019-08-16,沪深300指数,2408.83,10279,9990,11732,9300,10647,48.92,沪深300,000300.SH
402,创业板50ETF国泰,159375,1.087,10000,9959,宽基，中小盘,0.20%,国泰基金,2025-01-10,创业板50指数,2442.61,10564,10000,10000,10000,10000,3.18,创业板50,399673.SZ
403,电子ETF,515260,1.002,10010,9987,行业，电子,0.60%,华宝基金,2020-07-31,电子50指数,2400.48,11258,11047,15656,10394,10000,5.25,电子50,931461.CSI
404,港股通央企红利ETF南方,520660,0.915,10022,10000,跨境，香港，央企,0.60%,南方基金,2024-07-10,国新港股通央企红利指数,2421.26,10144,9696,10000,10000,10000,12.21,红利指数,000015
405,创业板ETF博时,159908,2.059,9981,9998,宽基，中小盘,0.20%,博时基金,2011-07-13,创业板指,2152.92,10791,10425,12901,8030,10543,21.33,创业板指,399006.SZ
406,家电ETF龙头,560880,1.448,10000,10045,行业，家电,0.60%,广发基金,2022-04-12,家用电器指数,2169.64,10358,10478,12929,10000,10000,5.05,家用电器,930697.CSI
407,碳中和ETF易方达,562990,0.764,10000,9975,主题，环保，新兴产业,0.60%,易方达基金,2022-07-19,SEEE碳中和指数,2154.03,10310,10146,11576,10000,10000,12.27,SEEE碳中和,931755.CSI
408,沪深300指数ETF,515310,1.142,9965,10002,宽基，大盘股,0.20%,汇添富基金,2019-12-25,沪深300指数,2081.87,10215,9939,11617,9107,11174,2.89,沪深300,000300.SH
409,300ETF天弘,515330,1.101,10000,9993,宽基，大盘股,0.60%,天弘基金,2019-12-26,沪深300指数,2084.63,10271,9955,11700,9183,10658,122.08,沪深300,000300.SH
410,创新药ETF沪港深,159622,0.847,10012,10011,行业，医药,0.55%,东财基金,2023-05-09,SHS创新药人民币指数,2077.92,11029,11000,10943,10000,10000,1.82,SHS创新药,931409.CSI
411,180指数ETF,530080,1.029,10000,10017,宽基，大盘股,0.20%,天弘基金,2025-01-23,上证180指数,1959.9,10290,10000,10000,10000,10000,5.49,上证180,000010.SH
412,科创50ETF增强,588450,1.415,10136,9943,宽基，中小盘，科创板,0.60%,招商基金,2024-05-22,科创50指数,2019.59,11375,11072,10000,10000,10000,1.5,科创50,000688.SH
413,消费电子ETF富国,561100,1.013,10110,10038,主题，消费电子,0.60%,富国基金,2022-02-08,消费电子指数,2001.65,11498,11433,16472,10433,10000,4.67,消费电子,931494.CSI
414,深证50ETF易方达,159150,1.204,10000,9996,策略，价值,0.20%,易方达基金,2023-12-11,深证50指数,1972.13,10470,10143,12223,10000,10000,2.1,深证50,399850
415,H股ETF港股通,159960,0.871,9989,10000,跨境，香港，中概股,0.60%,平安基金,2018-10-22,恒生中国企业指数,1870.2,11224,11386,15098,13123,10471,4.73,恒生中国企业指数,HSCEI.HI
416,中证A100ETF基金,562000,0.962,9990,10009,宽基，大盘股,0.60%,华宝基金,2022-08-01,中证100指数,1861.24,10400,10105,11833,10000,10000,32.71,中证100,000903.SH
417,科创50增强策略ETF,588370,1.083,9991,9997,宽基，中小盘，科创板,0.60%,南方基金,2022-12-13,科创50指数,1909.89,11270,11131,14325,10000,10000,1.59,科创50,000688.SH
418,光伏龙头ETF,159609,0.43,9954,9989,主题，光伏，新兴产业,0.60%,浦银安盛基金,2022-07-08,光伏产业指数,1900.94,10287,9773,9015,10000,10000,2.58,光伏产业,931151.CSI
419,双创龙头ETF,159603,0.943,10118,9991,宽基，中小盘,0.60%,天弘基金,2022-06-08,科创创业50指数,1902.51,11120,10777,13338,10000,10000,26.18,科创创业50,931643.CSI
420,智能车ETF,159888,1.245,10000,10019,主题，智能汽车,0.60%,华夏基金,2021-05-21,CS智汽车指数,1772.88,11835,11925,15036,10418,10000,0.879,CS智汽车,930721.CSI
421,通信ETF,159695,1.296,10000,10027,行业，TMT，通信,0.60%,嘉实基金,2023-05-10,国证通信指数,1846.16,10900,10684,13685,10000,10000,0.882,国证通信,399389
422,科创100ETF易方达,588210,1.013,10000,9975,宽基，中小盘，科创板,0.20%,易方达基金,2023-11-16,科创100指数,1821.91,11485,11577,12855,10000,10000,3.12,科创100,000698
423,消费ETF龙头,560680,0.848,10000,10012,行业，消费,0.60%,广发基金,2022-10-31,中证消费指数,1668.82,10059,9539,9248,10000,10000,1.64,中证消费,000932.SH
424,沪深300ETF永赢,563520,0.978,10000,10003,宽基，大盘股,0.20%,永赢基金,2024-11-18,沪深300指数,1729.71,10306,9990,10000,10000,10000,12.94,沪深300,000300.SH
425,中证500增强ETF,560100,0.986,10000,9984,宽基，中小盘,0.55%,南方基金,2022-02-16,中证500指数,1694.26,10456,10325,11600,9811,10000,0.998,中证500,000905.SH
426,互联网龙头ETF,159856,0.78,10000,10045,主题，互联网,0.52%,工银瑞信基金,2021-02-01,SHS互联网人民币指数,1697.95,12440,12264,17489,13000,10000,3.44,SHS互联网,930625.CSI
427,计算机ETF南方,159586,1.433,9993,9989,行业，计算机,0.60%,南方基金,2024-03-15,计算机指数,1651.74,12450,12428,10000,10000,10000,0.88,计算机指,399363
428,沪深300ETF招商,561930,1.244,10000,10015,宽基，大盘股,0.20%,招商基金,2024-09-20,沪深300指数,1628.27,10307,9889,10000,10000,10000,9.06,沪深300,000300.SH
429,中证银行ETF,512730,1.508,9993,10031,行业，金融，银行,0.40%,鹏华基金,2020-02-07,中证银行指数,1568.06,9799,9928,12683,12726,16320,0.836,中证银行,399986.SZ
430,稀有金属ETF基金,159671,0.7,9901,9999,主题，稀有金属,0.52%,工银瑞信基金,2023-03-10,CS稀金属指数,1632.82,10309,10355,10972,10000,10000,5.32,CS稀金属,930632.CSI
431,汽车ETF,159512,1.433,9986,9995,行业，汽车,0.60%,广发基金,2023-07-25,汽车指数,1619.18,10452,10170,13859,10000,10000,1.12,汽车指数,CN6055
432,中证500ETF鹏华,159982,1.522,10000,10005,宽基，中小盘,0.20%,鹏华基金,2020-02-20,中证500指数,1540.22,10688,10482,11975,9707,13736,3.4,中证500,000905.SH
433,红利低波ETF泰康,560150,1.072,9991,10004,策略，红利,0.50%,泰康基金,2024-04-08,红利低波指数,1520.37,9737,9487,10000,10000,10000,6.0,红利低波,h30269.CSI
434,1000增强ETF,159677,1.079,10000,10000,宽基，中小盘,0.60%,银华基金,2022-12-05,中证1000指数,1399.57,10822,10610,12331,10000,10000,0.517,中证1000,000852.SH
435,深证成指ETF,159943,1.15,9922,9995,宽基，综合,0.60%,大成基金,2015-07-08,深证成指,1356.7,10570,10314,12234,8621,10578,2.26,深证成指,399001.SZ
436,新能源车龙头ETF,159637,0.659,10015,9988,主题，新兴产业，新能源车,0.55%,东财基金,2022-09-01,CS新能车指数,1419.59,11246,11169,12747,10000,10000,9.34,CS新能车,399976.SZ
437,数据ETF,159527,1.761,10028,10024,主题，TMT，互联网,0.60%,广发基金,2024-02-01,云计算指数,1422.63,12706,12525,16171,10000,10000,0.618,云计算,930851.CSI
438,互联网ETF华泰柏瑞,517050,0.875,10000,10057,主题，互联网,0.60%,华泰柏瑞基金,2021-02-08,SHS互联网人民币指数,1385.16,12289,12359,17535,13587,10000,4.74,SHS互联网,930625.CSI
439,电池30ETF,159757,0.598,10000,9985,主题，新兴产业，新能源车，电池,0.60%,景顺长城基金,2021-08-09,新能电池指数,1374.58,11241,11115,13529,6472,10000,3.16,新能电池,980032.CNI
440,科创创业50ETF,588390,0.66,10015,9980,宽基，中小盘，科创板,0.60%,博时基金,2021-08-30,科创创业50指数,1395.37,11000,10628,13147,8138,10000,2.75,科创创业50,931643.CSI
441,双创50ETF基金,588350,0.935,10000,9977,宽基，中小盘,0.60%,鹏扬基金,2022-11-10,科创创业50指数,1406.88,11000,10625,13244,10000,10000,15.9,科创创业50,931643.CSI
442,芯片50ETF,159560,1.315,10000,9975,行业，半导体，芯片,0.60%,景顺长城基金,2023-11-20,芯片产业指数,1392.91,11617,11268,16499,10000,10000,1.66,芯片产业,H30007.CSI
443,芯片产业ETF,159310,1.63,10000,9996,行业，半导体，芯片,0.55%,天弘基金,2024-04-30,芯片产业指数,1410.5,11660,11375,10000,10000,10000,9.95,芯片产业,H30007.CSI
444,中证500ETF博时,159968,7.358,10000,9987,宽基，中小盘,0.20%,博时基金,2019-10-31,中证500指数,1296.35,10642,10453,11852,9542,12514,7.59,中证500,000905.SH
445,上证50ETF博时,510710,3.64,10000,9993,宽基，大盘股,0.20%,博时基金,2015-06-15,上证50指数,1306.64,10199,9851,11447,9541,11064,6.9,上证50,000016.SH
446,上证50ETF基金,510680,2.751,10000,10006,宽基，大盘股,0.60%,万家基金,2013-12-02,上证50指数,1287.25,10242,9896,11424,9360,10839,2.02,上证50,000016.SH
447,证券ETF易方达,512570,1.114,10000,10019,行业，金融，证券,0.60%,易方达基金,2017-08-11,证券公司指数,1257.86,10305,9546,12392,11019,10965,8.26,证券公司,399975.SZ
448,A100ETF南方,560380,1.001,10000,9985,宽基，大盘股,0.60%,南方基金,2024-12-27,中证100指数,1260.89,10352,10060,10000,10000,10000,2.13,中证100,000903.SH
449,中证800ETF,515810,1.305,10000,9983,宽基，综合,0.20%,易方达基金,2019-10-25,中证800指数,1328.33,10357,10116,11994,9638,12500,3.21,中证800,000906.SH
450,农业50ETF,516810,0.656,9985,10000,行业，农业,0.60%,华夏基金,2022-01-11,中证农业指数,1289.26,9970,9733,9690,6942,10000,1.48,中证农业,000949.CSI
451,基建50ETF,159635,1.036,10217,10013,主题，基建,0.60%,华夏基金,2022-07-12,中证基建指数,1332.37,10486,10010,11068,10000,10000,1.22,中证基建,930608.CSI
452,稀有金属ETF,159608,0.581,10000,9979,主题，稀有金属,0.60%,广发基金,2021-12-23,CS稀金属指数,1262.59,10375,10468,11238,5735,10000,2.23,CS稀金属,930632.CSI
453,双碳ETF,159641,0.786,9825,9992,主题，环保，新兴产业,0.60%,招商基金,2022-07-22,SEEE碳中和指数,1306.76,10129,9975,11610,10000,10000,3.06,SEEE碳中和,931755.CSI
454,港股金融ETF,513140,1.27,9976,10000,跨境，香港,0.60%,华泰柏瑞基金,2023-01-12,H300金融服务港币指数,1277.76,10539,10681,13597,10000,10000,0.406,300金融,000914
455,A500ETF东财,159380,1.058,10028,9998,宽基，中小盘,0.20%,东财基金,2025-01-08,中证A500指数,1336.94,10455,10000,10000,10000,10000,7.21,中证A500,000510.SH
456,上证50ETF工银,510850,3.04,10000,9987,宽基，大盘股,0.60%,工银瑞信基金,2019-03-06,上证50指数,1194.05,10232,9880,11424,9482,10358,2.44,上证50,000016.SH
457,上证180ETF基金,530800,1.024,10000,9978,宽基，大盘股,0.20%,银华基金,2025-01-27,上证180指数,1235.9,10230,10000,10000,10000,10000,4.2,上证180,000010.SH
458,证券ETF指数基金,516200,1.069,10000,10007,行业，金融，证券,0.60%,华安基金,2021-03-22,证券公司指数,1213.52,10289,9553,12387,10820,10000,4.23,证券公司,399975.SZ
459,深证100ETF广发,159576,1.194,10000,10001,宽基，大盘股,0.60%,广发基金,2024-01-03,深证100指数,1187.2,10448,10208,12056,10000,10000,0.842,深证100,399330.SZ
460,A100ETF基金,561880,1.04,10000,10024,宽基，大盘股,0.20%,华富基金,2025-01-24,中证100指数,1163.34,10379,10000,10000,10000,10000,2.76,中证100,000903.SH
461,红利ETF,159708,0.766,10000,10017,策略，红利,0.48%,西部利得基金,2021-07-02,深证红利指数,1226.06,10000,9795,10609,8907,10000,2.46,深证红利,399324.SZ
462,光伏ETF基金,159863,0.495,10000,10008,主题，光伏，新兴产业,0.60%,鹏华基金,2021-03-11,光伏产业指数,1249.16,10399,9861,9150,4995,10000,2.38,光伏产业,931151.CSI
463,有色50ETF,159652,0.879,9943,9994,行业，资源，有色金属,0.60%,汇添富基金,2023-02-08,细分有色指数,1239.67,9888,10305,11386,10000,10000,3.43,细分有色,000811.CSI
464,中国A50ETF,159602,0.815,10000,10000,MSCI,0.22%,南方基金,2021-11-08,MSCI中国A50互联互通人民币指数,1245.23,10356,10012,12074,9000,10000,12.21,MSCI中国A50互联互通,746059.MI
465,碳中和ETF南方,159639,0.767,10000,10001,主题，环保，新兴产业,0.60%,南方基金,2022-07-19,SEEE碳中和指数,1181.71,10337,10172,11657,10000,10000,7.91,SEEE碳中和,931755.CSI
466,电信50ETF,560300,1.499,9894,9993,行业TMT，通信,0.60%,汇添富基金,2023-12-18,中证电信指数,1239.89,11170,10753,15020,10000,10000,0.512,中证电信,000936
467,高股息ETF,563180,1.006,10000,10000,策略，红利,0.60%,银华基金,2024-05-14,高息策略指数,1167.28,9482,9137,10000,10000,10000,3.05,高息策略,H30366.CSI
468,医药50ETF,512120,0.407,10000,9976,行业，医药,0.60%,华安基金,2014-01-06,细分医药指数,1126.98,10278,9951,9760,6809,7082,3.62,医药指数,CN6046
469,银行ETF指数基金,516210,1.246,10000,9989,行业，金融，银行,0.60%,华安基金,2021-09-24,中证银行指数,1118.32,9873,9905,12624,12435,10000,1.24,中证银行,399986.SZ
470,平安创业板ETF,159964,1.437,10000,9999,宽基，中小盘,0.20%,平安基金,2019-04-19,创业板R指数,1125.34,10813,10443,12993,8151,10724,5.87,创业板R,399606
471,信息科技ETF,512330,1.123,9982,10000,行业，信息技术,0.60%,南方基金,2015-07-20,500信息指数,1116.91,11834,11698,15033,10495,8638,5.46,500信息,000858
472,科技龙头ETF,516050,0.751,10000,9974,主题，新兴产业，科技,0.52%,工银瑞信基金,2021-02-05,科技龙头指数,1073.29,11044,10948,13580,9376,10000,4.53,科技龙头,931087.CSI
473,医疗器械ETF招商,159898,0.542,10037,10032,行业，医药，医疗器械,0.60%,招商基金,2021-06-04,医疗器械指数,1077.46,10840,10403,9891,7559,10000,1.77,医疗器械,h30217.CSI
474,消费电子50ETF,159779,0.879,10000,10005,主题，消费电子,0.60%,招商基金,2021-11-26,消费电子指数,1061.63,11327,11240,15953,10046,10000,0.918,消费电子,931494.CSI
475,证券公司ETF,516730,0.999,10000,10012,行业，金融，证券,0.60%,浦银安盛基金,2021-11-12,证券公司30指数,1057.86,10267,9587,12503,10954,10000,0.968,证券公司,399975.SZ
476,消费ETF易方达,159798,0.9,9989,10000,行业，消费,0.60%,易方达基金,2022-05-11,CS消费50指数,1137.61,9815,9494,10000,10000,10000,1.26,CS消费50,931139.CSI
477,300成长ETF,159656,0.856,10000,9993,策略，成长,0.60%,万家基金,2023-01-16,300成长指数,1145.51,10414,10190,11823,10000,10000,1.18,300成长,000918.CSI
478,储能电池50ETF,159305,1.261,10000,9989,主题，新兴产业，新能源,0.60%,广发基金,2024-09-27,新能源电池指数,1092.45,10871,10543,10000,10000,10000,0.409,新能源电池,980027
479,国寿300ETF,510380,1.127,10000,9975,宽基，大盘股,0.60%,国寿安保基金,2018-02-07,沪深300指数,1034.92,10227,9965,11679,9140,10672,18.08,沪深300,000300.SH
480,上证180ETF华泰柏瑞,530300,1.022,10000,10004,宽基，大盘股,0.20%,华泰柏瑞基金,2025-01-10,上证180指数,1005.91,10261,10000,10000,10000,10000,3.04,上证180,000010.SH
481,建材ETF,516750,0.621,10032,9989,行业，建筑材料,0.60%,富国基金,2021-11-05,建筑材料指数,1044.03,9842,9688,9598,5820,10000,0.613,建筑材料,931009.CSI
482,中证500成长ETF,159606,0.896,10000,9988,策略，价值，成长,0.60%,易方达基金,2021-12-29,500质量指数,1000.44,10056,10275,11651,9237,10000,4.59,500质量,930939.CSI
483,中证2000ETF增强,159556,1.026,10020,9948,宽基，中小盘,0.60%,平安基金,2024-01-10,中证2000指数,1003.98,11032,11080,12142,10000,10000,0.781,中证2000,932000.CSI
