,代码,名称,最新价,涨跌额,涨跌幅,成交量,成交额,开盘价,最高价,最低价,昨收,换手率,流通市值,总市值
0,159562,黄金股ETF,1.759,0.16,10.01,333207.0,56573124.274,1.599,1.759,1.545,1.599,75.5,77625550,77625550
1,517520,黄金股ETF,1.265,0.052,4.29,1446535.0,180902664.0,1.235,1.27,1.23,1.213,43.06,424918560,424918560
2,159876,有色龙头ETF,1.165,0.043,3.83,107394.0,12328892.8,1.127,1.165,1.124,1.122,22.95,54508613,54508613
3,159871,有色金属ETF,1.13,0.04,3.67,237069.0,26349472.5,1.1,1.13,1.091,1.09,28.44,94203806,94203806
4,159881,有色60ETF,1.076,0.037,3.56,365442.0,38797113.3,1.043,1.077,1.041,1.039,17.38,226228462,226228462
5,159880,有色ETF基金,1.115,0.037,3.43,94256.0,10355348.196,1.08,1.118,1.08,1.078,13.27,79222443,79222443
6,159652,有色50ETF,0.953,0.031,3.36,668371.0,62557487.38,0.939,0.953,0.922,0.922,18.2,350056158,350056158
7,512400,有色金属ETF,1.114,0.036,3.34,4120930.0,454143208.0,1.088,1.119,1.079,1.078,10.19,4506173455,4506173455
8,159690,矿业ETF,1.081,0.034,3.25,38122.0,4067078.745,1.047,1.084,1.047,1.047,28.96,14230260,14230260
9,560860,工业有色ETF,0.885,0.027,3.15,235872.0,20581582.0,0.864,0.887,0.855,0.858,7.96,262166212,262166212
10,561330,矿业ETF,1.054,0.032,3.13,98885.0,10256985.0,1.053,1.056,1.024,1.022,18.42,56595689,56595689
11,516650,有色50ETF,1.07,0.032,3.08,212997.0,22574378.0,1.088,1.088,1.039,1.038,26.15,87167336,87167336
12,510170,大宗商品ETF,0.917,0.026,2.92,168497.0,15310953.0,0.891,0.92,0.891,0.891,6.99,220918872,220918872
13,159693,有色矿业ETF,1.213,0.034,2.88,18071.0,2180599.616,1.18,1.218,1.18,1.179,10.1,21707603,21707603
14,510410,资源ETF,1.291,0.035,2.79,533316.0,68171301.0,1.263,1.292,1.261,1.256,11.32,608394594,608394594
15,515220,煤炭ETF,2.544,0.066,2.66,1395473.0,351419846.0,2.475,2.547,2.468,2.478,9.73,3648321134,3648321134
16,516760,养殖ETF,0.676,0.016,2.42,89327.0,5992205.0,0.663,0.676,0.659,0.66,3.61,167117408,167117408
17,159945,能源ETF基金,1.213,0.028,2.36,40210.0,4825540.127,1.195,1.213,1.188,1.185,13.83,35264733,35264733
18,562800,稀有金属ETF,0.527,0.012,2.33,1843941.0,96912578.0,0.517,0.534,0.514,0.515,9.66,1005513369,1005513369
19,561800,稀有金属ETF基金,0.57,0.012,2.15,134786.0,7623390.0,0.559,0.574,0.552,0.558,7.9,97229004,97229004
20,159671,稀有金属ETF基金,0.725,0.015,2.11,957095.0,69033498.454,0.711,0.734,0.707,0.71,9.27,748599980,748599980
21,159608,稀有金属ETF,0.586,0.012,2.09,507179.0,29580980.5,0.575,0.594,0.572,0.574,11.83,251282660,251282660
22,159616,农牧ETF,0.713,0.014,2.0,78764.0,5578018.554,0.706,0.714,0.7,0.699,7.12,78830064,78830064
23,159715,稀土ETF易方达,0.622,0.012,1.97,213553.0,13257170.317,0.61,0.627,0.608,0.61,6.56,202479789,202479789
24,159825,农业ETF,0.717,0.013,1.85,752383.0,53678251.244,0.704,0.718,0.702,0.704,2.41,2242831502,2242831502
25,159827,农业50ETF,0.756,0.013,1.75,34244.0,2574738.8,0.743,0.757,0.743,0.743,2.32,111673598,111673598
26,516780,稀土ETF,0.932,0.016,1.75,415117.0,38648498.0,0.913,0.942,0.911,0.916,5.97,647786421,647786421
27,159865,养殖ETF,0.642,0.011,1.74,2633432.0,168404693.916,0.628,0.642,0.627,0.631,3.34,5059894505,5059894505
28,159930,能源ETF,1.495,0.025,1.7,420217.0,62419783.4,1.474,1.498,1.468,1.47,16.88,372102734,372102734
29,516150,稀土ETF基金,0.979,0.016,1.66,525149.0,51327395.0,0.962,0.989,0.956,0.963,3.05,1685423891,1685423891
30,159713,稀土ETF,0.689,0.011,1.62,292197.0,20119010.6,0.677,0.696,0.673,0.678,7.5,268541234,268541234
31,518860,黄金ETFAU,5.264,0.084,1.62,5692.0,2989884.0,5.225,5.276,5.21,5.18,3.48,86117987,86117987
32,516670,畜牧养殖ETF,0.694,0.011,1.61,461803.0,31953940.0,0.683,0.695,0.681,0.683,4.84,661566815,661566815
33,159944,材料ETF,0.959,0.015,1.59,7946.0,757819.4,0.945,0.964,0.945,0.944,4.05,18804360,18804360
34,562900,现代农业ETF,0.777,0.012,1.57,125907.0,9724100.0,0.769,0.777,0.769,0.765,14.86,65816795,65816795
35,159697,油气ETF,1.083,0.016,1.5,152968.0,16476996.232,1.078,1.085,1.07,1.067,24.66,67169832,67169832
36,516810,农业50ETF,0.711,0.01,1.43,56998.0,4033911.0,0.706,0.712,0.704,0.701,2.95,137563498,137563498
37,159867,畜牧ETF,0.646,0.009,1.41,358006.0,23062838.535,0.636,0.647,0.635,0.637,2.65,871546704,871546704
38,518880,黄金ETF,5.231,0.072,1.4,2199878.0,1149376150.0,5.204,5.238,5.204,5.159,6.66,17282914325,17282914325
39,159934,黄金ETF,5.175,0.07,1.37,1296313.0,670286937.57,5.153,5.185,5.152,5.105,10.06,6667276496,6667276496
40,561360,石油ETF,1.125,0.015,1.35,233985.0,26172465.0,1.12,1.126,1.11,1.11,44.87,58666500,58666500
41,159937,黄金ETF基金,5.222,0.069,1.34,518913.0,270593659.5,5.195,5.225,5.195,5.153,2.87,9439401583,9439401583
42,518660,黄金ETF基金,5.215,0.068,1.32,29315.0,15278709.0,5.198,5.6,5.197,5.147,8.04,190100831,190100831
43,518890,中银上海金ETF,5.248,0.068,1.31,10016.0,5256017.0,5.216,5.298,5.216,5.18,11.19,46994790,46994790
44,518680,金ETF,5.209,0.067,1.3,38175.0,19866220.0,5.18,5.213,5.18,5.142,6.92,287318022,287318022
45,562060,标普红利ETF,1.089,0.014,1.3,646189.0,69769321.0,1.079,1.089,1.071,1.075,22.1,318419575,318419575
46,518800,黄金基金ETF,5.164,0.066,1.29,562435.0,289976991.0,5.153,5.17,5.142,5.098,9.71,2990575184,2990575184
47,515550,国联中证500ETF,1.174,0.015,1.29,184.0,21296.0,1.159,1.174,1.156,1.159,0.07,32103852,32103852
48,159698,粮食ETF,0.861,0.011,1.29,57270.0,4897895.039,0.85,0.861,0.85,0.85,2.16,228117042,228117042
49,159763,新材料ETF基金,0.476,0.006,1.28,42170.0,1974896.5,0.47,0.476,0.462,0.47,2.76,72688865,72688865
50,518850,黄金ETF华夏,5.244,0.065,1.26,31033.0,16269442.0,5.212,5.252,5.212,5.179,4.94,329211503,329211503
51,510880,红利ETF,3.125,0.037,1.2,1326082.0,412547985.0,3.088,3.127,3.084,3.088,2.3,18050548800,18050548800
52,518600,上海金ETF,5.157,0.06,1.18,30622.0,15805804.0,5.132,5.174,5.132,5.097,20.98,75259195,75259195
53,562330,中证500价值ETF,0.983,0.011,1.13,138041.0,13487446.0,0.973,0.984,0.973,0.972,33.65,40321579,40321579
54,159589,红利100ETF,1.018,0.011,1.09,446165.0,45178814.765,1.007,1.019,1.006,1.007,30.65,148210620,148210620
55,515890,红利ETF博时,1.367,0.014,1.03,140222.0,19069522.0,1.353,1.368,1.352,1.353,2.77,690941817,690941817
56,563020,红利低波动ETF,1.119,0.011,0.99,133192.0,14787514.0,1.109,1.121,1.105,1.108,4.04,369169290,369169290
57,159518,标普油气ETF,1.126,0.011,0.99,830924.0,94103604.342,1.132,1.145,1.119,1.115,78.89,118596365,118596365
58,512890,红利低波ETF,1.033,0.01,0.98,4966159.0,511524207.0,1.025,1.033,1.018,1.023,8.37,6129936374,6129936374
59,516550,农业ETF,0.62,0.006,0.98,130354.0,8047788.0,0.614,0.621,0.614,0.614,4.37,185016928,185016928
60,515180,红利ETF易方达,1.347,0.013,0.97,358282.0,48018605.0,1.332,1.348,1.332,1.334,0.82,5906105942,5906105942
61,515080,中证红利ETF,1.515,0.014,0.93,1067895.0,160966490.0,1.5,1.515,1.497,1.501,3.49,4630065577,4630065577
62,516570,化工行业ETF,0.777,0.007,0.91,63718.0,4942496.0,0.771,0.779,0.769,0.77,12.91,38350855,38350855
63,159647,中药ETF,1.03,0.009,0.88,367231.0,37767001.8,1.024,1.035,1.021,1.021,5.98,632895547,632895547
64,560020,红利ETF添富,1.056,0.009,0.86,32982.0,3466450.0,1.047,1.056,1.047,1.047,7.4,47057472,47057472
65,159606,中证500成长ETF,0.822,0.007,0.86,96832.0,7917442.89,0.815,0.823,0.814,0.815,1.86,427623142,427623142
66,159670,消费ETF基金,0.963,0.008,0.84,57391.0,5517788.4,0.962,0.964,0.958,0.955,14.45,38237745,38237745
67,159581,红利ETF基金,1.01,0.008,0.8,625105.0,62897084.015,1.002,1.011,1.001,1.002,32.52,194147957,194147957
68,159515,国企红利ETF,1.02,0.008,0.79,8062.0,821540.271,1.017,1.021,1.011,1.012,2.88,28546364,28546364
69,516120,化工50ETF,0.641,0.005,0.79,207158.0,13287347.0,0.636,0.644,0.635,0.636,6.7,198121562,198121562
70,561060,国企红利ETF,1.026,0.008,0.79,94352.0,9623908.0,1.024,1.026,1.015,1.018,24.47,39567690,39567690
71,512040,价值100ETF,0.915,0.007,0.77,384809.0,35025264.0,0.908,0.915,0.907,0.908,5.32,661285052,661285052
72,159990,小盘价值ETF,1.241,0.009,0.73,35893.0,4430782.1,1.232,1.242,1.232,1.232,12.0,37130224,37130224
73,560080,中药ETF,1.117,0.008,0.72,298386.0,33304038.0,1.105,1.122,1.105,1.109,1.82,1833293014,1833293014
74,159731,石化ETF,0.723,0.005,0.7,21794.0,1570371.0,0.74,0.74,0.714,0.718,5.68,27745703,27745703
75,562530,中证1000价值ETF,1.021,0.007,0.69,16445.0,1672834.0,1.015,1.021,1.012,1.014,2.93,57323024,57323024
76,517180,中国国企ETF,1.508,0.01,0.67,257420.0,38737363.0,1.502,1.511,1.494,1.498,2.89,1341360426,1341360426
77,159913,深价值ETF,2.001,0.013,0.65,150.0,29988.1,1.993,2.008,1.99,1.988,0.05,54886630,54886630
78,510290,上证380ETF,1.85,0.012,0.65,352.0,64933.0,1.841,1.85,1.841,1.838,0.04,174730465,174730465
79,561510,中医药ETF,1.091,0.007,0.65,84184.0,9199093.0,1.084,1.098,1.084,1.084,8.66,106051746,106051746
80,560070,央企股东回报ETF,0.998,0.006,0.6,233812.0,23248686.0,0.991,0.999,0.988,0.992,3.54,659141379,659141379
81,560700,央企红利50ETF,0.999,0.006,0.6,986738.0,98263660.0,0.992,1.0,0.99,0.993,11.33,869666359,869666359
82,516220,化工龙头ETF,0.667,0.004,0.6,383409.0,25556718.0,0.661,0.671,0.661,0.663,14.97,170865390,170865390
83,515100,红利低波100ETF,1.351,0.008,0.6,326109.0,43901050.0,1.344,1.352,1.34,1.343,0.59,7493242429,7493242429
84,516900,食品饮料ETF基金,0.677,0.004,0.59,91776.0,6210710.0,0.676,0.683,0.674,0.673,19.23,32312533,32312533
85,512390,平安MSCI低波ETF,1.187,0.007,0.59,13843.0,1640163.0,1.179,1.187,1.179,1.18,0.82,200225534,200225534
86,561960,央企回报ETF,1.029,0.006,0.59,76691.0,7878270.0,1.024,1.03,1.019,1.023,4.36,181088771,181088771
87,560500,500质量成长ETF,0.866,0.005,0.58,69835.0,6021847.0,0.859,0.869,0.859,0.861,0.91,667979581,667979581
88,159549,红利低波动ETF,1.046,0.006,0.58,28400.0,2961831.17,1.043,1.046,1.038,1.04,0.11,2645881987,2645881987
89,515210,钢铁ETF,1.229,0.007,0.57,672901.0,82339410.0,1.22,1.233,1.213,1.222,7.79,1062133872,1062133872
90,562850,央企能源ETF,1.073,0.006,0.56,135039.0,14420915.0,1.063,1.073,1.063,1.067,8.14,178098150,178098150
91,159617,500价值ETF,1.078,0.006,0.56,38364.0,4122062.551,1.072,1.078,1.07,1.072,6.8,60819016,60819016
92,510270,国企ETF,1.265,0.007,0.56,2216.0,279259.0,1.256,1.265,1.256,1.258,1.6,17497607,17497607
93,159798,消费50ETF,0.94,0.005,0.53,41414.0,3886316.4,0.939,0.941,0.935,0.935,6.65,58510582,58510582
94,515650,消费50ETF,1.156,0.006,0.52,338732.0,39094136.0,1.152,1.16,1.149,1.15,1.93,2031304704,2031304704
95,516690,化工产业ETF,0.586,0.003,0.51,69777.0,4093972.0,0.585,0.589,0.581,0.583,10.86,37646398,37646398
96,159870,化工ETF,0.609,0.003,0.5,1303268.0,79158538.343,0.607,0.611,0.602,0.606,4.74,1674206168,1674206168
97,159672,主要消费ETF,0.837,0.004,0.48,106984.0,8947092.172,0.83,0.839,0.83,0.833,10.93,81931761,81931761
98,159719,国企共赢ETF,1.471,0.007,0.48,86321.0,12684667.0,1.465,1.474,1.457,1.464,7.24,175337169,175337169
99,159547,红利低波50ETF,1.066,0.005,0.47,3035.0,322957.336,1.064,1.067,1.053,1.061,2.81,11497876,11497876
100,515590,500等权ETF,1.316,0.006,0.46,2520.0,330594.0,1.316,1.316,1.311,1.31,1.25,26469629,26469629
101,159928,消费ETF,0.88,0.004,0.46,1149896.0,100960610.938,0.876,0.883,0.873,0.876,1.07,9460553626,9460553626
102,513350,标普油气ETF,1.157,0.005,0.43,261634.0,30307567.0,1.158,1.162,1.155,1.152,28.52,106150122,106150122
103,512600,必选消费ETF,0.749,0.003,0.4,165860.0,12405640.0,0.744,0.751,0.744,0.746,3.13,396937116,396937116
104,515110,一带一路国企ETF,1.259,0.005,0.4,34876.0,4384225.0,1.256,1.26,1.254,1.254,1.55,282387405,282387405
105,516950,基建ETF,1.009,0.004,0.4,281276.0,28232677.0,1.007,1.01,0.999,1.005,3.67,773722397,773722397
106,562390,中药50ETF,1.02,0.004,0.39,11946.0,1220573.0,1.016,1.026,1.016,1.016,1.67,72857580,72857580
107,159691,港股红利ETF,1.022,0.004,0.39,450119.0,45998539.144,1.02,1.026,1.019,1.018,8.49,541967925,541967925
108,516130,消费龙头ETF,0.77,0.003,0.39,60930.0,4684791.0,0.775,0.775,0.767,0.767,6.56,71525300,71525300
109,561580,央企红利ETF,1.044,0.004,0.38,356820.0,37185994.0,1.04,1.045,1.031,1.04,8.02,464445015,464445015
110,561790,央企现代能源ETF,1.076,0.004,0.37,216575.0,23214992.0,1.073,1.078,1.067,1.072,22.11,105376984,105376984
111,159689,消费ETF南方,0.837,0.003,0.36,79083.0,6614564.4,0.834,0.84,0.832,0.834,15.17,43647698,43647698
112,513530,港股通红利ETF,1.144,0.004,0.35,161689.0,18456091.0,1.138,1.144,1.135,1.14,6.9,268197873,268197873
113,516480,新材料ETF基金,0.592,0.002,0.34,4133.0,244184.0,0.581,0.595,0.581,0.59,1.64,14886491,14886491
114,516020,化工ETF,0.632,0.002,0.32,407604.0,25775253.0,0.633,0.636,0.626,0.63,6.71,383830163,383830163
115,159916,深F60ETF,4.441,0.014,0.32,92.0,40713.3,4.422,4.441,4.421,4.427,0.01,382219106,382219106
116,560680,消费ETF龙头,0.959,0.003,0.31,194179.0,18574541.0,0.956,0.963,0.953,0.956,35.48,52481850,52481850
117,159910,基本面120ETF,1.983,0.006,0.3,5195.0,1028060.8,1.977,1.988,1.973,1.977,0.31,332957882,332957882
118,513730,东南亚科技ETF,1.021,0.003,0.29,296274.0,30224630.0,1.016,1.022,1.016,1.018,5.85,516988463,516988463
119,159646,疫苗ETF基金,0.683,0.002,0.29,6356.0,432105.0,0.687,0.687,0.675,0.681,2.8,15509223,15509223
120,516970,基建50ETF,1.044,0.003,0.29,803076.0,83693162.0,1.041,1.047,1.035,1.041,2.36,3558518366,3558518366
121,560060,碳中和ETF,0.722,0.002,0.28,44076.0,3177498.0,0.72,0.723,0.715,0.72,1.05,302582980,302582980
122,560550,碳中和ETF龙头,0.724,0.002,0.28,33569.0,2423687.0,0.72,0.725,0.716,0.722,0.41,590492523,590492523
123,159639,碳中和ETF南方,0.727,0.002,0.28,129896.0,9418671.961,0.726,0.729,0.721,0.725,0.97,973663958,973663958
124,561190,双碳ETF,0.728,0.002,0.28,187520.0,13616603.0,0.723,0.729,0.721,0.726,1.36,1004871504,1004871504
125,562990,碳中和100ETF,0.73,0.002,0.27,358752.0,26110870.0,0.729,0.731,0.722,0.728,1.77,1478801880,1478801880
126,159642,碳中和100ETF,0.743,0.002,0.27,66787.0,4944495.8,0.74,0.743,0.736,0.741,3.9,127379863,127379863
127,159641,双碳ETF,0.749,0.002,0.27,137964.0,10309098.15,0.752,0.752,0.742,0.747,2.81,367548609,367548609
128,510560,国寿500ETF,1.211,0.003,0.25,2.0,242.0,1.206,1.211,1.206,1.208,0.0,160237946,160237946
129,517880,品牌消费ETF,0.815,0.002,0.25,78568.0,6406869.0,0.813,0.817,0.812,0.813,15.92,40209737,40209737
130,515990,国企一带一路ETF,1.225,0.003,0.25,42561.0,5205314.0,1.222,1.225,1.217,1.222,4.51,115578995,115578995
131,159516,半导体设备ETF,0.837,0.002,0.24,1035038.0,86346939.111,0.84,0.845,0.824,0.835,11.48,754630750,754630750
132,512530,沪深300红利ETF,1.308,0.003,0.23,17153.0,2235956.0,1.305,1.31,1.298,1.305,3.09,72596616,72596616
133,515300,红利低波ETF基金,1.406,0.003,0.21,97921.0,13734915.0,1.401,1.407,1.392,1.403,1.02,1352818331,1352818331
134,560950,500ETF增强,0.943,0.002,0.21,18181.0,1709709.0,0.937,0.944,0.937,0.941,3.83,44776469,44776469
135,517090,央企共赢ETF,1.417,0.003,0.21,205695.0,29181753.0,1.415,1.425,1.408,1.414,4.54,642007286,642007286
136,516710,新材料50ETF,0.48,0.001,0.21,69209.0,3332816.0,0.479,0.484,0.479,0.479,3.88,85570560,85570560
137,159905,深红利ETF,1.923,0.004,0.21,206382.0,39532224.9,1.918,1.923,1.907,1.919,1.28,3102652627,3102652627
138,510630,消费30ETF,0.976,0.002,0.21,100299.0,9773701.0,0.974,0.981,0.97,0.974,3.75,260944824,260944824
139,159520,消费龙头ETF,1.033,0.002,0.19,82915.0,8552718.0,1.035,1.036,1.029,1.031,27.48,31173461,31173461
140,560030,800价值ETF,1.039,0.002,0.19,19044.0,1977283.0,1.036,1.041,1.033,1.037,4.02,49281848,49281848
141,561170,绿电50ETF,1.065,0.002,0.19,175595.0,18602130.0,1.06,1.066,1.054,1.063,11.11,168304826,168304826
142,513920,港股通央企红利ETF,1.067,0.002,0.19,66103.0,7072928.0,1.069,1.074,1.065,1.065,5.43,129886977,129886977
143,561260,能源ETF,1.07,0.002,0.19,203036.0,21639706.0,1.072,1.073,1.06,1.068,7.2,301627864,301627864
144,515150,一带一路ETF,1.203,0.002,0.17,343520.0,41254665.0,1.202,1.205,1.196,1.201,6.22,664901950,664901950
145,159968,中证500ETF博时,6.435,0.01,0.16,18675.0,11990186.152,6.42,6.455,6.394,6.425,1.55,772811956,772811956
146,515450,红利低波50ETF,1.327,0.002,0.15,671313.0,88849987.0,1.324,1.327,1.316,1.325,5.25,1696350556,1696350556
147,159640,碳中和龙头ETF,0.723,0.001,0.14,403158.0,29136471.021,0.72,0.726,0.72,0.722,10.45,278966080,278966080
148,510810,上海国企ETF,0.732,0.001,0.14,88851.0,6493163.0,0.731,0.734,0.729,0.731,0.1,6491444585,6491444585
149,513690,恒生高股息ETF,0.739,0.001,0.14,269333.0,19898890.0,0.739,0.741,0.736,0.738,1.66,1199382149,1199382149
150,516560,养老ETF,0.745,0.001,0.13,21854.0,1628527.0,0.756,0.756,0.742,0.744,2.27,71712210,71712210
151,159862,食品ETF,0.747,0.001,0.13,19857.0,1479064.044,0.744,0.751,0.742,0.746,3.23,45940948,45940948
152,510160,产业升级ETF,0.756,0.001,0.13,33082.0,2491717.0,0.754,0.758,0.751,0.755,1.0,251035400,251035400
153,159610,500ETF增强,0.778,0.001,0.13,220149.0,17085624.2,0.777,0.779,0.772,0.777,2.69,636846066,636846066
154,561990,沪深300增强ETF,0.781,0.001,0.13,495530.0,38639838.0,0.782,0.786,0.777,0.78,8.49,455830025,455830025
155,512190,浙商之江凤凰ETF,1.625,0.002,0.12,26.0,4218.0,1.622,1.63,1.601,1.623,0.01,63567400,63567400
156,159546,集成电路ETF,0.848,0.001,0.12,287738.0,24226038.711,0.847,0.852,0.83,0.847,55.01,44358264,44358264
157,562000,中证100ETF基金,0.853,0.001,0.12,536665.0,45701866.0,0.851,0.853,0.849,0.852,5.99,764602668,764602668
158,159726,恒生红利ETF,0.877,0.001,0.11,65193.0,5730077.8,0.877,0.881,0.876,0.876,5.16,110862710,110862710
159,560100,中证500增强ETF,0.892,0.001,0.11,113978.0,10141114.0,0.91,0.91,0.883,0.891,9.41,108003628,108003628
160,563030,中证500ETF增强,0.897,0.001,0.11,64391.0,5756038.0,0.896,0.897,0.891,0.896,2.29,252657100,252657100
161,159730,龙头家电ETF,0.91,0.001,0.11,102710.0,9320594.7,0.907,0.912,0.903,0.909,27.34,34189883,34189883
162,515670,中银中证100ETF,0.914,0.001,0.11,49692.0,4535872.0,0.911,0.915,0.911,0.913,13.14,34569765,34569765
163,159627,A100ETF,0.949,0.001,0.11,19562.0,1854917.6,0.951,0.951,0.922,0.948,5.91,31427748,31427748
164,159635,基建50ETF,0.975,0.001,0.1,108369.0,10525199.736,0.972,0.976,0.967,0.974,9.69,109050728,109050728
165,513810,港股国企ETF,1.072,0.001,0.09,7940.0,852038.0,1.071,1.079,1.071,1.071,2.41,35367424,35367424
166,510590,中证500ETF平安,5.592,0.004,0.07,5893.0,3294424.0,5.589,5.603,5.571,5.588,0.4,814117471,814117471
167,515530,中证500ETF泰康,2.834,0.002,0.07,28919.0,8174916.0,2.829,2.834,2.819,2.832,13.24,61902212,61902212
168,512260,中证500低波动ETF,1.478,0.001,0.07,220783.0,32592525.0,1.476,1.478,1.469,1.477,29.8,109516401,109516401
169,511960,嘉实快线ETF,100.059,0.063,0.06,20.0,203024.0,100.08,100.08,100.059,99.996,2.19,9265463,9265463
170,510530,工银中证500ETF,5.57,0.003,0.05,2143.0,1190324.0,5.573,5.573,5.539,5.567,0.46,261675258,261675258
171,511920,广发货币ETF,100.037,0.037,0.04,71.0,709769.0,100.038,100.085,100.037,100.0,9.26,7662834,7662834
172,511880,银华日利ETF,100.62,0.03,0.03,891978.0,8974439468.0,100.599,100.629,100.599,100.59,10.88,82518632652,82518632652
173,511830,华泰货币ETF,100.035,0.029,0.03,40.0,396143.0,100.03,100.047,100.02,100.006,3.92,10113539,10113539
174,511620,货币基金ETF,100.039,0.029,0.03,2156.0,21567272.0,100.032,100.04,100.021,100.01,16.49,130800993,130800993
175,511910,融通货币ETF,100.023,0.027,0.03,9.0,90019.0,100.02,100.023,100.02,99.996,3.53,2550587,2550587
176,511980,现金添富ETF,100.028,0.027,0.03,32.0,320136.0,100.049,100.049,100.022,100.001,1.2,26657462,26657462
177,511700,场内货币ETF,100.035,0.026,0.03,4184.0,41856186.0,100.034,100.035,100.022,100.009,7.07,591917099,591917099
178,511900,富国货币ETF,100.034,0.025,0.02,841.0,8407457.0,100.02,100.036,100.02,100.009,2.14,393553763,393553763
179,511990,华宝添益ETF,100.043,0.025,0.02,1045548.0,10459111151.0,100.031,100.048,100.028,100.018,13.14,79602555187,79602555187
180,511930,国联日盈货币ETF,100.021,0.024,0.02,9.0,90019.0,100.021,100.022,100.021,99.997,3.3,2730573,2730573
181,511950,添利货币ETF,100.023,0.023,0.02,22.0,220047.0,100.02,100.024,100.02,100.0,1.82,12062774,12062774
182,511820,鹏华添利ETF,100.024,0.023,0.02,37.0,372286.0,100.02,100.024,100.019,100.001,0.65,57673838,57673838
183,511860,保证金货币ETF,100.027,0.023,0.02,288.0,2881940.0,100.025,100.032,100.025,100.004,7.93,36349812,36349812
184,511800,易方达货币ETF,100.03,0.021,0.02,694.0,6944188.0,100.013,100.031,100.013,100.009,4.82,144223254,144223254
185,511650,华夏快线ETF,100.022,0.02,0.02,165.0,1650774.0,100.018,100.027,100.018,100.002,1.67,99091795,99091795
186,511970,国寿货币ETF,100.025,0.02,0.02,11.0,105222.0,100.02,100.025,100.019,100.005,1.54,6811703,6811703
187,511670,华泰天天金ETF,100.022,0.019,0.02,180.0,1805165.0,100.016,100.023,100.016,100.003,20.96,8611894,8611894
188,511690,交易货币ETF,100.027,0.016,0.02,2208.0,22087346.0,100.02,100.028,100.018,100.011,2.22,993708229,993708229
189,511850,财富宝ETF,100.028,0.016,0.02,15318.0,153225580.0,100.026,100.031,100.026,100.012,6.28,2438422567,2438422567
190,511810,理财金货币ETF,100.024,0.015,0.01,3696.0,36970518.0,100.023,100.027,100.022,100.009,4.59,806003394,806003394
191,511660,货币ETF建信添益,100.028,0.015,0.01,84495.0,845185049.0,100.026,100.03,100.025,100.013,5.52,15307334854,15307334854
192,511770,金鹰增益货币ETF,100.004,0.005,0.01,0.0,400.0,100.003,100.004,100.003,99.999,0.0,12200488,12200488
193,562590,半导体材料ETF,0.883,0.0,0.0,14237.0,1252939.0,0.88,0.89,0.871,0.883,2.7,46501429,46501429
194,561560,电力ETF,1.173,0.0,0.0,104220.0,12168831.0,1.173,1.174,1.16,1.173,9.3,131521687,131521687
195,561550,500增强ETF,0.858,0.0,0.0,256992.0,21943259.0,0.854,0.859,0.851,0.858,3.17,694971077,694971077
196,560580,电力ETF南方,1.028,0.0,0.0,58747.0,6005459.0,1.027,1.029,1.017,1.028,12.5,48319084,48319084
197,560000,智慧电车ETF,0.586,0.0,0.0,15725.0,909645.0,0.581,0.586,0.575,0.586,7.48,12319419,12319419
198,517760,消费TOPETF,0.848,0.0,0.0,,,,,,0.848,0.0,3012605,3012605
199,517300,沪港深300ETF,0.66,0.0,0.0,283703.0,18786361.0,0.657,0.67,0.657,0.66,1.0,1867426767,1867426767
200,517270,沪港深科技TOPETF,0.663,0.0,0.0,,,,,,0.663,0.0,11331731,11331731
201,515960,医药健康ETF,0.759,0.0,0.0,76712.0,5839148.0,0.76,0.764,0.757,0.759,2.26,257294855,257294855
202,515780,浦银MSCI中国ETF,1.201,0.0,0.0,,,,,,1.201,0.0,17757025,17757025
203,513910,港股央企红利ETF,0.999,0.0,0.0,30394.0,3038219.0,0.999,1.001,0.995,0.999,2.37,128147724,128147724
204,512910,中证100ETF,0.906,0.0,0.0,46219.0,4185357.0,0.909,0.909,0.903,0.906,0.63,663761693,663761693
205,512690,酒ETF,0.706,0.0,0.0,3944272.0,278974408.0,0.709,0.714,0.701,0.706,2.91,9585468047,9585468047
206,512360,平安MSCI国际ETF,1.37,0.0,0.0,,,,,,1.37,0.0,74442649,74442649
207,512320,工银MSCI中国ETF,0.772,0.0,0.0,,,,,,0.772,0.0,17787498,17787498
208,510580,中证500ETF易方达,0.654,0.0,0.0,304429.0,19876911.0,0.654,0.655,0.65,0.654,0.78,2567581241,2567581241
209,510570,兴业中证500ETF,0.829,0.0,0.0,20.0,1658.0,0.829,0.829,0.829,0.829,0.01,23262237,23262237
210,510550,方正中证500ETF,1.336,0.0,0.0,1589.0,212385.0,1.334,1.34,1.334,1.336,1.16,18361049,18361049
211,510510,中证500ETF基金,1.65,0.0,0.0,611859.0,100826993.0,1.65,1.652,1.642,1.65,3.29,3064113202,3064113202
212,510370,300指数ETF,0.777,0.0,0.0,1338.0,103972.0,0.777,0.778,0.773,0.777,0.17,60806544,60806544
213,510210,上证指数ETF,0.752,0.0,0.0,1677331.0,125884805.0,0.752,0.753,0.748,0.752,1.96,6431248769,6431248769
214,159938,医药卫生ETF,0.625,0.0,0.0,681134.0,42566933.0,0.625,0.628,0.622,0.625,0.91,4693479520,4693479520
215,159935,中证500ETF景顺,1.652,0.0,0.0,811.0,133734.5,1.649,1.652,1.649,1.652,0.27,50506431,50506431
216,159843,食品饮料ETF,0.708,0.0,0.0,215229.0,15192905.1,0.709,0.713,0.702,0.708,6.83,222988214,222988214
217,159820,中证500ETF天弘,0.879,0.0,0.0,72708.0,6379234.5,0.879,0.88,0.875,0.879,0.29,2192145484,2192145484
218,159760,泰康公卫健康ETF,0.583,0.0,0.0,160126.0,9341233.2,0.601,0.601,0.581,0.583,8.41,110979997,110979997
219,159708,红利ETF,0.758,0.0,0.0,266323.0,20146388.2,0.757,0.76,0.754,0.758,9.74,207334454,207334454
220,159706,深证100ETF华安,0.636,0.0,0.0,53849.0,3416682.9,0.631,0.636,0.631,0.636,7.39,46356005,46356005
221,159683,运输ETF,0.886,0.0,0.0,30041.0,2656269.9,0.888,0.888,0.881,0.886,8.68,30669156,30669156
222,159680,1000ETF增强,0.951,0.0,0.0,299144.0,28362790.2,0.95,0.953,0.942,0.951,11.44,248627538,248627538
223,159678,中证500增强ETF,0.917,0.0,0.0,76587.0,7028078.516,0.917,0.922,0.914,0.917,5.8,121175681,121175681
224,159662,交运ETF,0.926,0.0,0.0,131022.0,12116965.2,0.934,0.934,0.919,0.926,15.48,78352514,78352514
225,159631,中证A100ETF,0.884,0.0,0.0,138808.0,12264456.4,0.885,0.885,0.881,0.884,6.69,183282018,183282018
226,159621,MSCIESGETF,0.88,0.0,0.0,38539.0,3381917.3,0.881,0.881,0.875,0.88,6.83,49662551,49662551
227,159619,基建ETF,0.917,0.0,0.0,317588.0,29088115.718,0.917,0.919,0.911,0.917,12.65,230149577,230149577
228,159517,800增强ETF,0.961,0.0,0.0,55906.0,5361380.4,0.962,0.962,0.957,0.961,20.91,25699639,25699639
229,159510,沪深300价值ETF,0.949,0.0,0.0,19920.0,1889966.6,0.949,0.952,0.946,0.949,1.28,147216757,147216757
230,159005,汇添富快钱ETF,100.0,0.0,0.0,1109.0,11090276.785,100.0,100.001,99.999,100.0,16.01,69260000,69260000
231,159003,招商快线ETF,100.001,0.0,0.0,2026.0,20264579.501,100.0,100.001,99.999,100.001,11.16,181645016,181645016
232,159001,货币ETF,100.0,0.0,0.0,60992.0,609919094.6,100.0,100.001,99.999,100.0,35.95,1696681500,1696681500
233,511600,货币ETF,100.011,-0.007,-0.01,202.0,2020784.0,100.08,100.081,100.011,100.018,10.29,19642160,19642160
234,510500,中证500ETF,5.459,-0.003,-0.05,3977985.0,2167619898.0,5.456,5.466,5.428,5.462,2.74,79322374555,79322374555
235,159923,中证100ETF,1.559,-0.001,-0.06,1820.0,283622.6,1.56,1.564,1.557,1.56,1.19,23830581,23830581
236,512500,中证500ETF华夏,2.896,-0.002,-0.07,1376519.0,397780930.0,2.898,2.901,2.88,2.898,3.01,13256754807,13256754807
237,512990,MSCIA股ETF,1.432,-0.001,-0.07,41455.0,5927329.0,1.42,1.435,1.42,1.433,1.69,350862053,350862053
238,510020,超大盘ETF,2.732,-0.002,-0.07,19806.0,5398187.0,2.731,2.737,2.72,2.734,4.87,111050336,111050336
239,159965,央视50ETF,1.277,-0.001,-0.08,13918.0,1775871.5,1.278,1.279,1.272,1.278,2.13,83550151,83550151
240,515160,MSCI中国ETF招商,1.152,-0.001,-0.09,64544.0,7428744.0,1.152,1.153,1.149,1.153,1.03,723404280,723404280
241,159996,家电ETF,1.15,-0.001,-0.09,764335.0,87835832.2,1.153,1.155,1.141,1.151,3.98,2206338020,2206338020
242,159922,中证500ETF,5.575,-0.005,-0.09,1076058.0,598912189.219,5.58,5.585,5.546,5.58,4.64,12915434893,12915434893
243,159519,港股国企ETF,1.085,-0.001,-0.09,118380.0,12894236.8,1.088,1.095,1.084,1.086,16.18,79376272,79376272
244,512520,MSCIETF,1.074,-0.001,-0.09,36663.0,3934925.0,1.076,1.076,1.071,1.075,4.21,93498574,93498574
245,561200,中证100ETF工银,1.061,-0.001,-0.09,32522.0,3442202.0,1.058,1.061,1.058,1.062,34.34,10048201,10048201
246,562550,绿电ETF,1.056,-0.001,-0.09,24763.0,2594453.0,1.053,1.057,1.046,1.057,4.91,53242781,53242781
247,510980,上证综合ETF,1.026,-0.001,-0.1,206093.0,21110010.0,1.027,1.027,1.02,1.027,15.64,135224748,135224748
248,159661,中证100指数ETF,1.024,-0.001,-0.1,15440.0,1580905.3,1.026,1.026,1.021,1.025,6.01,26325197,26325197
249,563350,中证A50ETF,1.014,-0.001,-0.1,1167538.0,118241612.0,1.015,1.015,1.009,1.015,8.39,1411485566,1411485566
250,560350,中证A50ETF指数基金,1.009,-0.001,-0.1,1437596.0,144766503.0,1.01,1.01,1.004,1.01,7.63,1900483885,1900483885
251,560330,沪深300价值ETF申万菱信,0.994,-0.001,-0.1,51467.0,5125519.0,0.997,0.998,0.991,0.995,10.07,50823220,50823220
252,159630,A100ETF基金,0.99,-0.001,-0.1,37223.0,3685806.8,0.991,0.992,0.988,0.991,10.6,34762607,34762607
253,159611,电力ETF,0.971,-0.001,-0.1,1181640.0,114173222.31,0.972,0.972,0.96,0.972,5.6,2047608772,2047608772
254,561780,1000增强ETF,0.964,-0.001,-0.1,36991.0,3546061.0,0.956,0.964,0.927,0.965,13.72,25985391,25985391
255,561000,沪深300ETF增强基金,0.964,-0.001,-0.1,48022.0,4619392.0,0.962,0.964,0.96,0.965,7.12,64992880,64992880
256,561180,A100ETF,0.947,-0.001,-0.11,124201.0,11759390.0,0.947,0.949,0.944,0.948,21.56,54556291,54556291
257,561950,500指数增强ETF,0.935,-0.001,-0.11,43915.0,4095126.0,0.935,0.936,0.928,0.936,4.0,102528360,102528360
258,159666,交通运输ETF,0.893,-0.001,-0.11,52870.0,4720813.8,0.895,0.896,0.887,0.894,6.16,76648780,76648780
259,561320,交运ETF,0.869,-0.001,-0.11,136502.0,11852505.0,0.873,0.873,0.866,0.87,13.33,88958661,88958661
260,159620,500成长ETF,0.838,-0.001,-0.12,12220.0,1022912.9,0.839,0.839,0.834,0.839,4.67,21906103,21906103
261,561350,国泰中证500ETF,0.807,-0.001,-0.12,481274.0,38819194.0,0.808,0.809,0.803,0.808,20.42,190209900,190209900
262,516720,ESGETF,0.793,-0.001,-0.13,58749.0,4660903.0,0.794,0.794,0.791,0.794,13.4,34763375,34763375
263,159736,饮食ETF,0.765,-0.001,-0.13,1061173.0,81321460.8,0.773,0.773,0.761,0.766,1.49,5437921789,5437921789
264,561900,沪深300ESGETF,0.75,-0.001,-0.13,113687.0,8500413.0,0.749,0.75,0.745,0.751,14.7,58000800,58000800
265,516830,300ESGETF,0.746,-0.001,-0.13,188257.0,14041461.0,0.745,0.748,0.743,0.747,8.02,175068967,175068967
266,159974,央企创新ETF,1.492,-0.002,-0.13,38328.0,5713261.4,1.494,1.494,1.484,1.494,1.61,354249174,354249174
267,517550,消费ETF沪港深,0.741,-0.001,-0.13,4566.0,338326.0,0.743,0.743,0.74,0.742,1.24,27355793,27355793
268,159622,创新药ETF沪港深,0.739,-0.001,-0.14,78822.0,5804576.7,0.741,0.741,0.733,0.74,4.09,142333793,142333793
269,561300,300增强ETF,0.719,-0.001,-0.14,801878.0,57566047.0,0.72,0.72,0.716,0.72,3.4,1694657841,1694657841
270,510010,180治理ETF,1.423,-0.002,-0.14,12.0,1708.0,1.423,1.423,1.423,1.425,0.0,248348221,248348221
271,512090,MSCIA股ETF易方达,1.399,-0.002,-0.14,35628.0,4982595.0,1.401,1.402,1.394,1.401,1.11,447109633,447109633
272,515660,国联安沪深300ETF,4.196,-0.006,-0.14,119.0,49829.0,4.202,4.202,4.18,4.202,0.0,5403164897,5403164897
273,510660,医药卫生ETF,2.097,-0.003,-0.14,15729.0,3300801.0,2.101,2.108,2.089,2.1,3.19,103549231,103549231
274,517100,AH500ETF,0.692,-0.001,-0.14,236.0,16321.0,0.687,0.694,0.687,0.693,0.01,292440650,292440650
275,512280,MSCIA股ETF景顺,1.33,-0.002,-0.15,22916.0,3044313.0,1.33,1.331,1.325,1.332,5.21,58527581,58527581
276,515710,食品ETF,0.664,-0.001,-0.15,347353.0,23115069.0,0.666,0.671,0.662,0.665,2.97,777610273,777610273
277,159982,中证500ETF鹏华,1.317,-0.002,-0.15,87111.0,11465025.2,1.317,1.319,1.311,1.319,1.45,790478150,790478150
278,517160,长江保护主题ETF,0.651,-0.001,-0.15,5761.0,374903.0,0.649,0.651,0.649,0.652,0.03,1355888155,1355888155
279,512180,MSCIA股ETF基金,1.274,-0.002,-0.16,102.0,12995.0,1.276,1.276,1.274,1.276,0.01,114721152,114721152
280,515170,食品饮料ETF,0.633,-0.001,-0.16,1641915.0,103880282.0,0.636,0.638,0.629,0.634,3.65,2843915824,2843915824
281,510390,沪深300ETF平安,3.768,-0.006,-0.16,1679.0,632590.0,3.77,3.776,3.757,3.774,0.11,558606000,558606000
282,510600,申万上证50ETF,3.043,-0.005,-0.16,11107.0,3376468.0,3.053,3.053,3.032,3.048,6.23,54211349,54211349
283,515810,中证800ETF,1.13,-0.002,-0.18,127915.0,14437035.0,1.131,1.133,1.126,1.132,7.36,196516944,196516944
284,515090,可持续发展ETF,1.08,-0.002,-0.18,91126.0,9846310.0,1.08,1.083,1.078,1.082,20.34,48385836,48385836
285,562320,沪深300价值ETF,1.066,-0.002,-0.19,40201.0,4289001.0,1.065,1.069,1.062,1.068,8.68,49351003,49351003
286,516290,光伏龙头ETF,0.532,-0.001,-0.19,70080.0,3714451.0,0.533,0.533,0.527,0.533,2.03,183644749,183644749
287,159150,深证50ETF易方达,1.058,-0.002,-0.19,250689.0,26478239.576,1.06,1.06,1.052,1.06,5.8,457053461,457053461
288,562960,绿色电力ETF,1.055,-0.002,-0.19,23911.0,2512861.0,1.048,1.056,1.046,1.057,8.73,28897505,28897505
289,510060,央企ETF,2.107,-0.004,-0.19,6221.0,1312415.0,2.105,2.116,2.1,2.111,1.04,126334034,126334034
290,515770,摩根MSCIAETF,1.051,-0.002,-0.19,108794.0,11441818.0,1.053,1.053,1.05,1.053,14.96,76436392,76436392
291,561700,电力ETF基金,1.024,-0.002,-0.19,60570.0,6170438.0,1.024,1.025,1.013,1.026,6.26,99137126,99137126
292,512970,大湾区ETF,1.02,-0.002,-0.2,96.0,9792.0,1.02,1.02,1.02,1.022,0.02,64247352,64247352
293,159748,创新药ETF富国,0.509,-0.001,-0.2,366818.0,18708914.6,0.512,0.513,0.507,0.51,7.98,233983293,233983293
294,561120,家电ETF,1.009,-0.002,-0.2,133288.0,13418794.0,1.01,1.013,1.002,1.011,9.79,137385339,137385339
295,516890,新材料ETF平安,0.502,-0.001,-0.2,23995.0,1206201.0,0.498,0.507,0.498,0.503,3.56,33790323,33790323
296,159943,深证成指ETF,0.994,-0.002,-0.2,146145.0,14515339.504,0.996,0.997,0.988,0.996,9.24,157280521,157280521
297,159596,A50ETF华宝,0.994,-0.002,-0.2,1811061.0,179852952.638,0.997,0.997,0.99,0.996,14.71,1223953471,1223953471
298,515390,沪深300ETF指数基金,0.986,-0.002,-0.2,477190.0,47018106.0,0.989,0.989,0.982,0.988,12.6,373381446,373381446
299,512510,中证500指数ETF,1.472,-0.003,-0.2,59143.0,8709945.0,1.477,1.477,1.466,1.475,1.51,576184677,576184677
300,510680,上证50ETF基金,2.447,-0.005,-0.2,28069.0,6872654.0,2.455,2.455,2.44,2.452,5.24,130974941,130974941
301,159761,新材料50ETF,0.485,-0.001,-0.21,263695.0,12777767.0,0.488,0.488,0.482,0.486,7.27,175926037,175926037
302,512150,A50ETF,1.445,-0.003,-0.21,10356.0,1495403.0,1.443,1.447,1.44,1.448,2.2,68021063,68021063
303,510190,上证50ETF指数基金,3.359,-0.007,-0.21,9368.0,3147948.0,3.372,3.372,3.348,3.366,2.15,146623037,146623037
304,515360,方正沪深300ETF,4.704,-0.01,-0.21,1847.0,868388.0,4.714,4.714,4.688,4.714,0.62,140081827,140081827
305,515680,央企创新ETF基金,1.397,-0.003,-0.21,123882.0,17282689.0,1.4,1.4,1.392,1.4,0.79,2195056791,2195056791
306,159686,中证100ETF易方达,0.92,-0.002,-0.22,6933.0,637625.2,0.916,0.921,0.916,0.922,2.49,25590155,25590155
307,515800,800ETF,0.905,-0.002,-0.22,1855793.0,167582395.0,0.902,0.907,0.901,0.907,2.46,6819344416,6819344416
308,560780,芯片设备ETF,0.903,-0.002,-0.22,21438.0,1939184.0,0.904,0.911,0.894,0.905,2.24,86232888,86232888
309,510850,工银上证50ETF,2.699,-0.006,-0.22,16621.0,4490030.0,2.7,2.708,2.691,2.705,2.5,179480531,179480531
310,159758,红利50ETF,0.898,-0.002,-0.22,98647.0,8851055.561,0.9,0.9,0.894,0.9,3.14,282233124,282233124
311,159653,ESG300ETF,0.893,-0.002,-0.22,3240.0,289494.994,0.895,0.895,0.893,0.895,0.52,55340996,55340996
312,159791,300ESGETF,0.837,-0.002,-0.24,14669.0,1228681.6,0.836,0.838,0.835,0.839,6.96,17646761,17646761
313,510030,价值ETF,0.836,-0.002,-0.24,13993.0,1170210.0,0.837,0.838,0.832,0.838,0.87,134788113,134788113
314,510180,上证180ETF,3.332,-0.008,-0.24,267332.0,89046885.0,3.334,3.344,3.318,3.34,0.45,19585688350,19585688350
315,516590,智能汽车50ETF,0.818,-0.002,-0.24,182992.0,14936076.0,0.816,0.82,0.813,0.82,14.18,105534270,105534270
316,512120,医药50ETF,0.406,-0.001,-0.25,336937.0,13710945.0,0.408,0.409,0.405,0.407,4.1,333830213,333830213
317,516530,物流快递ETF,0.808,-0.002,-0.25,6956.0,562572.0,0.815,0.815,0.805,0.81,0.78,71752258,71752258
318,510710,上证50ETF博时,3.232,-0.008,-0.25,24226.0,7833058.0,3.239,3.24,3.221,3.24,1.29,605737885,605737885
319,159717,ESGETF,0.802,-0.002,-0.25,27792.0,2228972.8,0.802,0.803,0.793,0.804,4.6,48419226,48419226
320,510100,上证50ETF易方达,1.202,-0.003,-0.25,723542.0,86942069.0,1.205,1.207,1.197,1.205,2.02,4297654725,4297654725
321,517030,沪港深300ETF基金,0.8,-0.002,-0.25,10349.0,829132.0,0.801,0.803,0.8,0.802,1.72,48032240,48032240
322,510990,180ESGETF,0.796,-0.002,-0.25,64787.0,5163450.0,0.798,0.798,0.796,0.798,10.63,48515086,48515086
323,516090,新能源ETF易方达,0.394,-0.001,-0.25,1094804.0,43165864.0,0.394,0.398,0.392,0.395,5.09,846644851,846644851
324,159656,300成长ETF,0.774,-0.002,-0.26,175959.0,13606297.6,0.776,0.776,0.771,0.776,9.45,144148561,144148561
325,159602,中国A50ETF,0.734,-0.002,-0.27,187902.0,13776303.133,0.736,0.736,0.73,0.736,1.12,1230582521,1230582521
326,159625,绿色电力ETF,1.093,-0.003,-0.27,170528.0,18583659.7,1.092,1.096,1.085,1.096,8.95,208231558,208231558
327,562310,沪深300成长ETF,0.724,-0.002,-0.28,212501.0,15383984.0,0.727,0.728,0.722,0.726,1.55,992294348,992294348
328,159350,深证50ETF富国,1.054,-0.003,-0.28,289726.0,30535283.74,1.057,1.057,1.05,1.057,4.47,683002118,683002118
329,510350,工银沪深300ETF,3.842,-0.011,-0.29,7640.0,2934710.0,3.853,3.853,3.829,3.853,0.09,3109002893,3109002893
330,515600,央企创新ETF,1.383,-0.004,-0.29,144054.0,19899221.0,1.381,1.386,1.378,1.387,0.87,2294116815,2294116815
331,517080,沪港深500ETF基金,0.689,-0.002,-0.29,39963.0,2750102.0,0.689,0.69,0.687,0.691,0.58,472079374,472079374
332,515920,智能消费ETF,0.689,-0.002,-0.29,85288.0,5867442.0,0.689,0.691,0.682,0.691,3.04,193199525,193199525
333,562350,电力指数ETF,1.029,-0.003,-0.29,70970.0,7277681.0,1.027,1.03,1.02,1.032,26.87,27176816,27176816
334,515310,沪深300指数ETF,1.016,-0.003,-0.29,78680.0,7992687.0,1.019,1.02,1.013,1.019,2.59,308976979,308976979
335,159595,中证A50ETF基金,1.009,-0.003,-0.3,2696107.0,271992772.349,1.009,1.012,1.005,1.012,12.83,2121032219,2121032219
336,159593,中证A50指数ETF,1.009,-0.003,-0.3,3169461.0,319867140.41,1.012,1.013,1.007,1.012,14.32,2233114764,2233114764
337,562580,可选消费ETF,1.008,-0.003,-0.3,45686.0,4595241.0,1.006,1.009,1.0,1.011,4.98,92457086,92457086
338,159936,可选消费ETF,1.677,-0.005,-0.3,3236.0,542774.3,1.677,1.681,1.666,1.682,0.27,201501770,201501770
339,562890,中证A50指数ETF,1.006,-0.003,-0.3,595672.0,59853472.0,1.008,1.008,1.001,1.009,7.78,770144314,770144314
340,561230,中证A50ETF基金,1.005,-0.003,-0.3,614776.0,61813046.0,1.008,1.008,1.002,1.008,8.56,722070197,722070197
341,159669,绿电ETF,1.005,-0.003,-0.3,201912.0,20251414.6,1.008,1.008,0.997,1.008,38.27,53018555,53018555
342,159591,中证A50ETF,1.0,-0.003,-0.3,599406.0,59936754.858,1.002,1.003,0.997,1.003,7.05,849905600,849905600
343,510380,国寿300ETF,0.997,-0.003,-0.3,29.0,2886.0,0.994,0.997,0.994,1.0,0.0,1331794993,1331794993
344,159592,A50ETF基金,0.993,-0.003,-0.3,749600.0,74485353.789,0.996,0.996,0.99,0.996,7.89,943658227,943658227
345,159716,深创100ETF,0.658,-0.002,-0.3,164243.0,10796774.5,0.656,0.66,0.654,0.66,9.91,109008689,109008689
346,159970,深100ETF工银,4.26,-0.013,-0.3,3226.0,1372962.2,4.266,4.267,4.246,4.273,6.8,20212780,20212780
347,159925,沪深300ETF南方,3.567,-0.011,-0.31,204988.0,73095141.668,3.576,3.576,3.555,3.578,1.87,3908079394,3908079394
348,159929,医药ETF,1.287,-0.004,-0.31,311306.0,40196907.2,1.288,1.298,1.286,1.291,2.36,1699102816,1699102816
349,159887,银行ETF,0.953,-0.003,-0.31,336901.0,32150971.334,0.955,0.959,0.95,0.956,9.61,334232257,334232257
350,513950,恒生红利ETF,0.95,-0.003,-0.31,102814.0,9781085.0,0.954,0.954,0.949,0.953,3.94,248063050,248063050
351,512100,中证1000ETF,2.214,-0.007,-0.32,5221133.0,1150475682.0,2.221,2.221,2.191,2.221,4.43,26096899908,26096899908
352,516910,物流ETF,0.94,-0.003,-0.32,140161.0,13177546.0,0.945,0.945,0.935,0.943,12.33,106823292,106823292
353,159673,鹏华沪深300ETF,0.929,-0.003,-0.32,66428.0,6170668.2,0.93,0.932,0.926,0.932,0.56,1106929869,1106929869
354,510050,上证50ETF,2.463,-0.008,-0.32,5966107.0,1470757959.0,2.472,2.474,2.457,2.471,1.28,114649366525,114649366525
355,159677,1000增强ETF,0.923,-0.003,-0.32,270275.0,24898999.8,0.926,0.926,0.916,0.926,29.09,85750392,85750392
356,159993,证券ETF龙头,0.906,-0.003,-0.33,284046.0,25713997.7,0.908,0.912,0.903,0.909,2.08,1238228374,1238228374
357,512380,MSCI中国ETF,1.197,-0.004,-0.33,93137.0,11144715.0,1.198,1.199,1.194,1.201,7.52,148195303,148195303
358,560180,ESG300ETF,0.897,-0.003,-0.33,99367.0,8923419.0,0.898,0.899,0.896,0.9,9.88,90240891,90240891
359,512750,基本面50ETF,1.181,-0.004,-0.34,151357.0,17875086.0,1.184,1.186,1.176,1.185,11.16,160208437,160208437
360,515950,医药龙头ETF,0.867,-0.003,-0.34,350209.0,30470500.0,0.87,0.874,0.866,0.87,3.76,807350927,807350927
361,159788,港股通100ETF,0.86,-0.003,-0.35,24605.0,2118411.7,0.864,0.866,0.858,0.863,4.69,45085470,45085470
362,159637,新能源车龙头ETF,0.569,-0.002,-0.35,262055.0,14957804.798,0.57,0.576,0.566,0.571,1.43,1042275992,1042275992
363,159861,碳中和50ETF,0.848,-0.003,-0.35,95844.0,8119096.9,0.855,0.855,0.844,0.851,3.55,229059643,229059643
364,562300,碳中和ETF基金,0.555,-0.002,-0.36,57228.0,3170362.0,0.555,0.557,0.552,0.557,3.68,86299725,86299725
365,515900,央企创新驱动ETF,1.386,-0.005,-0.36,595702.0,82456861.0,1.391,1.391,1.381,1.391,1.53,5399366043,5399366043
366,159901,深证100ETF,2.493,-0.009,-0.36,334734.0,83386316.9,2.502,2.502,2.483,2.502,1.29,6481139096,6481139096
367,159685,1000增强ETF天弘,0.83,-0.003,-0.36,124824.0,10329717.0,0.83,0.831,0.823,0.833,27.47,37715256,37715256
368,159838,医药50ETF,0.553,-0.002,-0.36,94841.0,5246808.952,0.556,0.556,0.55,0.555,2.61,201161165,201161165
369,515190,中银证券500ETF,1.099,-0.004,-0.36,786.0,86478.0,1.102,1.11,1.083,1.103,0.12,71947244,71947244
370,515130,沪深300ETF博时,1.098,-0.004,-0.36,119427.0,13105766.0,1.1,1.1,1.095,1.102,13.5,97132594,97132594
371,159563,创业板综ETF华夏,1.091,-0.004,-0.37,1105.0,121400.8,1.095,1.139,1.078,1.095,0.83,14576524,14576524
372,510800,50ETF基金,1.083,-0.004,-0.37,62219.0,6739024.0,1.087,1.087,1.079,1.087,1.07,630929808,630929808
373,512550,A50ETF基金,1.343,-0.005,-0.37,53247.0,7150665.0,1.344,1.347,1.338,1.348,2.59,276531758,276531758
374,159898,医疗器械指数ETF,0.536,-0.002,-0.37,267443.0,14359582.9,0.538,0.539,0.533,0.538,9.51,150668957,150668957
375,510090,ESGETF基金,2.142,-0.008,-0.37,50.0,10710.0,2.142,2.142,2.142,2.15,0.02,68717716,68717716
376,510760,上证综指ETF,1.067,-0.004,-0.37,416268.0,44400333.0,1.069,1.07,1.064,1.071,3.41,1302277444,1302277444
377,512160,MSCI中国A股ETF,1.066,-0.004,-0.37,59995.0,6400490.0,1.069,1.069,1.066,1.07,2.03,315299143,315299143
378,515910,质量ETF,0.532,-0.002,-0.37,117334.0,6246334.0,0.536,0.536,0.531,0.534,2.37,263077728,263077728
379,515350,民生加银300ETF,4.518,-0.017,-0.37,5631.0,2542081.0,4.519,4.523,4.507,4.535,2.32,109783786,109783786
380,159576,深证100ETF广发,1.05,-0.004,-0.38,129081.0,13555657.167,1.064,1.064,1.046,1.054,50.6,26785080,26785080
381,588010,科创新材料ETF,0.52,-0.002,-0.38,198596.0,10320147.0,0.523,0.526,0.517,0.522,12.78,80821416,80821416
382,515380,沪深300ETF泰康,3.89,-0.015,-0.38,117074.0,45569533.0,3.897,3.908,3.881,3.905,1.29,3539899253,3539899253
383,510360,沪深300ETF基金,1.293,-0.005,-0.39,821730.0,106236531.0,1.298,1.298,1.289,1.298,2.96,3587274892,3587274892
384,510150,消费ETF,0.517,-0.002,-0.39,355234.0,18343942.0,0.52,0.52,0.514,0.519,1.93,951889340,951889340
385,516640,芯片龙头ETF,0.516,-0.002,-0.39,789905.0,40613591.0,0.519,0.522,0.509,0.518,3.65,1115634725,1115634725
386,159912,深300ETF,1.286,-0.005,-0.39,6543.0,841272.8,1.279,1.29,1.279,1.291,0.86,97670285,97670285
387,510300,沪深300ETF,3.558,-0.014,-0.39,5983464.0,2129802753.0,3.57,3.572,3.548,3.572,1.07,198067411652,198067411652
388,159975,深100ETF招商,0.508,-0.002,-0.39,73432.0,3731104.5,0.509,0.51,0.507,0.51,5.57,67024352,67024352
389,563080,中证A50ETF易方达,1.007,-0.004,-0.4,1274058.0,128331585.0,1.009,1.01,1.004,1.011,11.88,1080096519,1080096519
390,510200,上证券商ETF,1.006,-0.004,-0.4,9674.0,972837.0,1.008,1.013,1.004,1.01,1.44,67789813,67789813
391,516850,新能源ETF华夏,0.75,-0.003,-0.4,19816.0,1490630.0,0.754,0.757,0.747,0.753,1.68,88677750,88677750
392,159806,新能源车ETF,0.5,-0.002,-0.4,487698.0,24481568.7,0.5,0.507,0.497,0.502,1.83,1330544704,1330544704
393,516210,银行ETF指数基金,0.995,-0.004,-0.4,71462.0,7138778.0,0.996,1.0,0.992,0.999,3.56,199826845,199826845
394,510310,沪深300ETF易方达,1.739,-0.007,-0.4,3210202.0,558207577.0,1.745,1.746,1.734,1.746,0.41,135993811108,135993811108
395,512950,央企改革ETF,1.24,-0.005,-0.4,136434.0,16880918.0,1.243,1.243,1.235,1.245,0.32,5357483131,5357483131
396,512700,银行ETF基金,1.238,-0.005,-0.4,514506.0,63749782.0,1.243,1.245,1.233,1.243,4.84,1316094288,1316094288
397,159919,沪深300ETF,3.699,-0.015,-0.4,2651651.0,981094762.832,3.714,3.715,3.689,3.714,0.92,106505368315,106505368315
398,515020,银行ETF华夏,1.231,-0.005,-0.4,120241.0,14779743.0,1.232,1.238,1.226,1.236,2.96,500211059,500211059
399,159752,新能源龙头ETF,0.492,-0.002,-0.4,174358.0,8584583.4,0.495,0.496,0.489,0.494,2.55,336015777,336015777
400,563000,中国A50ETF,0.734,-0.003,-0.41,2318062.0,170201874.0,0.737,0.737,0.731,0.737,3.54,4808398157,4808398157
401,516580,新能源主题ETF,0.488,-0.002,-0.41,40585.0,1984668.0,0.49,0.491,0.486,0.49,1.68,118156561,118156561
402,159875,新能源ETF,0.488,-0.002,-0.41,811570.0,39706334.9,0.488,0.493,0.486,0.49,3.63,1092223446,1092223446
403,515330,300ETF天弘,0.975,-0.004,-0.41,16905.0,1647600.0,0.978,0.978,0.972,0.979,0.02,8154616704,8154616704
404,510330,沪深300ETF华夏,3.64,-0.015,-0.41,2211382.0,805082099.0,3.65,3.654,3.63,3.655,0.81,99086805709,99086805709
405,516270,新能源50ETF,0.481,-0.002,-0.41,175451.0,8468449.0,0.484,0.486,0.479,0.483,3.11,271240233,271240233
406,515280,银行龙头ETF,1.196,-0.005,-0.42,91884.0,10996845.0,1.203,1.203,1.192,1.201,28.88,38055046,38055046
407,516660,新能源车ETF基金,0.716,-0.003,-0.42,101791.0,7308903.0,0.719,0.725,0.712,0.719,2.14,339877330,339877330
408,159933,国投金融地产ETF,2.136,-0.009,-0.42,10.0,2141.5,2.147,2.147,2.136,2.145,0.0,136445422,136445422
409,516880,光伏50ETF,0.711,-0.003,-0.42,287809.0,20425534.0,0.711,0.714,0.706,0.714,2.43,843206252,843206252
410,516310,银行ETF易方达,0.948,-0.004,-0.42,173508.0,16471764.0,0.952,0.954,0.944,0.952,13.84,118839858,118839858
411,561130,国货ETF,0.708,-0.003,-0.42,296457.0,21043606.0,0.712,0.712,0.708,0.711,10.52,199610122,199610122
412,517380,创新药沪港深ETF,0.469,-0.002,-0.42,72421.0,3397095.0,0.476,0.476,0.467,0.471,1.38,246847037,246847037
413,512800,银行ETF,1.168,-0.005,-0.43,816325.0,95492346.0,1.173,1.175,1.163,1.173,1.57,6066638795,6066638795
414,513850,美国50ETF,1.162,-0.005,-0.43,565184.0,65604859.0,1.159,1.164,1.159,1.167,8.24,797007210,797007210
415,516260,物联网50ETF,0.695,-0.003,-0.43,10983.0,762693.0,0.698,0.7,0.69,0.698,0.75,101388407,101388407
416,515030,新能源车ETF,1.157,-0.005,-0.43,1702180.0,197733052.0,1.16,1.172,1.151,1.162,3.07,6409067362,6409067362
417,159848,证券ETF基金,0.694,-0.003,-0.43,17986.0,1249223.4,0.696,0.698,0.693,0.697,1.49,83843000,83843000
418,159786,VRETF,0.693,-0.003,-0.43,75581.0,5228168.7,0.703,0.703,0.683,0.696,3.6,145322862,145322862
419,159522,国证2000ETF景顺,0.917,-0.004,-0.43,76984.0,7040998.1,0.93,0.987,0.894,0.921,14.55,48506457,48506457
420,159891,医疗ETF基金,0.453,-0.002,-0.44,14453.0,655254.059,0.455,0.455,0.452,0.455,0.51,128663249,128663249
421,159903,深成ETF,1.127,-0.005,-0.44,62097.0,6985750.8,1.13,1.131,1.12,1.132,1.86,376592117,376592117
422,562600,医疗器械ETF,0.898,-0.004,-0.44,6703.0,602333.0,0.904,0.905,0.896,0.902,0.87,69089785,69089785
423,561590,中证1000增强ETF,0.898,-0.004,-0.44,81446.0,7287185.0,0.898,0.901,0.89,0.902,12.73,57471641,57471641
424,517850,张江ETF,0.668,-0.003,-0.45,32008.0,2133038.0,0.677,0.724,0.664,0.671,1.95,109675714,109675714
425,159543,国证2000ETF基金,0.886,-0.004,-0.45,58592.0,5192669.6,0.887,0.891,0.883,0.89,32.2,16122099,16122099
426,159633,中证1000指数ETF,2.209,-0.01,-0.45,444866.0,97999058.83,2.211,2.218,2.189,2.219,3.94,2496529307,2496529307
427,560010,中证1000ETF指数,2.204,-0.01,-0.45,1917283.0,421148983.0,2.214,2.214,2.183,2.214,3.35,12617066500,12617066500
428,159769,消费电子龙头ETF,0.661,-0.003,-0.45,32975.0,2191255.6,0.67,0.67,0.657,0.664,6.67,32683343,32683343
429,517330,长江保护ETF,0.654,-0.003,-0.46,188747.0,12321934.0,0.655,0.655,0.65,0.657,0.91,1349966531,1349966531
430,512650,长三角ETF,0.871,-0.004,-0.46,32288.0,2819801.0,0.878,0.878,0.87,0.875,0.68,413674134,413674134
431,516380,智能电动车ETF,0.653,-0.003,-0.46,106323.0,6944946.0,0.65,0.656,0.65,0.656,5.96,116527393,116527393
432,159787,建材ETF易方达,0.647,-0.003,-0.46,31339.0,2028612.4,0.689,0.689,0.644,0.65,13.32,15218475,15218475
433,515790,光伏ETF,0.857,-0.004,-0.46,2350773.0,200994174.0,0.86,0.861,0.85,0.861,1.99,10117308372,10117308372
434,159961,深100ETF方正富邦,1.488,-0.007,-0.47,57094.0,8499948.8,1.491,1.492,1.485,1.495,1.73,491404858,491404858
435,159732,消费电子ETF,0.635,-0.003,-0.47,662560.0,41919480.5,0.634,0.638,0.625,0.638,7.65,550194419,550194419
436,159679,中证1000增强ETF,0.843,-0.004,-0.47,106790.0,8986824.685,0.846,0.846,0.835,0.847,3.16,285009115,285009115
437,513630,港股红利指数ETF,1.047,-0.005,-0.48,303107.0,31769984.0,1.051,1.053,1.045,1.052,2.32,1367757881,1367757881
438,516390,新能源汽车ETF,0.624,-0.003,-0.48,260967.0,16392344.0,0.629,0.633,0.622,0.627,3.83,424794869,424794869
439,159508,生物医药ETF基金,0.828,-0.004,-0.48,52854.0,4400788.1,0.834,0.835,0.827,0.832,3.77,116111763,116111763
440,159842,券商ETF,0.823,-0.004,-0.48,370009.0,30469828.7,0.825,0.829,0.821,0.827,4.19,726092250,726092250
441,510650,金融地产ETF,2.032,-0.01,-0.49,55849.0,11362446.0,2.039,2.039,2.028,2.042,24.87,45623480,45623480
442,513800,日本东证指数ETF,1.408,-0.007,-0.49,430638.0,60628609.0,1.404,1.414,1.403,1.415,5.31,1141950515,1141950515
443,159845,中证1000ETF,2.212,-0.011,-0.49,4072462.0,899550024.168,2.22,2.223,2.194,2.223,6.11,14750557710,14750557710
444,159931,金融ETF,1.404,-0.007,-0.5,4329.0,609511.4,1.411,1.416,1.403,1.411,1.11,54515229,54515229
445,512960,央企结构调整ETF,1.201,-0.006,-0.5,226194.0,27165866.0,1.203,1.203,1.198,1.207,0.53,5159804993,5159804993
446,512730,中证银行ETF,1.2,-0.006,-0.5,101200.0,12144827.0,1.199,1.207,1.195,1.206,12.56,96700680,96700680
447,159877,医疗产业ETF,0.6,-0.003,-0.5,59640.0,3579313.4,0.603,0.603,0.598,0.603,4.78,74875320,74875320
448,560110,中证1000ETF基金,0.793,-0.004,-0.5,564384.0,44603945.0,0.793,0.798,0.785,0.797,13.57,329811479,329811479
449,159623,成渝经济圈ETF,0.791,-0.004,-0.5,154610.0,12254818.2,0.794,0.795,0.789,0.795,0.38,3240150912,3240150912
450,516500,生物科技ETF,0.593,-0.003,-0.5,35810.0,2122869.0,0.596,0.598,0.591,0.596,2.24,94842760,94842760
451,515010,券商ETF华夏,0.984,-0.005,-0.51,139870.0,13775394.0,0.99,0.992,0.982,0.989,1.9,724983254,724983254
452,515560,证券ETF建信,0.786,-0.004,-0.51,93469.0,7346441.0,0.786,0.795,0.784,0.79,1.87,393694271,393694271
453,159885,碳中和ETF基金,0.583,-0.003,-0.51,57981.0,3377011.4,0.586,0.586,0.579,0.586,1.0,336663443,336663443
454,517010,沪港深500ETF指数,0.776,-0.004,-0.51,8601.0,668037.0,0.78,0.78,0.775,0.78,1.24,53655899,53655899
455,159675,创业板增强ETF,0.772,-0.004,-0.52,61006.0,4717027.6,0.776,0.776,0.769,0.776,3.02,155825575,155825575
456,512070,证券保险ETF,0.578,-0.003,-0.52,1275652.0,73851455.0,0.58,0.583,0.577,0.581,1.37,5395907329,5395907329
457,159991,创大盘ETF,0.382,-0.002,-0.52,120673.0,4619578.5,0.384,0.385,0.381,0.384,4.92,93766932,93766932
458,515700,新能车ETF,1.524,-0.008,-0.52,729675.0,111592492.0,1.534,1.546,1.519,1.532,3.06,3630945557,3630945557
459,159824,新能车ETF,0.76,-0.004,-0.52,180321.0,13796871.3,0.764,0.772,0.758,0.764,5.62,244062606,244062606
460,159863,光伏ETF基金,0.568,-0.003,-0.53,82696.0,4685356.7,0.571,0.571,0.564,0.571,2.12,221366240,221366240
461,560220,中证2000ETF广发,0.945,-0.005,-0.53,37502.0,3528810.0,0.961,0.961,0.93,0.95,6.85,51707565,51707565
462,159692,证券ETF东财,0.931,-0.005,-0.53,113752.0,10604968.6,0.935,0.938,0.929,0.936,9.44,112144507,112144507
463,159720,智能电车ETF泰康,0.557,-0.003,-0.54,42095.0,2344699.4,0.56,0.561,0.556,0.56,3.57,65621451,65621451
464,159523,沪深300成长ETF,0.919,-0.005,-0.54,20409.0,1875879.9,0.918,0.929,0.917,0.924,3.74,50101399,50101399
465,159601,A50ETF,0.734,-0.004,-0.54,2656484.0,195082432.458,0.736,0.737,0.731,0.738,4.7,4150614462,4150614462
466,560560,碳中和ETF泰康,0.55,-0.003,-0.54,71911.0,3943243.0,0.548,0.552,0.547,0.553,4.73,83704555,83704555
467,159699,恒生消费ETF,0.914,-0.005,-0.54,289555.0,26695201.777,0.94,0.94,0.912,0.919,9.1,290802086,290802086
468,560050,MSCI中国A50ETF,0.731,-0.004,-0.54,4074543.0,298250659.0,0.733,0.735,0.729,0.735,5.01,5942982000,5942982000
469,159810,创业板ETF浦银,0.731,-0.004,-0.54,46693.0,3416527.6,0.735,0.735,0.729,0.735,7.72,44207517,44207517
470,561980,半导体设备ETF,0.909,-0.005,-0.55,272744.0,24888406.0,0.914,0.922,0.9,0.914,23.49,105543990,105543990
471,159521,2000指数ETF,0.908,-0.005,-0.55,189095.0,17095287.8,0.91,0.91,0.899,0.913,22.44,76521187,76521187
472,516300,中证1000指数ETF,0.906,-0.005,-0.55,241686.0,21827086.0,0.908,0.909,0.897,0.911,17.07,128291593,128291593
473,159835,创新药50ETF,0.542,-0.003,-0.55,10068.0,547857.1,0.546,0.549,0.541,0.545,0.62,88619222,88619222
474,512010,医药ETF,0.361,-0.002,-0.55,11875267.0,429562974.0,0.362,0.365,0.36,0.363,2.46,17423915886,17423915886
475,159976,湾创ETF,0.895,-0.005,-0.56,50.0,4476.5,0.896,0.896,0.895,0.9,0.0,91187791,91187791
476,159969,深100ETF银华,1.067,-0.006,-0.56,8349.0,892446.4,1.07,1.07,1.066,1.073,4.42,20169501,20169501
477,516180,光伏ETF平安,0.711,-0.004,-0.56,108325.0,7693553.0,0.716,0.716,0.706,0.715,9.18,83888757,83888757
478,510130,中盘ETF,5.141,-0.029,-0.56,505.0,259919.0,5.164,5.164,5.139,5.17,0.11,244120899,244120899
479,516820,医疗创新ETF,0.353,-0.002,-0.56,556854.0,19686353.0,0.356,0.356,0.352,0.355,1.72,1139630566,1139630566
480,512640,金融地产ETF基金,1.764,-0.01,-0.56,13077.0,2309844.0,1.774,1.778,1.762,1.774,3.88,59518948,59518948
481,517170,沪港深ETF,0.705,-0.004,-0.56,1033.0,72827.0,0.709,0.709,0.705,0.709,0.22,32522919,32522919
482,562860,生物疫苗ETF,0.696,-0.004,-0.57,108117.0,7566033.0,0.7,0.704,0.694,0.7,2.04,369502926,369502926
483,159992,创新药ETF,0.695,-0.004,-0.57,2248335.0,156769928.642,0.696,0.702,0.693,0.699,2.3,6788329967,6788329967
484,512570,证券ETF易方达,0.866,-0.005,-0.57,82132.0,7116854.0,0.869,0.872,0.865,0.871,1.94,366150079,366150079
485,515290,银行ETF天弘,1.039,-0.006,-0.57,561577.0,58383183.0,1.052,1.052,1.035,1.045,1.22,4766571326,4766571326
486,515120,创新药ETF,0.518,-0.003,-0.58,1511686.0,78478570.0,0.518,0.523,0.517,0.521,2.46,3186214718,3186214718
487,159618,光伏ETF指数基金,0.685,-0.004,-0.58,37207.0,2543173.3,0.688,0.688,0.68,0.689,1.36,187095014,187095014
488,512900,证券ETF基金,0.853,-0.005,-0.58,255914.0,21857320.0,0.856,0.86,0.851,0.858,0.38,5744021750,5744021750
489,517000,沪港深500ETF,0.681,-0.004,-0.58,4585.0,313320.0,0.679,0.687,0.679,0.685,0.08,403692038,403692038
490,159775,新能源车电池ETF,0.51,-0.003,-0.58,134258.0,6881627.1,0.513,0.518,0.507,0.513,8.41,81420939,81420939
491,159907,2000ETF,0.677,-0.004,-0.59,294176.0,19802034.1,0.676,0.677,0.667,0.681,10.46,190370775,190370775
492,560880,家电ETF龙头,1.181,-0.007,-0.59,95881.0,11286177.0,1.178,1.183,1.171,1.188,1.84,616755992,616755992
493,512820,银行业ETF,1.181,-0.007,-0.59,278951.0,33022523.0,1.183,1.188,1.178,1.188,10.73,306944144,306944144
494,516610,医疗服务ETF,0.501,-0.003,-0.6,100715.0,5059338.0,0.505,0.505,0.499,0.504,8.19,61610375,61610375
495,512170,医疗ETF,0.334,-0.002,-0.6,7249173.0,242516665.0,0.336,0.337,0.333,0.336,1.08,22390966083,22390966083
496,159643,疫苗ETF,0.664,-0.004,-0.6,224187.0,14960394.763,0.668,0.672,0.663,0.668,22.79,65331370,65331370
497,159609,光伏龙头ETF,0.498,-0.003,-0.6,177332.0,8807403.9,0.499,0.503,0.494,0.501,3.81,231521897,231521897
498,516200,证券ETF指数基金,0.829,-0.005,-0.6,77813.0,6467743.0,0.833,0.836,0.827,0.834,1.86,347022716,347022716
499,512770,战略新兴ETF,1.155,-0.007,-0.6,3635.0,419548.0,1.157,1.157,1.151,1.162,0.2,211096809,211096809
500,159960,恒生中国企业ETF,0.66,-0.004,-0.6,65710.0,4372008.6,0.668,0.67,0.659,0.664,1.14,379218777,379218777
501,512000,券商ETF,0.822,-0.005,-0.6,3844870.0,316588199.0,0.827,0.83,0.82,0.827,1.58,20054019772,20054019772
502,561710,疫苗生物ETF,0.654,-0.004,-0.61,28707.0,1895471.0,0.658,0.663,0.653,0.658,3.9,48131849,48131849
503,516750,建材ETF,0.65,-0.004,-0.61,203868.0,13280607.0,0.657,0.657,0.647,0.654,16.42,80708745,80708745
504,513190,港股通金融ETF,0.969,-0.006,-0.62,23766.0,2305491.0,0.975,0.975,0.965,0.975,4.33,53232984,53232984
505,159560,芯片50ETF,0.806,-0.005,-0.62,126354.0,10219983.599,0.815,0.818,0.799,0.811,6.71,151863618,151863618
506,515630,保险证券ETF,0.967,-0.006,-0.62,33553.0,3249307.0,0.971,0.975,0.966,0.973,3.24,100295016,100295016
507,512290,生物医药ETF,0.966,-0.006,-0.62,700709.0,67856966.0,0.973,0.976,0.964,0.972,1.7,3988440800,3988440800
508,563330,A股ETF,0.963,-0.006,-0.62,224591.0,21615868.0,0.969,0.969,0.959,0.969,11.73,184338423,184338423
509,159849,生物科技指数ETF,0.481,-0.003,-0.62,12440.0,599877.8,0.484,0.485,0.48,0.484,0.73,81468076,81468076
510,159721,深创龙头ETF,0.638,-0.004,-0.62,14705.0,939487.1,0.64,0.64,0.636,0.642,1.61,58333361,58333361
511,561500,漂亮50ETF,0.634,-0.004,-0.63,22593.0,1429422.0,0.637,0.637,0.631,0.638,2.05,69803590,69803590
512,516160,新能源ETF,0.634,-0.004,-0.63,2097211.0,133042219.0,0.634,0.64,0.63,0.638,2.2,6036189797,6036189797
513,159629,1000ETF,2.207,-0.014,-0.63,710811.0,156526591.209,2.218,2.218,2.189,2.221,2.48,6314784612,6314784612
514,159797,医疗器械ETF基金,0.787,-0.005,-0.63,13758.0,1087162.9,0.793,0.794,0.787,0.792,2.05,52720500,52720500
515,159535,中证2000ETF指数,0.934,-0.006,-0.64,110768.0,10294415.7,0.936,0.936,0.922,0.94,29.16,35474254,35474254
516,560090,证券指数ETF,0.933,-0.006,-0.64,105767.0,9879176.0,0.939,0.939,0.932,0.939,0.85,1163325052,1163325052
517,159676,创业板增强ETF富国,0.774,-0.005,-0.64,32505.0,2523012.528,0.779,0.779,0.772,0.779,0.58,435424672,435424672
518,516730,证券公司ETF,0.769,-0.005,-0.65,14393.0,1101313.0,0.77,0.77,0.763,0.774,2.25,49124335,49124335
519,513300,纳斯达克ETF,1.684,-0.011,-0.65,977910.0,164565901.0,1.682,1.685,1.679,1.695,3.97,4151347977,4151347977
520,513140,港股金融ETF,0.91,-0.006,-0.66,4804.0,437694.0,0.922,0.922,0.907,0.916,0.81,54024880,54024880
521,159755,电池ETF,0.602,-0.004,-0.66,2020063.0,122028961.2,0.606,0.612,0.599,0.606,3.68,3301155325,3301155325
522,560960,碳中和60指数ETF,0.75,-0.005,-0.66,241993.0,18142101.0,0.75,0.752,0.747,0.755,32.44,55949175,55949175
523,560900,创新药企ETF,0.746,-0.005,-0.67,37595.0,2811216.0,0.748,0.753,0.745,0.751,1.59,176032949,176032949
524,159940,金融地产ETF,0.892,-0.006,-0.67,125727.0,11234270.3,0.898,0.899,0.89,0.898,0.73,1541429434,1541429434
525,159959,央企ETF,1.327,-0.009,-0.67,49858.0,6615291.0,1.331,1.331,1.325,1.336,0.23,2847598387,2847598387
526,560990,中金科技先锋ETF,0.734,-0.005,-0.68,186186.0,13656150.0,0.739,0.739,0.731,0.739,29.01,47113331,47113331
527,159873,医疗设备ETF,0.587,-0.004,-0.68,47132.0,2776045.9,0.591,0.592,0.586,0.591,1.37,201294040,201294040
528,159745,建材ETF,0.586,-0.004,-0.68,330344.0,19400850.2,0.592,0.593,0.584,0.59,3.11,622149327,622149327
529,159703,新材料ETF,0.586,-0.004,-0.68,77882.0,4578089.4,0.59,0.592,0.586,0.59,7.04,64800812,64800812
530,516960,机械ETF,0.732,-0.005,-0.68,22286.0,1634624.0,0.731,0.737,0.731,0.737,2.37,68845405,68845405
531,159779,消费电子50ETF,0.58,-0.004,-0.68,103853.0,6009845.2,0.583,0.584,0.575,0.584,8.89,67784194,67784194
532,159857,光伏ETF,0.721,-0.005,-0.69,1069027.0,76852019.3,0.722,0.725,0.715,0.726,3.72,2069641817,2069641817
533,517990,医药ETF沪港深,0.72,-0.005,-0.69,15553.0,1121837.0,0.721,0.724,0.718,0.725,4.09,27351288,27351288
534,516070,碳中和50ETF,0.432,-0.003,-0.69,205347.0,8863648.0,0.434,0.434,0.43,0.435,2.75,322551072,322551072
535,159973,民企ETF,1.145,-0.008,-0.69,1572.0,180149.7,1.151,1.151,1.145,1.153,0.08,228973004,228973004
536,159902,中小100ETF,2.989,-0.021,-0.7,91846.0,27461583.6,2.999,3.0,2.976,3.01,5.48,500540331,500540331
537,159657,生物疫苗ETF,0.71,-0.005,-0.7,11306.0,806988.956,0.713,0.718,0.708,0.715,0.48,165795521,165795521
538,159895,物联网50ETF,0.709,-0.005,-0.7,36425.0,2580957.2,0.708,0.715,0.703,0.714,8.05,32076482,32076482
539,516320,高端装备ETF,0.703,-0.005,-0.71,20020.0,1411009.0,0.704,0.714,0.7,0.708,2.12,66496278,66496278
540,512480,半导体ETF,0.698,-0.005,-0.71,9823913.0,687286575.0,0.707,0.709,0.69,0.703,3.55,19319944546,19319944546
541,513750,港股非银ETF,0.832,-0.006,-0.72,37404.0,3122812.0,0.836,0.841,0.83,0.838,2.14,145465216,145465216
542,159503,财富管理ETF,0.97,-0.007,-0.72,49359.0,4788467.2,0.973,0.973,0.969,0.977,11.96,40039040,40039040
543,159966,创业板价值ETF,0.414,-0.003,-0.72,483012.0,20100576.85,0.416,0.418,0.414,0.417,4.41,452957201,452957201
544,159858,创新药ETF基金,0.543,-0.004,-0.73,95422.0,5190865.0,0.542,0.548,0.541,0.547,2.94,175985379,175985379
545,516600,消费服务ETF,0.538,-0.004,-0.74,74196.0,3996695.0,0.541,0.541,0.537,0.542,4.6,86796670,86796670
546,159813,半导体ETF,0.536,-0.004,-0.74,1548688.0,83160475.523,0.54,0.544,0.531,0.54,2.45,3381550281,3381550281
547,516360,新材料ETF,0.667,-0.005,-0.74,61833.0,4145892.0,0.672,0.675,0.667,0.672,4.25,97083051,97083051
548,159701,物联网ETF招商,0.662,-0.005,-0.75,37142.0,2458378.2,0.665,0.668,0.658,0.667,10.4,23637108,23637108
549,515850,券商指数ETF,1.052,-0.008,-0.75,84909.0,8952886.0,1.061,1.063,1.051,1.06,3.66,243844132,243844132
550,159957,创业板100ETF华夏,1.183,-0.009,-0.76,28129.0,3332759.3,1.192,1.192,1.179,1.192,0.66,502520059,502520059
551,516080,创新药ETF易方达,0.524,-0.004,-0.76,72347.0,3814892.0,0.527,0.53,0.524,0.528,1.37,275914715,275914715
552,588160,科创材料ETF,0.523,-0.004,-0.76,90621.0,4758038.0,0.523,0.53,0.522,0.527,7.05,67203408,67203408
553,159841,证券ETF,0.783,-0.006,-0.76,953070.0,74763774.048,0.789,0.79,0.781,0.789,1.99,3758743367,3758743367
554,159883,医疗器械ETF,0.51,-0.004,-0.78,535775.0,27437033.1,0.515,0.515,0.509,0.514,1.62,1688629282,1688629282
555,159743,湖北ETF,0.76,-0.006,-0.78,3119.0,237614.2,0.764,0.764,0.757,0.766,0.18,129915236,129915236
556,513600,恒生指数ETF,1.895,-0.015,-0.79,291479.0,55348569.0,1.912,1.913,1.891,1.91,5.43,1017291910,1017291910
557,159628,国证2000ETF,0.882,-0.007,-0.79,1657453.0,145773763.029,0.888,0.888,0.872,0.889,10.8,1354119825,1354119825
558,159645,疫苗ETF富国,0.75,-0.006,-0.79,53018.0,4001046.7,0.755,0.759,0.749,0.756,23.52,16905525,16905525
559,510230,金融ETF,0.994,-0.008,-0.8,271072.0,27007545.0,1.001,1.002,0.993,1.002,0.8,3384379152,3384379152
560,588700,科创生物医药ETF,0.863,-0.007,-0.8,29976.0,2592972.0,0.867,0.871,0.861,0.87,3.14,82275141,82275141
561,562950,消费电子50ETF,0.612,-0.005,-0.81,34639.0,2128958.0,0.617,0.618,0.608,0.617,2.49,85226080,85226080
562,512880,证券ETF,0.856,-0.007,-0.81,6367866.0,546980803.0,0.861,0.866,0.856,0.863,1.82,30010753432,30010753432
563,561920,疫苗龙头ETF,0.732,-0.006,-0.81,151.0,11117.0,0.739,0.739,0.732,0.738,0.04,28322544,28322544
564,517110,创新药沪深港ETF,0.488,-0.004,-0.81,20777.0,1014554.0,0.492,0.492,0.486,0.492,0.65,156696066,156696066
565,562910,高端制造ETF,0.606,-0.005,-0.82,35281.0,2139645.0,0.611,0.611,0.605,0.611,2.2,97097744,97097744
566,562510,旅游ETF,0.724,-0.006,-0.82,482466.0,34951287.0,0.727,0.73,0.721,0.73,5.13,681352786,681352786
567,159665,半导体龙头ETF,0.841,-0.007,-0.83,196981.0,16619490.241,0.848,0.854,0.834,0.848,4.92,336885089,336885089
568,512580,环保ETF,0.956,-0.008,-0.83,72501.0,6946955.0,0.964,0.965,0.952,0.964,0.48,1438274941,1438274941
569,516930,生物科技ETF基金,0.477,-0.004,-0.83,9708.0,464979.0,0.479,0.481,0.476,0.481,1.36,34172089,34172089
570,516060,创新药产业ETF,0.476,-0.004,-0.83,29027.0,1390749.0,0.48,0.481,0.475,0.48,1.08,127681002,127681002
571,560260,医疗ETF龙头,0.829,-0.007,-0.84,156757.0,13065032.0,0.835,0.839,0.829,0.836,0.87,1501870040,1501870040
572,562660,中证2000ETF华夏,0.946,-0.008,-0.84,88992.0,8408981.0,0.954,0.954,0.937,0.954,8.82,95426804,95426804
573,516330,物联网ETF,0.826,-0.007,-0.84,1093.0,90622.0,0.844,0.844,0.822,0.833,0.21,42680494,42680494
574,516790,医疗保健ETF,0.586,-0.005,-0.85,21698.0,1277489.0,0.591,0.591,0.586,0.591,1.07,118478769,118478769
575,159964,创业板ETF平安,1.165,-0.01,-0.85,33009.0,3855579.4,1.177,1.177,1.164,1.175,0.75,514326306,514326306
576,513090,香港证券ETF,0.925,-0.008,-0.86,2888099.0,268382076.0,0.932,0.935,0.924,0.933,10.24,2608951400,2608951400
577,159577,美国50ETF,1.037,-0.009,-0.86,410469.0,42610809.29,1.039,1.04,1.037,1.046,11.84,359492327,359492327
578,159808,创100ETF融通,0.689,-0.006,-0.86,14459.0,997786.682,0.693,0.694,0.688,0.695,1.32,75435020,75435020
579,159971,创业板ETF富国,1.255,-0.011,-0.87,185855.0,23355447.8,1.261,1.261,1.253,1.266,1.11,2105902670,2105902670
580,562010,绿色能源ETF,0.683,-0.006,-0.87,18779.0,1284751.0,0.68,0.687,0.68,0.689,5.48,23426012,23426012
581,159837,生物科技ETF,0.455,-0.004,-0.87,548728.0,25080133.475,0.46,0.46,0.454,0.459,1.9,1312289539,1312289539
582,516350,半导体芯片ETF,0.567,-0.005,-0.87,180593.0,10219195.0,0.573,0.576,0.561,0.572,3.14,326260473,326260473
583,517120,沪港深创新药ETF,0.452,-0.004,-0.88,141136.0,6412602.0,0.457,0.458,0.452,0.456,2.08,306892813,306892813
584,159821,BOCI创业板ETF,0.676,-0.006,-0.88,473.0,32038.2,0.678,0.678,0.675,0.682,0.16,19549920,19549920
585,159790,碳中和ETF,0.56,-0.005,-0.88,434536.0,24360471.7,0.565,0.565,0.557,0.565,1.01,2413895967,2413895967
586,560980,光伏30ETF,0.559,-0.005,-0.89,244428.0,13667711.0,0.564,0.564,0.556,0.564,8.15,167712298,167712298
587,513400,道琼斯ETF,1.006,-0.009,-0.89,564208.0,56742777.0,1.005,1.008,1.004,1.015,10.43,544308372,544308372
588,560280,工程机械ETF,1.112,-0.01,-0.89,125421.0,13928481.0,1.112,1.115,1.106,1.122,31.55,44204224,44204224
589,159920,恒生ETF,0.999,-0.009,-0.89,3766063.0,377669618.5,1.009,1.01,0.997,1.008,2.39,15749793737,15749793737
590,159941,纳指ETF,0.998,-0.009,-0.89,7010325.0,700520743.1,0.998,1.002,0.997,1.007,3.52,19903722892,19903722892
591,517900,银行ETF优选,0.994,-0.009,-0.9,28645.0,2863807.0,1.0,1.005,0.994,1.003,5.51,51681539,51681539
592,159896,物联网龙头ETF,0.662,-0.006,-0.9,84371.0,5584422.6,0.664,0.667,0.656,0.668,10.28,54321006,54321006
593,159948,创业板ETF南方,1.983,-0.018,-0.9,49846.0,9909367.8,2.001,2.001,1.98,2.001,0.37,2702229531,2702229531
594,512870,杭州湾区ETF,1.089,-0.01,-0.91,8.0,871.0,1.088,1.089,1.088,1.099,0.0,35295143,35295143
595,513310,中韩半导体ETF,1.304,-0.012,-0.91,1065929.0,139556219.0,1.316,1.319,1.298,1.316,45.66,304388808,304388808
596,159864,光伏50ETF,0.543,-0.005,-0.91,381742.0,20687269.7,0.548,0.548,0.539,0.548,4.5,460750052,460750052
597,513110,纳斯达克100ETF,1.517,-0.014,-0.91,239990.0,36385204.0,1.519,1.519,1.514,1.531,4.31,844111907,844111907
598,159709,物联网ETF工银,0.756,-0.007,-0.92,1153.0,87065.1,0.757,0.76,0.752,0.763,0.1,88061904,88061904
599,159632,纳斯达克ETF,1.511,-0.014,-0.92,906699.0,137000618.8,1.51,1.513,1.509,1.525,1.78,7711721984,7711721984
600,561100,消费电子ETF富国,0.645,-0.006,-0.92,233310.0,15069211.0,0.657,0.657,0.64,0.651,3.83,392641748,392641748
601,560590,1000ETF增强,0.965,-0.009,-0.92,446.0,43113.0,0.965,0.97,0.961,0.974,0.27,16125150,16125150
602,517350,中概科技ETF,0.533,-0.005,-0.93,10750.0,572294.0,0.535,0.535,0.529,0.538,0.58,98094386,98094386
603,159997,电子ETF,0.848,-0.008,-0.93,413029.0,35049507.2,0.854,0.858,0.839,0.856,2.37,1474932004,1474932004
604,159987,科技创新ETF,1.154,-0.011,-0.94,2072.0,239382.5,1.16,1.162,1.154,1.165,0.58,40918070,40918070
605,159908,创业板ETF博时,1.678,-0.016,-0.94,75667.0,12712585.2,1.693,1.693,1.674,1.694,0.67,1904914275,1904914275
606,159532,中证2000指数ETF,0.943,-0.009,-0.95,117473.0,11038451.848,0.948,0.949,0.931,0.952,15.97,69371512,69371512
607,561280,中证1000ETF增强,0.941,-0.009,-0.95,9536.0,894162.0,0.945,0.945,0.932,0.95,2.08,43142686,43142686
608,159995,芯片ETF,0.834,-0.008,-0.95,3942437.0,330051421.443,0.842,0.848,0.827,0.842,1.48,22246085149,22246085149
609,513050,中概互联网ETF,0.934,-0.009,-0.95,5641413.0,529363632.0,0.945,0.947,0.932,0.943,1.54,34325838146,34325838146
610,159801,芯片ETF龙头,0.415,-0.004,-0.95,677710.0,28184544.4,0.42,0.421,0.411,0.419,1.22,2300394853,2300394853
611,159956,创业板ETF建信,1.138,-0.011,-0.96,1269.0,144561.2,1.14,1.145,1.135,1.149,0.18,78497647,78497647
612,159723,科技龙头ETF,0.62,-0.006,-0.96,20619.0,1283357.6,0.625,0.625,0.62,0.626,2.68,47755810,47755810
613,159828,医疗ETF,0.411,-0.004,-0.96,1171398.0,48342719.0,0.414,0.416,0.411,0.415,2.39,2014491630,2014491630
614,159777,创科技ETF,0.615,-0.006,-0.97,113.0,6960.9,0.616,0.618,0.615,0.621,0.07,10012547,10012547
615,159766,旅游ETF,0.716,-0.007,-0.97,957966.0,68652833.8,0.721,0.722,0.713,0.723,2.81,2443092882,2443092882
616,159660,纳指100ETF,1.432,-0.014,-0.97,78071.0,11181605.8,1.432,1.435,1.43,1.446,2.42,461320656,461320656
617,563300,中证2000ETF,0.919,-0.009,-0.97,1881632.0,172450153.0,0.923,0.926,0.909,0.928,15.31,1129151406,1129151406
618,513100,纳指ETF,1.327,-0.013,-0.97,3587870.0,476768472.0,1.327,1.331,1.326,1.34,3.94,12075846756,12075846756
619,159659,纳斯达克100ETF,1.411,-0.014,-0.98,344747.0,48575102.9,1.415,1.415,1.407,1.425,9.97,487844784,487844784
620,560650,核心50ETF,0.802,-0.008,-0.99,5645.0,453636.0,0.804,0.805,0.801,0.81,3.34,13569198,13569198
621,588290,科创芯片ETF基金,0.902,-0.009,-0.99,890656.0,80479515.0,0.913,0.914,0.892,0.911,9.22,871690101,871690101
622,516920,芯片50ETF,0.501,-0.005,-0.99,162100.0,8141493.0,0.506,0.509,0.496,0.506,2.32,349929967,349929967
623,159687,亚太精选ETF,1.2,-0.012,-0.99,142478.0,17107070.599,1.208,1.208,1.197,1.212,18.4,92914320,92914320
624,159915,创业板ETF,1.79,-0.018,-1.0,4609270.0,827315040.422,1.804,1.804,1.789,1.808,1.48,55569574292,55569574292
625,159952,创业板ETF广发,1.089,-0.011,-1.0,841560.0,91876054.8,1.099,1.099,1.088,1.1,1.5,6114282882,6114282882
626,159977,创业板ETF天弘,1.877,-0.019,-1.0,246665.0,46401247.2,1.895,1.895,1.874,1.896,0.6,7693703653,7693703653
627,159804,创中盘88ETF,0.987,-0.01,-1.0,3389.0,335537.8,0.997,0.999,0.987,0.997,0.27,125249905,125249905
628,159767,电池龙头ETF,0.492,-0.005,-1.01,53327.0,2640244.5,0.498,0.501,0.491,0.497,1.96,133761811,133761811
629,159836,创300ETF,0.681,-0.007,-1.02,39596.0,2699073.6,0.685,0.685,0.677,0.688,3.36,80185775,80185775
630,516110,汽车ETF,1.069,-0.011,-1.02,1323988.0,141422428.0,1.081,1.081,1.059,1.08,13.5,1048286098,1048286098
631,159859,生物医药ETF,0.388,-0.004,-1.02,820165.0,32014171.666,0.39,0.394,0.388,0.392,1.24,2569584370,2569584370
632,159850,恒生国企ETF,0.582,-0.006,-1.02,346174.0,20266309.004,0.589,0.59,0.581,0.588,3.05,660399125,660399125
633,159906,深成长龙头ETF,0.773,-0.008,-1.02,14952.0,1159250.0,0.774,0.778,0.77,0.781,0.84,137315488,137315488
634,159612,标普500ETF,1.447,-0.015,-1.03,121738.0,17600557.7,1.454,1.455,1.43,1.462,4.49,391990355,391990355
635,561160,锂电池ETF,0.48,-0.005,-1.03,661442.0,31957676.0,0.485,0.49,0.478,0.485,3.82,831280804,831280804
636,159840,锂电池ETF,0.48,-0.005,-1.03,1202324.0,58106590.2,0.485,0.489,0.478,0.485,5.5,1049555904,1049555904
637,159529,标普消费ETF,1.053,-0.011,-1.03,43227.0,4550567.922,1.054,1.056,1.049,1.064,4.39,103759145,103759145
638,515260,电子ETF,0.67,-0.007,-1.03,160101.0,10771448.0,0.676,0.678,0.665,0.677,2.1,510060419,510060419
639,159847,医疗50ETF,0.382,-0.004,-1.04,236211.0,9059441.5,0.385,0.386,0.381,0.386,1.56,577135263,577135263
640,159780,双创ETF,0.474,-0.005,-1.04,525639.0,24938149.939,0.477,0.479,0.472,0.479,0.75,3327502934,3327502934
641,159782,双创50ETF基金,0.473,-0.005,-1.05,25614.0,1216029.146,0.478,0.478,0.473,0.478,0.18,665600968,665600968
642,513660,恒生ETF,1.982,-0.021,-1.05,457173.0,90976055.0,2.004,2.006,1.98,2.003,2.6,3482374190,3482374190
643,159918,中创400ETF,1.598,-0.017,-1.05,314.0,50258.1,1.604,1.604,1.598,1.615,0.08,60022900,60022900
644,159696,纳指ETF易方达,1.216,-0.013,-1.06,29401.0,3577921.9,1.218,1.22,1.214,1.229,0.4,894761984,894761984
645,159501,纳斯达克指数ETF,1.213,-0.013,-1.06,1043079.0,126516380.2,1.213,1.214,1.211,1.226,4.09,3093133620,3093133620
646,588110,科创成长ETF,0.838,-0.009,-1.06,266026.0,22342197.0,0.845,0.849,0.833,0.847,14.4,154827204,154827204
647,510900,H股ETF,0.744,-0.008,-1.06,3899348.0,291297503.0,0.753,0.754,0.742,0.752,3.02,9619936285,9619936285
648,513990,港股通ETF,0.741,-0.008,-1.07,40358.0,3007405.0,0.747,0.748,0.741,0.749,5.53,54093000,54093000
649,159954,H股ETF,0.645,-0.007,-1.07,88263.0,5718537.5,0.652,0.655,0.643,0.652,2.12,268710230,268710230
650,563200,中证2000ETF富国,0.921,-0.01,-1.07,150214.0,13807064.0,0.927,0.932,0.913,0.931,22.95,60287555,60287555
651,159605,中概互联ETF,0.734,-0.008,-1.08,6344300.0,468158100.749,0.745,0.746,0.732,0.742,6.67,6983632924,6983632924
652,159505,国证2000指数ETF,0.917,-0.01,-1.08,6272.0,573691.1,0.923,0.923,0.91,0.927,1.08,53282010,53282010
653,159513,纳斯达克100指数ETF,1.098,-0.012,-1.08,1321028.0,145076303.1,1.099,1.1,1.097,1.11,3.28,4415660916,4415660916
654,159839,生物药ETF,0.365,-0.004,-1.08,319200.0,11699408.9,0.369,0.37,0.364,0.369,2.4,485353313,485353313
655,512680,军工ETF龙头,0.912,-0.01,-1.08,163318.0,14841073.0,0.92,0.92,0.903,0.922,0.47,3140317048,3140317048
656,517660,物联网沪港深ETF,0.729,-0.008,-1.09,95987.0,7021890.0,0.736,0.736,0.728,0.737,23.37,29947830,29947830
657,159823,H股ETF基金,0.633,-0.007,-1.09,18872.0,1200575.3,0.643,0.644,0.632,0.64,3.0,39855706,39855706
658,513550,港股通50ETF,0.722,-0.008,-1.1,600882.0,43590469.0,0.732,0.732,0.721,0.73,1.46,2973190224,2973190224
659,159712,港股通50ETF,0.812,-0.009,-1.1,18640.0,1518759.3,0.822,0.822,0.811,0.821,2.79,54224396,54224396
660,159531,中证2000ETF,0.902,-0.01,-1.1,747003.0,67394949.3,0.913,0.913,0.894,0.912,19.63,343308777,343308777
661,515320,电子50ETF,0.63,-0.007,-1.1,185284.0,11703005.0,0.639,0.639,0.625,0.637,5.37,217544675,217544675
662,159807,科技ETF,0.449,-0.005,-1.1,236270.0,10634510.6,0.452,0.453,0.448,0.454,1.91,556783082,556783082
663,515580,科技100ETF,0.714,-0.008,-1.11,194526.0,13892186.0,0.719,0.719,0.711,0.722,3.25,426994425,426994425
664,159822,新经济ETF,0.535,-0.006,-1.11,17843.0,958692.5,0.542,0.542,0.534,0.541,0.62,154740353,154740353
665,588030,科创100指数ETF,0.801,-0.009,-1.11,7591984.0,609762880.0,0.809,0.81,0.796,0.81,11.0,5529173251,5529173251
666,159750,香港科技50ETF,0.621,-0.007,-1.11,180973.0,11272024.7,0.628,0.631,0.618,0.628,9.54,117752902,117752902
667,513870,纳指ETF富国,1.241,-0.014,-1.12,218894.0,27141739.0,1.242,1.242,1.239,1.255,6.85,396711721,396711721
668,517360,沪港深科技ETF,0.708,-0.008,-1.12,7984.0,567246.0,0.713,0.713,0.707,0.716,0.91,62362764,62362764
669,513070,港股消费50ETF,0.879,-0.01,-1.12,77859.0,6883767.0,0.889,0.89,0.877,0.889,8.39,81536743,81536743
670,159768,房地产ETF,0.523,-0.006,-1.13,273817.0,14340993.6,0.527,0.529,0.521,0.529,8.17,175179009,175179009
671,512760,芯片ETF,0.783,-0.009,-1.14,3165556.0,248600022.0,0.792,0.796,0.776,0.792,1.97,12606865865,12606865865
672,560300,电信50ETF,1.032,-0.012,-1.15,20517.0,2117786.0,1.037,1.038,1.025,1.044,8.27,25597109,25597109
673,159711,港股通ETF,0.857,-0.01,-1.15,6320.0,544355.9,0.869,0.87,0.857,0.867,1.36,39820640,39820640
674,588020,科创成长50ETF,0.847,-0.01,-1.17,108496.0,9195041.0,0.855,0.857,0.841,0.857,5.97,153976977,153976977
675,512810,国防军工ETF,1.015,-0.012,-1.17,628275.0,63729543.0,1.028,1.028,1.007,1.027,13.18,483943571,483943571
676,513220,中概互联ETF,0.845,-0.01,-1.17,149101.0,12667416.0,0.852,0.859,0.843,0.855,16.73,75297443,75297443
677,588370,科创50增强策略ETF,0.76,-0.009,-1.17,165958.0,12655119.0,0.769,0.77,0.757,0.769,8.48,148786720,148786720
678,588360,科创创业ETF,0.505,-0.006,-1.17,486923.0,24629057.0,0.512,0.512,0.503,0.511,4.94,498072313,498072313
679,510770,G60创新ETF,0.505,-0.006,-1.17,1998.0,101168.0,0.506,0.512,0.505,0.511,0.49,20760904,20760904
680,159886,机械ETF,0.757,-0.009,-1.17,170343.0,12927347.6,0.763,0.763,0.755,0.766,26.52,48631573,48631573
681,159536,中证2000ETF添富,0.916,-0.011,-1.19,220763.0,20215066.334,0.928,0.928,0.907,0.927,19.49,103747534,103747534
682,562880,电池ETF基金,0.497,-0.006,-1.19,235918.0,11808029.0,0.503,0.508,0.497,0.503,5.11,229564101,229564101
683,159757,电池30ETF,0.493,-0.006,-1.2,382245.0,19019128.8,0.499,0.503,0.492,0.499,5.34,352954421,352954421
684,513970,恒生消费ETF,0.82,-0.01,-1.2,140979.0,11640338.0,0.833,0.833,0.819,0.83,4.91,235373627,235373627
685,562520,中证1000成长ETF,0.899,-0.011,-1.21,68930.0,6204438.0,0.91,0.91,0.893,0.91,10.05,61642632,61642632
686,159607,中概互联网ETF,0.729,-0.009,-1.22,1952772.0,143207522.4,0.741,0.741,0.728,0.738,6.75,2110330417,2110330417
687,588060,科创50ETF龙头,0.484,-0.006,-1.22,2729395.0,132269460.0,0.49,0.491,0.482,0.49,3.23,4086479806,4086479806
688,588300,双创ETF,0.483,-0.006,-1.23,186338.0,9019167.0,0.488,0.488,0.482,0.489,0.7,1290194670,1290194670
689,588120,科创板100ETF,0.804,-0.01,-1.23,2600548.0,209656470.0,0.812,0.813,0.8,0.814,13.62,1534684050,1534684050
690,588900,科创100ETF南方,0.802,-0.01,-1.23,693588.0,55805375.0,0.812,0.812,0.798,0.812,16.56,335863972,335863972
691,159888,智能车ETF,0.879,-0.011,-1.24,241703.0,21202879.9,0.885,0.889,0.867,0.89,17.84,119057034,119057034
692,159636,港股通科技30ETF,0.719,-0.009,-1.24,853781.0,61609077.8,0.725,0.731,0.718,0.728,4.89,1255554187,1255554187
693,515200,创新100ETF,1.355,-0.017,-1.24,19906.0,2704976.0,1.369,1.369,1.353,1.372,1.72,157103036,157103036
694,159783,科创创业50ETF,0.474,-0.006,-1.25,831701.0,39595467.66,0.48,0.48,0.474,0.48,0.87,4531373382,4531373382
695,159688,恒生互联网ETF,0.711,-0.009,-1.25,551942.0,39511412.549,0.722,0.722,0.71,0.72,9.44,415777442,415777442
696,561910,电池ETF,0.473,-0.006,-1.25,494214.0,23541159.0,0.479,0.483,0.472,0.479,5.81,402559236,402559236
697,159949,创业板50ETF,0.782,-0.01,-1.26,4601575.0,360962285.0,0.79,0.79,0.781,0.792,2.25,16022229989,16022229989
698,512220,TMTETF,1.329,-0.017,-1.26,34322.0,4560900.0,1.346,1.346,1.32,1.346,1.26,360780440,360780440
699,159781,科创创业ETF,0.469,-0.006,-1.26,1072794.0,50495782.983,0.474,0.475,0.468,0.475,0.72,7033058565,7033058565
700,513230,港股消费ETF,0.702,-0.009,-1.27,46618.0,3281998.0,0.71,0.711,0.699,0.711,5.59,58562735,58562735
701,561600,消费电子ETF,0.622,-0.008,-1.27,98299.0,6126976.0,0.628,0.628,0.618,0.63,6.91,88494428,88494428
702,588210,科创100ETF易方达,0.774,-0.01,-1.28,102256.0,7916616.0,0.783,0.783,0.771,0.784,3.71,213433596,213433596
703,515060,房地产ETF华夏,0.619,-0.008,-1.28,435329.0,27060900.0,0.626,0.626,0.618,0.627,6.64,405740941,405740941
704,159958,创业板ETF工银,1.082,-0.014,-1.28,31607.0,3418446.5,1.096,1.096,1.078,1.096,1.73,198234735,198234735
705,588880,科创100ETF指数,0.77,-0.01,-1.28,633995.0,49041633.0,0.777,0.78,0.768,0.78,12.65,386053360,386053360
706,588800,科创100ETF华夏,0.77,-0.01,-1.28,8085941.0,625406843.0,0.78,0.78,0.767,0.78,15.0,4152130358,4152130358
707,516980,证券ETF先锋,0.845,-0.011,-1.29,2203.0,186572.0,0.85,0.852,0.844,0.856,0.79,23673520,23673520
708,588200,科创芯片ETF,0.92,-0.012,-1.29,2858622.0,264228999.0,0.935,0.936,0.912,0.932,5.76,4565863260,4565863260
709,512560,军工ETF易方达,0.535,-0.007,-1.29,289517.0,15487156.0,0.54,0.54,0.532,0.542,2.9,533462949,533462949
710,159663,机床ETF,0.916,-0.012,-1.29,226844.0,20856434.9,0.94,0.94,0.915,0.928,19.47,106730030,106730030
711,561370,2000ETF,0.915,-0.012,-1.29,41640.0,3803461.0,0.918,0.918,0.907,0.927,22.68,16795740,16795740
712,512330,信息科技ETF,0.755,-0.01,-1.31,35964.0,2714430.0,0.765,0.765,0.748,0.765,0.63,433511940,433511940
713,588320,双创50增强ETF,0.752,-0.01,-1.31,3325.0,250042.0,0.761,0.761,0.752,0.762,1.87,13404099,13404099
714,159795,智能车ETF基金,0.751,-0.01,-1.31,21176.0,1585539.2,0.757,0.757,0.741,0.761,2.89,54950219,54950219
715,159565,汽车零部件ETF,1.049,-0.014,-1.32,12097.0,1265707.5,1.066,1.066,1.038,1.063,9.58,13245933,13245933
716,512710,军工龙头ETF,0.522,-0.007,-1.32,1096326.0,57277036.0,0.529,0.529,0.519,0.529,1.34,4280743702,4280743702
717,159638,高端装备ETF,0.668,-0.009,-1.33,445091.0,29712424.569,0.676,0.676,0.662,0.677,3.71,801160413,801160413
718,560170,央企科技ETF,0.739,-0.01,-1.34,736037.0,54337020.0,0.749,0.749,0.733,0.749,2.92,1860429177,1860429177
719,513880,日经225ETF,1.399,-0.019,-1.34,831988.0,116591783.0,1.4,1.408,1.398,1.418,5.59,2083768530,2083768530
720,515750,科技50ETF,1.103,-0.015,-1.34,78425.0,8657407.0,1.114,1.114,1.098,1.118,1.52,568199967,568199967
721,515000,科技ETF,1.102,-0.015,-1.34,525738.0,58032658.0,1.113,1.115,1.098,1.117,2.08,2786175245,2786175245
722,588220,科创100ETF基金,0.803,-0.011,-1.35,8690550.0,699888164.0,0.812,0.813,0.8,0.814,14.05,4967517007,4967517007
723,588350,双创50ETF基金,0.729,-0.01,-1.35,23740.0,1740080.0,0.734,0.735,0.729,0.739,0.13,1350506034,1350506034
724,159603,双创龙头ETF,0.728,-0.01,-1.36,18132.0,1324352.3,0.735,0.736,0.727,0.738,0.07,1817868346,1817868346
725,513060,恒生医疗ETF,0.363,-0.005,-1.36,14927305.0,544272670.0,0.367,0.368,0.362,0.368,5.11,10597020226,10597020226
726,517960,科技AHETF,0.798,-0.011,-1.36,12308.0,986178.0,0.806,0.806,0.798,0.809,1.4,70369236,70369236
727,159555,2000增强ETF,0.943,-0.013,-1.36,132550.0,12498765.1,0.956,0.956,0.934,0.956,14.98,83420331,83420331
728,513360,教育ETF,0.578,-0.008,-1.37,896635.0,52029939.0,0.586,0.589,0.577,0.586,8.81,588527637,588527637
729,159541,创业板综ETF万家,0.937,-0.013,-1.37,413952.0,38835008.043,0.95,0.95,0.932,0.95,30.99,125176946,125176946
730,513080,法国CAC40ETF,1.642,-0.023,-1.38,200060.0,32833827.0,1.644,1.646,1.637,1.665,10.34,317589072,317589072
731,516050,科技龙头ETF,0.571,-0.008,-1.38,66574.0,3803271.0,0.579,0.579,0.569,0.579,0.93,407824188,407824188
732,159796,电池50ETF,0.569,-0.008,-1.39,574829.0,32896942.1,0.578,0.581,0.568,0.577,3.47,941392010,941392010
733,588090,科创板ETF,0.782,-0.011,-1.39,943059.0,74068166.0,0.794,0.794,0.779,0.793,1.86,3956038555,3956038555
734,516800,智能制造ETF,0.853,-0.012,-1.39,55322.0,4742728.0,0.866,0.866,0.851,0.865,2.44,193762362,193762362
735,516520,智能驾驶ETF,0.849,-0.012,-1.39,58877.0,4984768.0,0.858,0.86,0.839,0.861,3.47,144130910,144130910
736,159773,创业板科技ETF,0.636,-0.009,-1.4,6912.0,440806.7,0.641,0.641,0.633,0.645,0.85,51581572,51581572
737,588080,科创板50ETF,0.775,-0.011,-1.4,4115028.0,320029409.0,0.788,0.788,0.772,0.786,0.91,34969261824,34969261824
738,513200,港股通医药ETF,0.634,-0.009,-1.4,1105146.0,70344877.0,0.643,0.644,0.632,0.643,5.9,1187660849,1187660849
739,588180,科创50ETF基金,0.49,-0.007,-1.41,657471.0,32323083.0,0.496,0.497,0.489,0.497,1.17,2757648374,2757648374
740,560800,数字经济ETF,0.559,-0.008,-1.41,419007.0,23391676.0,0.566,0.568,0.555,0.567,2.21,1057600667,1057600667
741,159567,港股创新药ETF,0.837,-0.012,-1.41,411478.0,34589234.574,0.845,0.847,0.835,0.849,24.73,139247338,139247338
742,159681,创50ETF,0.767,-0.011,-1.41,172202.0,13249341.9,0.778,0.78,0.766,0.778,1.71,774495382,774495382
743,159570,港股通创新药ETF,0.836,-0.012,-1.42,189185.0,15883908.197,0.848,0.848,0.834,0.848,9.2,171879211,171879211
744,159909,TMT50ETF,0.555,-0.008,-1.42,17647.0,982708.3,0.566,0.566,0.552,0.563,0.31,313054410,313054410
745,588380,双创50ETF,0.482,-0.007,-1.43,569091.0,27532870.0,0.487,0.487,0.481,0.489,1.36,2012721140,2012721140
746,517800,人工智能50ETF,0.55,-0.008,-1.43,75142.0,4155223.0,0.553,0.558,0.55,0.558,3.59,115246835,115246835
747,588330,双创龙头ETF,0.481,-0.007,-1.43,618922.0,29869021.0,0.487,0.487,0.48,0.488,3.21,928203886,928203886
748,563050,央企科技50ETF,0.755,-0.011,-1.44,88845.0,6704735.0,0.762,0.762,0.749,0.766,2.04,329337342,329337342
749,588280,科创50ETF指数基金,0.549,-0.008,-1.44,99962.0,5500878.0,0.557,0.557,0.546,0.557,2.38,230646433,230646433
750,513330,恒生互联网ETF,0.343,-0.005,-1.44,33382786.0,1152186584.0,0.349,0.349,0.342,0.348,3.85,29763304145,29763304145
751,562380,央企科技引领ETF,0.754,-0.011,-1.44,89822.0,6779463.0,0.765,0.765,0.748,0.765,3.23,209709188,209709188
752,588400,科创创业指数ETF,0.479,-0.007,-1.44,506306.0,24348556.0,0.486,0.486,0.478,0.486,1.46,1657148691,1657148691
753,159814,创业大盘ETF,0.342,-0.005,-1.44,1326987.0,45509513.1,0.344,0.347,0.341,0.347,9.3,487776302,487776302
754,159718,港股医药ETF,0.547,-0.008,-1.44,315140.0,17314576.4,0.553,0.555,0.545,0.555,9.44,182606454,182606454
755,563010,电信ETF,0.954,-0.014,-1.45,30953.0,2958358.0,0.959,0.959,0.95,0.968,9.05,32616592,32616592
756,159559,机器人ETF基金,0.949,-0.014,-1.45,76556.0,7275294.9,0.951,0.959,0.943,0.963,13.18,55114693,55114693
757,513650,标普500ETF基金,1.35,-0.02,-1.46,851368.0,115046812.0,1.358,1.358,1.348,1.37,11.48,1001340900,1001340900
758,515860,科技ETF基金,1.077,-0.016,-1.46,13738.0,1486557.0,1.09,1.09,1.073,1.093,0.83,178651575,178651575
759,512200,房地产ETF,0.471,-0.007,-1.46,1291366.0,61142125.0,0.476,0.478,0.471,0.478,1.89,3217813641,3217813641
760,588190,科创100ETF,0.802,-0.012,-1.47,1784141.0,143812630.0,0.814,0.814,0.8,0.814,7.91,1808203880,1808203880
761,588310,双创ETF基金,0.533,-0.008,-1.48,32040.0,1711275.0,0.54,0.54,0.533,0.541,4.64,36796988,36796988
762,588150,科创50ETF南方,0.532,-0.008,-1.48,166916.0,8899943.0,0.54,0.54,0.53,0.54,5.51,161160147,161160147
763,159776,港股通医药ETF,0.728,-0.011,-1.49,185827.0,13595749.1,0.738,0.739,0.727,0.739,7.94,170329214,170329214
764,588000,科创50ETF,0.794,-0.012,-1.49,20761995.0,1655420211.0,0.806,0.807,0.792,0.806,2.28,72444694561,72444694561
765,159747,香港科技ETF,0.853,-0.013,-1.5,402398.0,34551864.097,0.867,0.872,0.851,0.866,12.35,277832513,277832513
766,512670,国防ETF,0.589,-0.009,-1.51,827188.0,48714129.0,0.593,0.595,0.585,0.598,2.44,2000039386,2000039386
767,159667,工业母机ETF,0.909,-0.014,-1.52,432622.0,39465899.7,0.924,0.925,0.907,0.923,7.15,549960358,549960358
768,513000,日经225ETF易方达,1.486,-0.023,-1.52,313764.0,46743095.0,1.49,1.498,1.484,1.509,6.02,774074352,774074352
769,517770,游戏传媒ETF,0.837,-0.013,-1.53,11725.0,985462.0,0.85,0.85,0.834,0.85,3.92,25066309,25066309
770,513900,港股通100ETF,0.704,-0.011,-1.54,251243.0,17758361.0,0.715,0.72,0.702,0.715,11.17,158384512,158384512
771,159707,地产ETF,0.575,-0.009,-1.54,454940.0,26251359.3,0.581,0.583,0.574,0.584,10.51,249002720,249002720
772,159778,工业互联ETF,0.698,-0.011,-1.55,40205.0,2814755.3,0.706,0.706,0.695,0.709,5.78,48514699,48514699
773,512660,军工ETF,0.885,-0.014,-1.56,1915239.0,169743908.0,0.894,0.894,0.88,0.899,2.38,7115470913,7115470913
774,159658,数字经济ETF,0.885,-0.014,-1.56,172461.0,15326912.1,0.898,0.899,0.881,0.899,5.97,255671969,255671969
775,159682,创业50ETF,0.756,-0.012,-1.56,1136370.0,86280113.46,0.766,0.766,0.756,0.768,3.76,2284864546,2284864546
776,513590,香港消费ETF,0.628,-0.01,-1.57,33138.0,2102303.0,0.639,0.647,0.628,0.638,3.37,61807069,61807069
777,159994,5GETF,0.751,-0.012,-1.57,359841.0,26963949.7,0.762,0.762,0.743,0.763,1.67,1619908262,1619908262
778,513960,港股通消费ETF,1.001,-0.016,-1.57,41135.0,4142821.0,1.015,1.017,0.999,1.017,6.06,68000232,68000232
779,515760,浙江国资ETF,1.062,-0.017,-1.58,35477.0,3776622.0,1.075,1.075,1.06,1.079,1.81,208564162,208564162
780,159575,创业板200ETF银华,0.929,-0.015,-1.59,63795.0,5917065.378,0.935,0.935,0.921,0.944,9.75,60766262,60766262
781,159892,恒生医药ETF,0.433,-0.007,-1.59,4632205.0,201776921.0,0.44,0.44,0.432,0.44,7.91,2535330199,2535330199
782,159530,机器人100ETF,1.043,-0.017,-1.6,19424.0,2029745.9,1.056,1.056,1.04,1.06,6.34,31929535,31929535
783,513380,恒生科技ETF龙头,0.852,-0.014,-1.62,1108023.0,95055907.0,0.865,0.868,0.85,0.866,4.0,2362504407,2362504407
784,513010,恒生科技30ETF,0.484,-0.008,-1.63,7324285.0,356756722.0,0.494,0.494,0.482,0.492,6.28,5641168592,5641168592
785,515250,智能汽车ETF,0.786,-0.013,-1.63,536889.0,42110324.0,0.794,0.794,0.775,0.799,7.4,570592374,570592374
786,159872,智能网联汽车ETF,0.785,-0.013,-1.63,128529.0,10073593.1,0.8,0.8,0.778,0.798,22.83,44195265,44195265
787,159939,信息技术ETF,0.48,-0.008,-1.64,913312.0,43973641.1,0.488,0.488,0.476,0.488,2.38,1842074934,1842074934
788,588050,科创ETF,0.779,-0.013,-1.64,1299709.0,101785897.0,0.791,0.793,0.778,0.792,1.37,7401467007,7401467007
789,159556,中证2000ETF增强,0.895,-0.015,-1.65,75500.0,6768062.6,0.908,0.908,0.888,0.91,4.64,145487620,145487620
790,159967,创业板成长ETF,0.415,-0.007,-1.66,1639068.0,68214542.242,0.42,0.421,0.413,0.422,1.59,4276784904,4276784904
791,513520,日经ETF,1.53,-0.026,-1.67,1052553.0,161735324.0,1.545,1.546,1.527,1.556,16.91,952252416,952252416
792,159742,恒生科技指数ETF,0.47,-0.008,-1.67,2060432.0,97601777.1,0.479,0.48,0.469,0.478,8.78,1103526258,1103526258
793,159889,智能汽车ETF,0.76,-0.013,-1.68,23836.0,1813438.2,0.773,0.78,0.752,0.773,2.61,69464532,69464532
794,159506,恒生医疗ETF,0.75,-0.013,-1.7,849815.0,64193912.9,0.761,0.763,0.749,0.763,19.07,334152732,334152732
795,513120,港股创新药ETF,0.633,-0.011,-1.71,12944898.0,824559623.0,0.644,0.644,0.633,0.644,14.11,5805961723,5805961723
796,513130,恒生科技ETF,0.46,-0.008,-1.71,26452701.0,1225340760.0,0.469,0.469,0.459,0.468,7.95,15309879624,15309879624
797,159866,日经ETF,1.15,-0.02,-1.71,840315.0,97126429.5,1.158,1.165,1.146,1.17,16.29,593376282,593376282
798,159741,恒生科技ETF基金,0.46,-0.008,-1.71,856324.0,39711667.4,0.47,0.47,0.46,0.468,6.29,625966484,625966484
799,159740,恒生科技ETF,0.46,-0.008,-1.71,6569125.0,304597407.7,0.469,0.47,0.46,0.468,10.91,2768795377,2768795377
800,588390,科创创业50ETF,0.517,-0.009,-1.71,292528.0,15196829.0,0.523,0.523,0.517,0.526,5.98,252779862,252779862
801,517280,网购ETF,0.687,-0.012,-1.72,132513.0,9135973.0,0.694,0.697,0.686,0.699,26.74,34042568,34042568
802,159811,5G50ETF,0.973,-0.017,-1.72,50250.0,4907390.1,0.99,0.99,0.968,0.99,2.54,192598921,192598921
803,159572,创业板200ETF易方达,0.91,-0.016,-1.73,50875.0,4635061.6,0.921,0.921,0.904,0.926,6.72,68931681,68931681
804,159511,通信ETF基金,0.91,-0.016,-1.73,26129.0,2380285.322,0.926,0.926,0.906,0.926,5.57,42719561,42719561
805,159615,恒生生物科技ETF,0.621,-0.011,-1.74,727946.0,45453730.8,0.631,0.632,0.62,0.632,14.05,321712090,321712090
806,588460,科创50增强ETF,0.834,-0.015,-1.77,428475.0,35855754.0,0.848,0.848,0.833,0.849,7.23,494156676,494156676
807,513030,德国ETF,1.384,-0.025,-1.77,628648.0,87004535.0,1.39,1.39,1.379,1.409,10.04,866770147,866770147
808,159695,通信ETF,0.995,-0.018,-1.78,76058.0,7594195.3,1.005,1.016,0.991,1.013,5.64,134137940,134137940
809,513280,恒生生物科技ETF,0.604,-0.011,-1.79,338207.0,20553954.0,0.614,0.614,0.603,0.615,14.57,140197158,140197158
810,513700,香港医药ETF,0.384,-0.007,-1.79,794747.0,30719540.0,0.391,0.391,0.383,0.391,4.75,642756864,642756864
811,513320,恒生新经济ETF,0.822,-0.015,-1.79,45088.0,3739285.0,0.84,0.847,0.821,0.837,12.18,30422713,30422713
812,513390,纳指100ETF,1.474,-0.027,-1.8,289794.0,42811644.0,1.491,1.491,1.472,1.501,3.29,1299152799,1299152799
813,513560,香港科技ETF,0.754,-0.014,-1.82,26993.0,2041720.0,0.77,0.77,0.752,0.768,1.7,119423044,119423044
814,159538,信创ETF富国,0.861,-0.016,-1.82,64374.0,5561066.0,0.875,0.875,0.855,0.877,10.01,55366088,55366088
815,159507,电信ETF,0.907,-0.017,-1.84,77890.0,7088446.2,0.924,0.924,0.904,0.924,11.64,60717845,60717845
816,513890,恒生科技HKETF,0.691,-0.013,-1.85,628644.0,43804282.0,0.706,0.707,0.691,0.704,21.52,201860448,201860448
817,513260,恒生科技ETF基金,0.899,-0.017,-1.86,374055.0,33899354.0,0.916,0.917,0.898,0.916,4.58,733802464,733802464
818,517050,互联网50ETF,0.528,-0.01,-1.86,85822.0,4548111.0,0.538,0.538,0.526,0.538,1.04,435919444,435919444
819,513580,恒生科技ETF指数基金,0.472,-0.009,-1.87,2653920.0,126154071.0,0.482,0.482,0.471,0.481,8.37,1497239696,1497239696
820,513180,恒生科技指数ETF,0.469,-0.009,-1.88,35021295.0,1657783548.0,0.479,0.48,0.469,0.478,7.51,21884834170,21884834170
821,159655,标普ETF,1.407,-0.027,-1.88,136318.0,19268870.1,1.424,1.426,1.402,1.434,6.61,290043201,290043201
822,513040,港股通互联网ETF,0.881,-0.017,-1.89,78460.0,6971264.0,0.898,0.902,0.879,0.898,5.07,136415185,136415185
823,562360,机器人ETF基金,0.772,-0.015,-1.91,56805.0,4401050.0,0.787,0.787,0.768,0.787,6.49,67529928,67529928
824,159512,汽车ETF,1.128,-0.022,-1.91,191395.0,21608202.3,1.147,1.147,1.12,1.15,22.99,93922694,93922694
825,515050,5G通信ETF,0.91,-0.018,-1.94,558241.0,50921467.0,0.928,0.928,0.904,0.928,0.72,7064392259,7064392259
826,513770,港股互联网ETF,0.656,-0.013,-1.94,3468260.0,228974462.0,0.671,0.672,0.655,0.669,17.78,1279573196,1279573196
827,159566,储能电池ETF,1.207,-0.024,-1.95,49824.0,6036571.7,1.23,1.23,1.203,1.231,14.77,40723910,40723910
828,159573,创业板200ETF华夏,0.904,-0.018,-1.95,276207.0,25054429.946,0.916,0.918,0.898,0.922,6.34,393652412,393652412
829,159735,港股消费ETF,0.546,-0.011,-1.97,94659.0,5203768.1,0.56,0.56,0.545,0.557,4.43,116604509,116604509
830,513150,港股通科技50ETF,0.645,-0.013,-1.98,251515.0,16334580.0,0.657,0.657,0.642,0.658,12.8,126781071,126781071
831,159725,线上消费ETF,0.689,-0.014,-1.99,8040.0,555168.9,0.697,0.697,0.685,0.703,1.48,37498756,37498756
832,159792,港股通互联网ETF,0.538,-0.011,-2.0,9797205.0,529901988.5,0.549,0.55,0.536,0.549,5.68,9285264080,9285264080
833,159571,创业板200ETF富国,0.929,-0.019,-2.0,43719.0,4072177.8,0.939,0.941,0.923,0.948,8.41,48291105,48291105
834,512980,传媒ETF,0.733,-0.015,-2.01,2020573.0,147981351.0,0.742,0.745,0.725,0.748,3.76,3937254167,3937254167
835,516860,金融科技ETF,0.781,-0.016,-2.01,131357.0,10272856.0,0.8,0.8,0.776,0.797,9.28,110528682,110528682
836,517200,互联网ETF,0.485,-0.01,-2.02,20759.0,1014300.0,0.495,0.497,0.485,0.495,0.85,118719270,118719270
837,513020,港股科技ETF,0.63,-0.013,-2.02,665927.0,42180804.0,0.645,0.645,0.628,0.643,14.02,299341607,299341607
838,516190,文娱传媒ETF,0.919,-0.019,-2.03,46174.0,4256565.0,0.929,0.929,0.913,0.938,25.77,16467102,16467102
839,159551,机器人产业ETF,0.916,-0.019,-2.03,109464.0,10058364.0,0.935,0.935,0.911,0.935,10.43,96107544,96107544
840,159793,线上消费ETF平安,0.672,-0.014,-2.04,1579.0,106165.8,0.68,0.68,0.672,0.686,0.32,32765981,32765981
841,159851,金融科技ETF,0.911,-0.019,-2.04,212538.0,19388237.7,0.931,0.931,0.905,0.93,6.74,287376772,287376772
842,159540,信创ETF指数,0.858,-0.018,-2.05,33536.0,2885262.5,0.87,0.87,0.852,0.876,10.01,28747454,28747454
843,513290,纳指生物科技ETF,1.134,-0.024,-2.07,480260.0,54432676.0,1.13,1.141,1.13,1.158,4.3,1266192757,1266192757
844,159856,互联网龙头ETF,0.471,-0.01,-2.08,54732.0,2590831.1,0.48,0.481,0.47,0.481,0.84,306796438,306796438
845,588260,科创信息ETF,0.893,-0.019,-2.08,160947.0,14448503.0,0.906,0.913,0.893,0.912,11.77,122114178,122114178
846,159728,在线消费ETF,0.702,-0.015,-2.09,18029.0,1267700.3,0.71,0.71,0.698,0.717,2.34,53990890,53990890
847,159509,纳指科技ETF,1.357,-0.029,-2.09,4478472.0,609467636.523,1.37,1.376,1.346,1.386,7.79,7803515478,7803515478
848,516100,金融科技ETF华夏,0.748,-0.016,-2.09,27605.0,2069885.0,0.76,0.771,0.745,0.764,4.62,44700256,44700256
849,513160,港股科技30ETF,0.65,-0.014,-2.11,248422.0,16265337.0,0.662,0.666,0.65,0.664,15.04,107373045,107373045
850,159568,港股互联网ETF,1.057,-0.023,-2.13,20739.0,2203594.9,1.08,1.08,1.055,1.08,2.7,81238801,81238801
851,513980,港股科技50ETF,0.409,-0.009,-2.15,3090384.0,126997902.0,0.417,0.418,0.407,0.418,4.33,2915844423,2915844423
852,513500,标普500ETF,1.802,-0.04,-2.17,3380552.0,612744381.0,1.83,1.831,1.797,1.842,4.79,12728676627,12728676627
853,588100,科创信息技术ETF,0.898,-0.02,-2.18,367998.0,33246770.0,0.915,0.918,0.898,0.918,10.29,321258336,321258336
854,159537,信创ETF,0.845,-0.019,-2.2,16468.0,1403391.7,0.864,0.864,0.843,0.864,4.05,34342997,34342997
855,562500,机器人ETF,0.704,-0.016,-2.22,903388.0,63914118.0,0.719,0.719,0.701,0.72,6.6,963907856,963907856
856,159805,传媒ETF,1.011,-0.023,-2.22,241916.0,24524058.8,1.031,1.031,1.003,1.034,11.98,204173957,204173957
857,512720,计算机ETF,0.861,-0.02,-2.27,863162.0,74445401.0,0.875,0.88,0.855,0.881,5.43,1368519384,1368519384
858,159998,计算机ETF,0.723,-0.017,-2.3,632868.0,45857596.4,0.74,0.74,0.718,0.74,2.26,2020535825,2020535825
859,159770,机器人ETF,0.722,-0.017,-2.3,278931.0,20229985.3,0.738,0.738,0.718,0.739,2.99,672967317,672967317
860,159539,信创50ETF,0.845,-0.02,-2.31,47211.0,4006982.5,0.857,0.857,0.841,0.865,20.92,19067510,19067510
861,159751,港股科技ETF,0.59,-0.014,-2.32,110569.0,6561793.9,0.604,0.604,0.588,0.604,7.86,82971464,82971464
862,159613,信息安全ETF,0.708,-0.017,-2.34,106582.0,7545563.4,0.72,0.72,0.702,0.725,10.19,74049862,74049862
863,515980,人工智能ETF,0.782,-0.019,-2.37,1474121.0,115669537.0,0.799,0.799,0.777,0.801,7.24,1592984436,1592984436
864,561010,软件ETF基金,0.822,-0.02,-2.38,43770.0,3607591.0,0.85,0.85,0.818,0.842,8.2,43858632,43858632
865,513860,港股通科技ETF,0.406,-0.01,-2.4,1874492.0,76470937.0,0.415,0.415,0.404,0.416,11.35,670497067,670497067
866,562930,软件30ETF,0.648,-0.016,-2.41,26426.0,1715794.0,0.658,0.658,0.646,0.664,6.38,26851176,26851176
867,159819,人工智能ETF,0.724,-0.018,-2.43,5809228.0,421664386.856,0.739,0.74,0.719,0.742,7.16,5875426300,5875426300
868,515070,人工智能AIETF,0.925,-0.023,-2.43,1309284.0,121363637.0,0.947,0.947,0.918,0.948,4.99,2425784942,2425784942
869,159729,互联网ETF,0.563,-0.014,-2.43,19194.0,1081182.4,0.579,0.579,0.56,0.577,1.18,91296418,91296418
870,561310,消电ETF,0.591,-0.015,-2.48,150067.0,8928848.0,0.602,0.602,0.59,0.606,9.56,92737711,92737711
871,516620,影视ETF,0.923,-0.025,-2.64,210912.0,19544925.0,0.946,0.946,0.916,0.948,26.61,73163903,73163903
872,512930,AI人工智能ETF,1.096,-0.03,-2.66,808033.0,88864779.0,1.124,1.124,1.09,1.126,9.75,908726813,908726813
873,159855,影视ETF,0.834,-0.023,-2.68,66485.0,5558904.6,0.854,0.854,0.828,0.857,8.37,66240617,66240617
874,515400,大数据ETF,0.684,-0.019,-2.7,1584223.0,108702418.0,0.701,0.701,0.679,0.703,8.08,1340387883,1340387883
875,515230,软件ETF,0.644,-0.018,-2.72,662469.0,42757709.0,0.662,0.662,0.64,0.662,5.89,724300937,724300937
876,562920,信息安全ETF,0.749,-0.021,-2.73,40103.0,3014290.0,0.763,0.763,0.744,0.77,14.29,21023681,21023681
877,159852,软件ETF,0.637,-0.018,-2.75,744453.0,47590534.8,0.65,0.654,0.635,0.655,5.91,803017427,803017427
878,159899,软件龙头ETF,0.624,-0.018,-2.8,279963.0,17493622.0,0.636,0.64,0.621,0.642,11.47,152242085,152242085
879,516700,大数据产业ETF,0.723,-0.021,-2.82,36941.0,2681684.0,0.739,0.739,0.718,0.744,6.83,39130206,39130206
880,159869,游戏ETF,0.983,-0.029,-2.87,3213151.0,316786161.149,1.009,1.009,0.976,1.012,5.12,6173320779,6173320779
881,562030,信创ETF基金,0.779,-0.023,-2.87,166687.0,13047293.0,0.779,0.8,0.777,0.802,31.16,41666295,41666295
882,516010,游戏ETF,0.976,-0.029,-2.89,1313806.0,128541266.0,1.005,1.005,0.966,1.005,6.07,2113716376,2113716376
883,516770,游戏动漫ETF,0.995,-0.03,-2.93,235679.0,23547231.0,1.02,1.021,0.988,1.025,16.12,145516760,145516760
884,159738,云计算ETF沪港深,0.825,-0.025,-2.94,44813.0,3717822.1,0.848,0.848,0.821,0.85,10.42,35468895,35468895
885,159527,数据ETF,1.119,-0.034,-2.95,22077.0,2474746.0,1.148,1.148,1.114,1.153,13.71,18016404,18016404
886,516000,数据ETF,0.723,-0.022,-2.95,111099.0,8062161.0,0.744,0.744,0.719,0.745,5.59,143772165,143772165
887,516630,云计算50ETF,0.853,-0.027,-3.07,170546.0,14616959.0,0.878,0.878,0.848,0.88,9.57,151967068,151967068
888,516510,云计算ETF,0.873,-0.028,-3.11,1392719.0,122097183.0,0.898,0.898,0.87,0.901,9.61,1265753970,1265753970
889,517390,云计算沪港深ETF,0.77,-0.025,-3.14,61540.0,4763800.0,0.784,0.784,0.769,0.795,10.24,46286702,46286702
890,159739,大数据ETF,0.83,-0.027,-3.15,161486.0,13497409.3,0.853,0.855,0.828,0.857,5.81,230889905,230889905
891,515880,通信ETF,1.128,-0.038,-3.26,2426896.0,275637723.0,1.16,1.16,1.126,1.166,9.93,2756225479,2756225479
892,159502,标普生物科技ETF,0.979,-0.033,-3.26,842456.0,82534213.69,0.98,0.983,0.977,1.012,8.18,1007707240,1007707240
893,159890,云计算ETF,0.881,-0.031,-3.4,278372.0,24609865.3,0.909,0.909,0.878,0.912,21.32,115050396,115050396
894,560660,云50ETF,0.814,-0.029,-3.44,89588.0,7345076.0,0.837,0.838,0.812,0.843,8.22,88700766,88700766
895,159586,计算机ETF南方,0.941,-0.034,-3.49,44974.0,4231815.861,0.965,0.971,0.935,0.975,9.36,45192372,45192372
