日期,指数代码,指数名称,市盈率,数据源
2015-02-13,H30597,新材料,102.42,韭圈儿
2015-02-16,H30597,新材料,104.04,韭圈儿
2015-02-17,H30597,新材料,99.89,韭圈儿
2015-02-25,H30597,新材料,99.43,韭圈儿
2015-02-26,H30597,新材料,102.57,韭圈儿
2015-02-27,H30597,新材料,102.22,韭圈儿
2015-03-02,H30597,新材料,102.03,韭圈儿
2015-03-03,H30597,新材料,102.02,韭圈儿
2015-03-04,H30597,新材料,102.19,韭圈儿
2015-03-05,H30597,新材料,101.78,韭圈儿
2015-03-06,H30597,新材料,102.7,韭圈儿
2015-03-09,H30597,新材料,103.01,韭圈儿
2015-03-10,H30597,新材料,103.74,韭圈儿
2015-03-11,H30597,新材料,103.52,韭圈儿
2015-03-12,H30597,新材料,103.86,韭圈儿
2015-03-13,H30597,新材料,104.55,韭圈儿
2015-03-16,H30597,新材料,106.95,韭圈儿
2015-03-17,H30597,新材料,111.58,韭圈儿
2015-03-18,H30597,新材料,113.09,韭圈儿
2015-03-19,H30597,新材料,114.16,韭圈儿
2015-03-20,H30597,新材料,114.78,韭圈儿
2015-03-23,H30597,新材料,120.34,韭圈儿
2015-03-24,H30597,新材料,118.9,韭圈儿
2015-03-25,H30597,新材料,116.75,韭圈儿
2016-03-18,H30597,新材料,111.54,韭圈儿
2016-03-21,H30597,新材料,113.72,韭圈儿
2016-03-22,H30597,新材料,113.2,韭圈儿
2016-03-23,H30597,新材料,118.1,韭圈儿
2016-03-24,H30597,新材料,118.08,韭圈儿
2016-03-25,H30597,新材料,122.4,韭圈儿
2016-03-28,H30597,新材料,123.55,韭圈儿
2016-03-29,H30597,新材料,122.78,韭圈儿
2016-03-30,H30597,新材料,127.31,韭圈儿
2016-03-31,H30597,新材料,294.79,韭圈儿
2016-04-01,H30597,新材料,296.87,韭圈儿
2016-04-05,H30597,新材料,339.53,韭圈儿
2016-04-06,H30597,新材料,340.23,韭圈儿
2016-04-07,H30597,新材料,334.26,韭圈儿
2016-04-08,H30597,新材料,364.76,韭圈儿
2016-04-11,H30597,新材料,373.92,韭圈儿
2016-04-12,H30597,新材料,258.21,韭圈儿
2016-04-13,H30597,新材料,265.22,韭圈儿
2016-04-14,H30597,新材料,265.9,韭圈儿
2016-04-15,H30597,新材料,381.19,韭圈儿
2016-04-18,H30597,新材料,462.87,韭圈儿
2016-04-19,H30597,新材料,459.84,韭圈儿
2016-04-20,H30597,新材料,428.15,韭圈儿
2016-04-21,H30597,新材料,430.96,韭圈儿
2016-04-22,H30597,新材料,414.82,韭圈儿
2016-04-25,H30597,新材料,352.52,韭圈儿
2016-04-26,H30597,新材料,325.08,韭圈儿
2016-04-27,H30597,新材料,279.85,韭圈儿
2016-04-28,H30597,新材料,369.15,韭圈儿
2016-04-29,H30597,新材料,1358.06,韭圈儿
2016-05-03,H30597,新材料,757.63,韭圈儿
2016-05-04,H30597,新材料,757.78,韭圈儿
2016-05-05,H30597,新材料,761.83,韭圈儿
2016-05-06,H30597,新材料,735.82,韭圈儿
2016-05-09,H30597,新材料,707.0,韭圈儿
2016-05-10,H30597,新材料,700.69,韭圈儿
2016-05-11,H30597,新材料,698.51,韭圈儿
2016-05-12,H30597,新材料,713.4,韭圈儿
2016-05-13,H30597,新材料,715.62,韭圈儿
2016-05-16,H30597,新材料,732.98,韭圈儿
2016-05-17,H30597,新材料,728.85,韭圈儿
2016-05-18,H30597,新材料,710.46,韭圈儿
2016-05-19,H30597,新材料,725.78,韭圈儿
2016-05-20,H30597,新材料,728.74,韭圈儿
2016-05-23,H30597,新材料,736.19,韭圈儿
2016-05-24,H30597,新材料,733.18,韭圈儿
2016-05-25,H30597,新材料,726.11,韭圈儿
2016-05-26,H30597,新材料,737.98,韭圈儿
2016-05-27,H30597,新材料,733.94,韭圈儿
2016-05-30,H30597,新材料,730.15,韭圈儿
2016-05-31,H30597,新材料,767.77,韭圈儿
2016-06-01,H30597,新材料,782.07,韭圈儿
2016-06-02,H30597,新材料,788.45,韭圈儿
2016-06-03,H30597,新材料,788.07,韭圈儿
2016-06-06,H30597,新材料,794.09,韭圈儿
2016-06-07,H30597,新材料,792.76,韭圈儿
2016-06-08,H30597,新材料,788.14,韭圈儿
2016-06-13,H30597,新材料,169.36,韭圈儿
2016-06-14,H30597,新材料,170.0,韭圈儿
2016-06-15,H30597,新材料,177.96,韭圈儿
2016-06-16,H30597,新材料,179.73,韭圈儿
2016-06-17,H30597,新材料,179.7,韭圈儿
2016-06-20,H30597,新材料,179.65,韭圈儿
2016-06-21,H30597,新材料,176.22,韭圈儿
2016-06-22,H30597,新材料,179.34,韭圈儿
2016-06-23,H30597,新材料,175.16,韭圈儿
2016-06-24,H30597,新材料,172.36,韭圈儿
2016-06-27,H30597,新材料,175.73,韭圈儿
2016-06-28,H30597,新材料,175.7,韭圈儿
2016-06-29,H30597,新材料,178.11,韭圈儿
2016-06-30,H30597,新材料,176.08,韭圈儿
2016-07-01,H30597,新材料,176.23,韭圈儿
2016-07-04,H30597,新材料,180.93,韭圈儿
2016-07-05,H30597,新材料,181.67,韭圈儿
2016-07-06,H30597,新材料,181.41,韭圈儿
2016-07-07,H30597,新材料,185.82,韭圈儿
2016-07-08,H30597,新材料,183.58,韭圈儿
2016-07-11,H30597,新材料,184.7,韭圈儿
2016-07-12,H30597,新材料,186.51,韭圈儿
2016-07-13,H30597,新材料,187.9,韭圈儿
2016-07-14,H30597,新材料,187.07,韭圈儿
2016-07-15,H30597,新材料,185.96,韭圈儿
2016-07-18,H30597,新材料,184.75,韭圈儿
2016-07-19,H30597,新材料,184.66,韭圈儿
2016-07-20,H30597,新材料,184.7,韭圈儿
2016-07-21,H30597,新材料,184.96,韭圈儿
2016-07-22,H30597,新材料,183.26,韭圈儿
2016-07-25,H30597,新材料,183.65,韭圈儿
2016-07-26,H30597,新材料,185.36,韭圈儿
2016-07-27,H30597,新材料,172.0,韭圈儿
2016-07-28,H30597,新材料,173.13,韭圈儿
2016-07-29,H30597,新材料,171.97,韭圈儿
2016-08-01,H30597,新材料,169.09,韭圈儿
2016-08-02,H30597,新材料,160.61,韭圈儿
2016-08-03,H30597,新材料,161.06,韭圈儿
2016-08-04,H30597,新材料,163.1,韭圈儿
2016-08-05,H30597,新材料,162.24,韭圈儿
2016-08-08,H30597,新材料,163.78,韭圈儿
2016-08-09,H30597,新材料,165.58,韭圈儿
2016-08-10,H30597,新材料,158.71,韭圈儿
2016-08-11,H30597,新材料,155.39,韭圈儿
2016-08-12,H30597,新材料,150.73,韭圈儿
2016-08-15,H30597,新材料,154.22,韭圈儿
2016-08-16,H30597,新材料,156.01,韭圈儿
2016-08-17,H30597,新材料,156.3,韭圈儿
2016-08-18,H30597,新材料,141.38,韭圈儿
2016-08-19,H30597,新材料,140.88,韭圈儿
2016-08-22,H30597,新材料,137.82,韭圈儿
2016-08-23,H30597,新材料,128.37,韭圈儿
2016-08-24,H30597,新材料,126.09,韭圈儿
2016-08-25,H30597,新材料,124.31,韭圈儿
2016-08-26,H30597,新材料,125.06,韭圈儿
2016-08-29,H30597,新材料,121.26,韭圈儿
2016-08-30,H30597,新材料,125.91,韭圈儿
2016-08-31,H30597,新材料,117.64,韭圈儿
2016-09-01,H30597,新材料,116.96,韭圈儿
2016-09-02,H30597,新材料,116.42,韭圈儿
2016-09-05,H30597,新材料,117.25,韭圈儿
2016-09-06,H30597,新材料,118.84,韭圈儿
2016-09-07,H30597,新材料,118.77,韭圈儿
2016-09-08,H30597,新材料,119.28,韭圈儿
2016-09-09,H30597,新材料,118.83,韭圈儿
2016-09-12,H30597,新材料,115.24,韭圈儿
2016-09-13,H30597,新材料,115.57,韭圈儿
2016-09-14,H30597,新材料,114.39,韭圈儿
2016-09-19,H30597,新材料,115.77,韭圈儿
2016-09-20,H30597,新材料,115.74,韭圈儿
2016-09-21,H30597,新材料,115.27,韭圈儿
2016-09-22,H30597,新材料,115.76,韭圈儿
2016-09-23,H30597,新材料,114.17,韭圈儿
2016-09-26,H30597,新材料,111.58,韭圈儿
2016-09-27,H30597,新材料,112.11,韭圈儿
2016-09-28,H30597,新材料,112.06,韭圈儿
2016-09-29,H30597,新材料,112.03,韭圈儿
2016-09-30,H30597,新材料,112.78,韭圈儿
2016-10-10,H30597,新材料,115.15,韭圈儿
2016-10-11,H30597,新材料,115.93,韭圈儿
2016-10-12,H30597,新材料,120.63,韭圈儿
2016-10-13,H30597,新材料,115.75,韭圈儿
2016-10-14,H30597,新材料,115.78,韭圈儿
2016-10-17,H30597,新材料,115.43,韭圈儿
2016-10-18,H30597,新材料,116.11,韭圈儿
2016-10-19,H30597,新材料,112.94,韭圈儿
2016-10-20,H30597,新材料,113.05,韭圈儿
2016-10-21,H30597,新材料,99.77,韭圈儿
2016-10-24,H30597,新材料,96.75,韭圈儿
2016-10-25,H30597,新材料,92.72,韭圈儿
2016-10-26,H30597,新材料,88.93,韭圈儿
2016-10-27,H30597,新材料,84.54,韭圈儿
2016-10-28,H30597,新材料,84.43,韭圈儿
2016-10-31,H30597,新材料,85.8,韭圈儿
2016-11-01,H30597,新材料,86.35,韭圈儿
2016-11-02,H30597,新材料,85.82,韭圈儿
2016-11-03,H30597,新材料,86.23,韭圈儿
2016-11-04,H30597,新材料,87.78,韭圈儿
2016-11-07,H30597,新材料,87.02,韭圈儿
2016-11-08,H30597,新材料,87.01,韭圈儿
2016-11-09,H30597,新材料,86.44,韭圈儿
2016-11-10,H30597,新材料,87.86,韭圈儿
2016-11-11,H30597,新材料,90.37,韭圈儿
2016-11-14,H30597,新材料,90.19,韭圈儿
2016-11-15,H30597,新材料,89.94,韭圈儿
2016-11-16,H30597,新材料,89.8,韭圈儿
2016-11-17,H30597,新材料,104.98,韭圈儿
2016-11-18,H30597,新材料,89.67,韭圈儿
2016-11-21,H30597,新材料,90.09,韭圈儿
2016-11-22,H30597,新材料,90.9,韭圈儿
2016-11-23,H30597,新材料,89.96,韭圈儿
2016-11-24,H30597,新材料,90.42,韭圈儿
2016-11-25,H30597,新材料,90.15,韭圈儿
2016-11-28,H30597,新材料,90.94,韭圈儿
2016-11-29,H30597,新材料,89.71,韭圈儿
2016-11-30,H30597,新材料,88.61,韭圈儿
2016-12-01,H30597,新材料,89.28,韭圈儿
2016-12-02,H30597,新材料,87.87,韭圈儿
2016-12-05,H30597,新材料,88.09,韭圈儿
2016-12-06,H30597,新材料,88.22,韭圈儿
2016-12-07,H30597,新材料,89.21,韭圈儿
2016-12-08,H30597,新材料,89.72,韭圈儿
2016-12-09,H30597,新材料,89.39,韭圈儿
2016-12-12,H30597,新材料,53.75,韭圈儿
2016-12-13,H30597,新材料,53.92,韭圈儿
2016-12-14,H30597,新材料,53.26,韭圈儿
2016-12-15,H30597,新材料,53.44,韭圈儿
2016-12-16,H30597,新材料,53.61,韭圈儿
2016-12-19,H30597,新材料,53.48,韭圈儿
2016-12-20,H30597,新材料,53.41,韭圈儿
2016-12-21,H30597,新材料,53.93,韭圈儿
2016-12-22,H30597,新材料,53.83,韭圈儿
2016-12-23,H30597,新材料,53.53,韭圈儿
2016-12-26,H30597,新材料,53.52,韭圈儿
2016-12-27,H30597,新材料,53.36,韭圈儿
2016-12-28,H30597,新材料,53.17,韭圈儿
2016-12-29,H30597,新材料,52.83,韭圈儿
2016-12-30,H30597,新材料,52.95,韭圈儿
2017-01-03,H30597,新材料,53.39,韭圈儿
2017-01-04,H30597,新材料,54.44,韭圈儿
2017-01-05,H30597,新材料,54.29,韭圈儿
2017-01-06,H30597,新材料,54.04,韭圈儿
2017-01-09,H30597,新材料,54.47,韭圈儿
2017-01-10,H30597,新材料,54.43,韭圈儿
2017-01-11,H30597,新材料,54.31,韭圈儿
2017-01-12,H30597,新材料,53.68,韭圈儿
2017-01-13,H30597,新材料,53.14,韭圈儿
2017-01-16,H30597,新材料,52.15,韭圈儿
2017-01-17,H30597,新材料,51.05,韭圈儿
2017-01-18,H30597,新材料,51.05,韭圈儿
2017-01-19,H30597,新材料,50.88,韭圈儿
2017-01-20,H30597,新材料,51.24,韭圈儿
2017-01-23,H30597,新材料,51.91,韭圈儿
2017-01-24,H30597,新材料,51.93,韭圈儿
2017-01-25,H30597,新材料,52.39,韭圈儿
2017-01-26,H30597,新材料,53.47,韭圈儿
2017-02-03,H30597,新材料,53.24,韭圈儿
2017-02-06,H30597,新材料,53.33,韭圈儿
2017-02-07,H30597,新材料,53.15,韭圈儿
2017-02-08,H30597,新材料,53.28,韭圈儿
2017-02-09,H30597,新材料,53.56,韭圈儿
2017-02-10,H30597,新材料,53.75,韭圈儿
2017-02-13,H30597,新材料,54.33,韭圈儿
2017-02-14,H30597,新材料,54.62,韭圈儿
2017-02-15,H30597,新材料,51.43,韭圈儿
2017-02-16,H30597,新材料,52.66,韭圈儿
2017-02-17,H30597,新材料,52.16,韭圈儿
2017-02-20,H30597,新材料,52.72,韭圈儿
2017-02-21,H30597,新材料,53.31,韭圈儿
2017-02-22,H30597,新材料,53.23,韭圈儿
2017-02-23,H30597,新材料,53.87,韭圈儿
2017-02-24,H30597,新材料,49.99,韭圈儿
2017-02-27,H30597,新材料,49.04,韭圈儿
2017-02-28,H30597,新材料,49.15,韭圈儿
2017-03-01,H30597,新材料,49.34,韭圈儿
2017-03-02,H30597,新材料,49.39,韭圈儿
2017-03-03,H30597,新材料,49.42,韭圈儿
2017-03-06,H30597,新材料,49.79,韭圈儿
2017-03-07,H30597,新材料,49.39,韭圈儿
2017-03-08,H30597,新材料,49.33,韭圈儿
2017-03-09,H30597,新材料,48.98,韭圈儿
2017-03-10,H30597,新材料,49.31,韭圈儿
2017-03-13,H30597,新材料,49.69,韭圈儿
2017-03-14,H30597,新材料,49.71,韭圈儿
2017-03-15,H30597,新材料,49.96,韭圈儿
2017-03-16,H30597,新材料,50.32,韭圈儿
2017-03-17,H30597,新材料,49.69,韭圈儿
2017-03-20,H30597,新材料,49.61,韭圈儿
2017-03-21,H30597,新材料,49.43,韭圈儿
2017-03-22,H30597,新材料,49.12,韭圈儿
2017-03-23,H30597,新材料,49.18,韭圈儿
2017-03-24,H30597,新材料,51.05,韭圈儿
2017-03-27,H30597,新材料,51.0,韭圈儿
2017-03-28,H30597,新材料,51.28,韭圈儿
2017-03-29,H30597,新材料,50.94,韭圈儿
2017-03-30,H30597,新材料,49.55,韭圈儿
2017-03-31,H30597,新材料,49.68,韭圈儿
2017-04-05,H30597,新材料,50.49,韭圈儿
2017-04-06,H30597,新材料,50.64,韭圈儿
2017-04-07,H30597,新材料,50.95,韭圈儿
2017-04-10,H30597,新材料,47.77,韭圈儿
2017-04-11,H30597,新材料,48.96,韭圈儿
2017-04-12,H30597,新材料,48.83,韭圈儿
2017-04-13,H30597,新材料,49.34,韭圈儿
2017-04-14,H30597,新材料,48.59,韭圈儿
2017-04-17,H30597,新材料,45.11,韭圈儿
2017-04-18,H30597,新材料,44.98,韭圈儿
2017-04-19,H30597,新材料,44.16,韭圈儿
2017-04-20,H30597,新材料,42.53,韭圈儿
2017-04-21,H30597,新材料,41.89,韭圈儿
2017-04-24,H30597,新材料,39.43,韭圈儿
2017-04-25,H30597,新材料,39.61,韭圈儿
2017-04-26,H30597,新材料,39.14,韭圈儿
2017-04-27,H30597,新材料,38.44,韭圈儿
2017-04-28,H30597,新材料,38.27,韭圈儿
2017-05-02,H30597,新材料,40.02,韭圈儿
2017-05-03,H30597,新材料,39.93,韭圈儿
2017-05-04,H30597,新材料,39.38,韭圈儿
2017-05-05,H30597,新材料,38.77,韭圈儿
2017-05-08,H30597,新材料,38.34,韭圈儿
2017-05-09,H30597,新材料,38.61,韭圈儿
2017-05-10,H30597,新材料,37.64,韭圈儿
2017-05-11,H30597,新材料,37.91,韭圈儿
2017-05-12,H30597,新材料,37.75,韭圈儿
2017-05-15,H30597,新材料,37.72,韭圈儿
2017-05-16,H30597,新材料,38.72,韭圈儿
2017-05-17,H30597,新材料,38.68,韭圈儿
2017-05-18,H30597,新材料,38.38,韭圈儿
2017-05-19,H30597,新材料,38.28,韭圈儿
2017-05-22,H30597,新材料,37.79,韭圈儿
2017-05-23,H30597,新材料,37.31,韭圈儿
2017-05-24,H30597,新材料,37.59,韭圈儿
2017-05-25,H30597,新材料,37.82,韭圈儿
2017-05-26,H30597,新材料,37.33,韭圈儿
2017-05-31,H30597,新材料,37.13,韭圈儿
2017-06-01,H30597,新材料,36.41,韭圈儿
2017-06-02,H30597,新材料,36.5,韭圈儿
2017-06-05,H30597,新材料,36.85,韭圈儿
2017-06-06,H30597,新材料,36.94,韭圈儿
2017-06-07,H30597,新材料,37.76,韭圈儿
2017-06-08,H30597,新材料,37.79,韭圈儿
2017-06-09,H30597,新材料,37.94,韭圈儿
2017-06-12,H30597,新材料,35.18,韭圈儿
2017-06-13,H30597,新材料,36.13,韭圈儿
2017-06-14,H30597,新材料,36.3,韭圈儿
2017-06-15,H30597,新材料,36.55,韭圈儿
2017-06-16,H30597,新材料,36.95,韭圈儿
2017-06-19,H30597,新材料,37.09,韭圈儿
2017-06-20,H30597,新材料,37.58,韭圈儿
2017-06-21,H30597,新材料,37.73,韭圈儿
2017-06-22,H30597,新材料,37.15,韭圈儿
2017-06-23,H30597,新材料,37.67,韭圈儿
2017-06-26,H30597,新材料,38.4,韭圈儿
2017-06-27,H30597,新材料,38.34,韭圈儿
2017-06-28,H30597,新材料,38.32,韭圈儿
2017-06-29,H30597,新材料,38.53,韭圈儿
2017-06-30,H30597,新材料,38.77,韭圈儿
2017-07-03,H30597,新材料,39.06,韭圈儿
2017-07-04,H30597,新材料,38.67,韭圈儿
2017-07-05,H30597,新材料,39.61,韭圈儿
2017-07-06,H30597,新材料,40.31,韭圈儿
2017-07-07,H30597,新材料,41.34,韭圈儿
2017-07-10,H30597,新材料,41.41,韭圈儿
2017-07-11,H30597,新材料,40.46,韭圈儿
2017-07-12,H30597,新材料,41.03,韭圈儿
2017-07-13,H30597,新材料,41.05,韭圈儿
2017-07-14,H30597,新材料,41.1,韭圈儿
2017-07-17,H30597,新材料,40.36,韭圈儿
2017-07-18,H30597,新材料,41.08,韭圈儿
2017-07-19,H30597,新材料,42.8,韭圈儿
2017-07-20,H30597,新材料,43.39,韭圈儿
2017-07-21,H30597,新材料,43.58,韭圈儿
2017-07-24,H30597,新材料,43.38,韭圈儿
2017-07-25,H30597,新材料,43.15,韭圈儿
2017-07-26,H30597,新材料,44.56,韭圈儿
2017-07-27,H30597,新材料,43.85,韭圈儿
2017-07-28,H30597,新材料,45.5,韭圈儿
2017-07-31,H30597,新材料,47.0,韭圈儿
2017-08-01,H30597,新材料,44.29,韭圈儿
2017-08-02,H30597,新材料,44.78,韭圈儿
2017-08-03,H30597,新材料,45.09,韭圈儿
2017-08-04,H30597,新材料,43.96,韭圈儿
2017-08-07,H30597,新材料,45.29,韭圈儿
2017-08-08,H30597,新材料,45.37,韭圈儿
2017-08-09,H30597,新材料,45.8,韭圈儿
2017-08-10,H30597,新材料,44.67,韭圈儿
2017-08-11,H30597,新材料,42.68,韭圈儿
2017-08-14,H30597,新材料,44.13,韭圈儿
2017-08-15,H30597,新材料,44.24,韭圈儿
2017-08-16,H30597,新材料,43.69,韭圈儿
2017-08-17,H30597,新材料,43.97,韭圈儿
2017-08-18,H30597,新材料,42.35,韭圈儿
2017-08-21,H30597,新材料,42.81,韭圈儿
2017-08-22,H30597,新材料,43.19,韭圈儿
2017-08-23,H30597,新材料,42.31,韭圈儿
2017-08-24,H30597,新材料,41.72,韭圈儿
2017-08-25,H30597,新材料,42.6,韭圈儿
2017-08-28,H30597,新材料,42.53,韭圈儿
2017-08-29,H30597,新材料,42.24,韭圈儿
2017-08-30,H30597,新材料,42.87,韭圈儿
2017-08-31,H30597,新材料,43.19,韭圈儿
2017-09-01,H30597,新材料,43.82,韭圈儿
2017-09-04,H30597,新材料,44.24,韭圈儿
2017-09-05,H30597,新材料,44.14,韭圈儿
2017-09-06,H30597,新材料,44.91,韭圈儿
2017-09-07,H30597,新材料,44.58,韭圈儿
2017-09-08,H30597,新材料,44.96,韭圈儿
2017-09-11,H30597,新材料,46.9,韭圈儿
2017-09-12,H30597,新材料,46.84,韭圈儿
2017-09-13,H30597,新材料,47.42,韭圈儿
2017-09-14,H30597,新材料,46.82,韭圈儿
2017-09-15,H30597,新材料,45.59,韭圈儿
2017-09-18,H30597,新材料,45.94,韭圈儿
2017-09-19,H30597,新材料,45.72,韭圈儿
2017-09-20,H30597,新材料,46.54,韭圈儿
2017-09-21,H30597,新材料,45.36,韭圈儿
2017-09-22,H30597,新材料,44.75,韭圈儿
2017-09-25,H30597,新材料,43.92,韭圈儿
2017-09-26,H30597,新材料,44.29,韭圈儿
2017-09-27,H30597,新材料,45.1,韭圈儿
2017-09-28,H30597,新材料,44.97,韭圈儿
2017-09-29,H30597,新材料,45.09,韭圈儿
2017-10-09,H30597,新材料,45.42,韭圈儿
2017-10-10,H30597,新材料,44.99,韭圈儿
2017-10-11,H30597,新材料,44.3,韭圈儿
2017-10-12,H30597,新材料,43.8,韭圈儿
2017-10-13,H30597,新材料,44.16,韭圈儿
2017-10-16,H30597,新材料,41.86,韭圈儿
2017-10-17,H30597,新材料,41.32,韭圈儿
2017-10-18,H30597,新材料,40.67,韭圈儿
2017-10-19,H30597,新材料,40.63,韭圈儿
2017-10-20,H30597,新材料,41.08,韭圈儿
2017-10-23,H30597,新材料,41.13,韭圈儿
2017-10-24,H30597,新材料,41.34,韭圈儿
2017-10-25,H30597,新材料,41.06,韭圈儿
2017-10-26,H30597,新材料,40.32,韭圈儿
2017-10-27,H30597,新材料,38.65,韭圈儿
2017-10-30,H30597,新材料,35.22,韭圈儿
2017-10-31,H30597,新材料,35.24,韭圈儿
2017-11-01,H30597,新材料,35.39,韭圈儿
2017-11-02,H30597,新材料,34.69,韭圈儿
2017-11-03,H30597,新材料,34.34,韭圈儿
2017-11-06,H30597,新材料,34.63,韭圈儿
2017-11-07,H30597,新材料,34.88,韭圈儿
2017-11-08,H30597,新材料,35.06,韭圈儿
2017-11-09,H30597,新材料,35.08,韭圈儿
2017-11-10,H30597,新材料,35.32,韭圈儿
2017-11-13,H30597,新材料,35.71,韭圈儿
2017-11-14,H30597,新材料,35.23,韭圈儿
2017-11-15,H30597,新材料,34.34,韭圈儿
2017-11-16,H30597,新材料,34.27,韭圈儿
2017-11-17,H30597,新材料,33.24,韭圈儿
2017-11-20,H30597,新材料,33.86,韭圈儿
2017-11-21,H30597,新材料,33.89,韭圈儿
2017-11-22,H30597,新材料,33.91,韭圈儿
2017-11-23,H30597,新材料,33.09,韭圈儿
2017-11-24,H30597,新材料,33.51,韭圈儿
2017-11-27,H30597,新材料,32.67,韭圈儿
2017-11-28,H30597,新材料,33.32,韭圈儿
2017-11-29,H30597,新材料,33.83,韭圈儿
2017-11-30,H30597,新材料,33.38,韭圈儿
2017-12-01,H30597,新材料,33.4,韭圈儿
2017-12-04,H30597,新材料,33.3,韭圈儿
2017-12-05,H30597,新材料,32.36,韭圈儿
2017-12-06,H30597,新材料,32.44,韭圈儿
2017-12-07,H30597,新材料,32.16,韭圈儿
2017-12-08,H30597,新材料,32.62,韭圈儿
2017-12-11,H30597,新材料,32.6,韭圈儿
2017-12-12,H30597,新材料,32.54,韭圈儿
2017-12-13,H30597,新材料,32.68,韭圈儿
2017-12-14,H30597,新材料,32.63,韭圈儿
2017-12-15,H30597,新材料,32.26,韭圈儿
2017-12-18,H30597,新材料,32.15,韭圈儿
2017-12-19,H30597,新材料,32.21,韭圈儿
2017-12-20,H30597,新材料,31.9,韭圈儿
2017-12-21,H30597,新材料,32.32,韭圈儿
2017-12-22,H30597,新材料,32.52,韭圈儿
2017-12-25,H30597,新材料,32.47,韭圈儿
2017-12-26,H30597,新材料,32.57,韭圈儿
2017-12-27,H30597,新材料,32.52,韭圈儿
2017-12-28,H30597,新材料,33.07,韭圈儿
2017-12-29,H30597,新材料,33.06,韭圈儿
2018-01-02,H30597,新材料,33.32,韭圈儿
2018-01-03,H30597,新材料,33.98,韭圈儿
2018-01-04,H30597,新材料,34.34,韭圈儿
2018-01-05,H30597,新材料,34.15,韭圈儿
2018-01-08,H30597,新材料,34.43,韭圈儿
2018-01-09,H30597,新材料,34.3,韭圈儿
2018-01-10,H30597,新材料,34.01,韭圈儿
2018-01-11,H30597,新材料,34.2,韭圈儿
2018-01-12,H30597,新材料,33.98,韭圈儿
2018-01-15,H30597,新材料,32.84,韭圈儿
2018-01-16,H30597,新材料,33.1,韭圈儿
2018-01-17,H30597,新材料,32.79,韭圈儿
2018-01-18,H30597,新材料,32.98,韭圈儿
2018-01-19,H30597,新材料,33.09,韭圈儿
2018-01-22,H30597,新材料,33.57,韭圈儿
2018-01-23,H30597,新材料,33.89,韭圈儿
2018-01-24,H30597,新材料,33.84,韭圈儿
2018-01-25,H30597,新材料,33.82,韭圈儿
2018-01-26,H30597,新材料,33.4,韭圈儿
2018-01-29,H30597,新材料,33.36,韭圈儿
2018-01-30,H30597,新材料,33.24,韭圈儿
2018-01-31,H30597,新材料,32.81,韭圈儿
2018-02-01,H30597,新材料,31.97,韭圈儿
2018-02-02,H30597,新材料,32.35,韭圈儿
2018-02-05,H30597,新材料,31.91,韭圈儿
2018-02-06,H30597,新材料,30.33,韭圈儿
2018-02-07,H30597,新材料,30.15,韭圈儿
2018-02-08,H30597,新材料,30.31,韭圈儿
2018-02-09,H30597,新材料,28.72,韭圈儿
2018-02-12,H30597,新材料,30.2,韭圈儿
2018-02-13,H30597,新材料,29.99,韭圈儿
2018-02-14,H30597,新材料,30.43,韭圈儿
2018-02-22,H30597,新材料,31.42,韭圈儿
2018-02-23,H30597,新材料,31.79,韭圈儿
2018-02-26,H30597,新材料,32.36,韭圈儿
2018-02-27,H30597,新材料,32.18,韭圈儿
2018-02-28,H30597,新材料,31.72,韭圈儿
2018-03-01,H30597,新材料,31.78,韭圈儿
2018-03-02,H30597,新材料,31.59,韭圈儿
2018-03-05,H30597,新材料,31.8,韭圈儿
2018-03-06,H30597,新材料,32.15,韭圈儿
2018-03-07,H30597,新材料,31.86,韭圈儿
2018-03-08,H30597,新材料,31.67,韭圈儿
2018-03-09,H30597,新材料,31.89,韭圈儿
2018-03-12,H30597,新材料,32.84,韭圈儿
2018-03-13,H30597,新材料,31.44,韭圈儿
2018-03-14,H30597,新材料,31.39,韭圈儿
2018-03-15,H30597,新材料,31.6,韭圈儿
2018-03-16,H30597,新材料,31.13,韭圈儿
2018-03-19,H30597,新材料,31.17,韭圈儿
2018-03-20,H30597,新材料,30.69,韭圈儿
2018-03-21,H30597,新材料,30.34,韭圈儿
2018-03-22,H30597,新材料,30.36,韭圈儿
2018-03-23,H30597,新材料,28.69,韭圈儿
2018-03-26,H30597,新材料,29.47,韭圈儿
2018-03-27,H30597,新材料,29.92,韭圈儿
2018-03-28,H30597,新材料,29.33,韭圈儿
2018-03-29,H30597,新材料,29.17,韭圈儿
2018-03-30,H30597,新材料,28.98,韭圈儿
2018-04-02,H30597,新材料,28.66,韭圈儿
2018-04-03,H30597,新材料,28.22,韭圈儿
2018-04-04,H30597,新材料,27.81,韭圈儿
2018-04-09,H30597,新材料,28.01,韭圈儿
2018-04-10,H30597,新材料,28.59,韭圈儿
2018-04-11,H30597,新材料,28.64,韭圈儿
2018-04-12,H30597,新材料,28.15,韭圈儿
2018-04-13,H30597,新材料,28.08,韭圈儿
2018-04-16,H30597,新材料,27.75,韭圈儿
2018-04-17,H30597,新材料,26.96,韭圈儿
2018-04-18,H30597,新材料,27.29,韭圈儿
2018-04-19,H30597,新材料,27.88,韭圈儿
2018-04-20,H30597,新材料,27.29,韭圈儿
2018-04-23,H30597,新材料,27.12,韭圈儿
2018-04-24,H30597,新材料,27.47,韭圈儿
2018-04-25,H30597,新材料,27.13,韭圈儿
2018-04-26,H30597,新材料,25.57,韭圈儿
2018-04-27,H30597,新材料,25.22,韭圈儿
2018-05-02,H30597,新材料,23.28,韭圈儿
2018-05-03,H30597,新材料,23.39,韭圈儿
2018-05-04,H30597,新材料,23.3,韭圈儿
2018-05-07,H30597,新材料,23.82,韭圈儿
2018-05-08,H30597,新材料,23.95,韭圈儿
2018-05-09,H30597,新材料,23.92,韭圈儿
2018-05-10,H30597,新材料,23.95,韭圈儿
2018-05-11,H30597,新材料,24.2,韭圈儿
2018-05-14,H30597,新材料,24.35,韭圈儿
2018-05-15,H30597,新材料,24.52,韭圈儿
2018-05-16,H30597,新材料,24.33,韭圈儿
2018-05-17,H30597,新材料,24.15,韭圈儿
2018-05-18,H30597,新材料,24.25,韭圈儿
2018-05-21,H30597,新材料,24.53,韭圈儿
2018-05-22,H30597,新材料,24.44,韭圈儿
2018-05-23,H30597,新材料,23.91,韭圈儿
2018-05-24,H30597,新材料,23.77,韭圈儿
2018-05-25,H30597,新材料,23.27,韭圈儿
2018-05-28,H30597,新材料,23.13,韭圈儿
2018-05-29,H30597,新材料,22.93,韭圈儿
2018-05-30,H30597,新材料,22.25,韭圈儿
2018-05-31,H30597,新材料,22.39,韭圈儿
2018-06-01,H30597,新材料,22.18,韭圈儿
2018-06-04,H30597,新材料,22.02,韭圈儿
2018-06-05,H30597,新材料,22.35,韭圈儿
2018-06-06,H30597,新材料,22.42,韭圈儿
2018-06-07,H30597,新材料,22.54,韭圈儿
2018-06-08,H30597,新材料,22.16,韭圈儿
2018-06-11,H30597,新材料,22.33,韭圈儿
2018-06-12,H30597,新材料,22.45,韭圈儿
2018-06-13,H30597,新材料,22.11,韭圈儿
2018-06-14,H30597,新材料,22.06,韭圈儿
2018-06-15,H30597,新材料,21.74,韭圈儿
2018-06-19,H30597,新材料,20.48,韭圈儿
2018-06-20,H30597,新材料,20.54,韭圈儿
2018-06-21,H30597,新材料,20.18,韭圈儿
2018-06-22,H30597,新材料,20.54,韭圈儿
2018-06-25,H30597,新材料,20.34,韭圈儿
2018-06-26,H30597,新材料,20.45,韭圈儿
2018-06-27,H30597,新材料,20.29,韭圈儿
2018-06-28,H30597,新材料,19.99,韭圈儿
2018-06-29,H30597,新材料,20.55,韭圈儿
2018-07-02,H30597,新材料,20.15,韭圈儿
2018-07-03,H30597,新材料,20.23,韭圈儿
2018-07-04,H30597,新材料,19.86,韭圈儿
2018-07-05,H30597,新材料,19.24,韭圈儿
2018-07-06,H30597,新材料,19.32,韭圈儿
2018-07-09,H30597,新材料,19.88,韭圈儿
2018-07-10,H30597,新材料,20.25,韭圈儿
2018-07-11,H30597,新材料,20.09,韭圈儿
2018-07-12,H30597,新材料,20.49,韭圈儿
2018-07-13,H30597,新材料,20.87,韭圈儿
2018-07-16,H30597,新材料,20.68,韭圈儿
2018-07-17,H30597,新材料,20.72,韭圈儿
2018-07-18,H30597,新材料,20.52,韭圈儿
2018-07-19,H30597,新材料,20.26,韭圈儿
2018-07-20,H30597,新材料,20.45,韭圈儿
2018-07-23,H30597,新材料,20.86,韭圈儿
2018-07-24,H30597,新材料,21.19,韭圈儿
2018-07-25,H30597,新材料,20.91,韭圈儿
2018-07-26,H30597,新材料,20.73,韭圈儿
2018-07-27,H30597,新材料,20.5,韭圈儿
2018-07-30,H30597,新材料,20.54,韭圈儿
2018-07-31,H30597,新材料,20.14,韭圈儿
2018-08-01,H30597,新材料,19.89,韭圈儿
2018-08-02,H30597,新材料,19.49,韭圈儿
2018-08-03,H30597,新材料,19.09,韭圈儿
2018-08-06,H30597,新材料,18.35,韭圈儿
2018-08-07,H30597,新材料,18.71,韭圈儿
2018-08-08,H30597,新材料,18.39,韭圈儿
2018-08-09,H30597,新材料,18.83,韭圈儿
2018-08-10,H30597,新材料,18.87,韭圈儿
2018-08-13,H30597,新材料,18.93,韭圈儿
2018-08-14,H30597,新材料,18.84,韭圈儿
2018-08-15,H30597,新材料,18.4,韭圈儿
2018-08-16,H30597,新材料,18.05,韭圈儿
2018-08-17,H30597,新材料,17.66,韭圈儿
2018-08-20,H30597,新材料,17.73,韭圈儿
2018-08-21,H30597,新材料,17.95,韭圈儿
2018-08-22,H30597,新材料,17.78,韭圈儿
2018-08-23,H30597,新材料,17.82,韭圈儿
2018-08-24,H30597,新材料,17.45,韭圈儿
2018-08-27,H30597,新材料,18.13,韭圈儿
2018-08-28,H30597,新材料,17.91,韭圈儿
2018-08-29,H30597,新材料,17.73,韭圈儿
2018-08-30,H30597,新材料,17.53,韭圈儿
2018-08-31,H30597,新材料,17.37,韭圈儿
2018-09-03,H30597,新材料,17.4,韭圈儿
2018-09-04,H30597,新材料,17.43,韭圈儿
2018-09-05,H30597,新材料,17.1,韭圈儿
2018-09-06,H30597,新材料,16.89,韭圈儿
2018-09-07,H30597,新材料,16.92,韭圈儿
2018-09-10,H30597,新材料,16.46,韭圈儿
2018-09-11,H30597,新材料,16.35,韭圈儿
2018-09-12,H30597,新材料,16.45,韭圈儿
2018-09-13,H30597,新材料,16.62,韭圈儿
2018-09-14,H30597,新材料,16.63,韭圈儿
2018-09-17,H30597,新材料,16.25,韭圈儿
2018-09-18,H30597,新材料,16.64,韭圈儿
2018-09-19,H30597,新材料,16.77,韭圈儿
2018-09-20,H30597,新材料,16.88,韭圈儿
2018-09-21,H30597,新材料,17.25,韭圈儿
2018-09-25,H30597,新材料,17.2,韭圈儿
2018-09-26,H30597,新材料,17.36,韭圈儿
2018-09-27,H30597,新材料,17.2,韭圈儿
2018-09-28,H30597,新材料,17.31,韭圈儿
2018-10-08,H30597,新材料,16.73,韭圈儿
2018-10-09,H30597,新材料,16.72,韭圈儿
2018-10-10,H30597,新材料,16.54,韭圈儿
2018-10-11,H30597,新材料,15.44,韭圈儿
2018-10-12,H30597,新材料,15.41,韭圈儿
2018-10-15,H30597,新材料,15.12,韭圈儿
2018-10-16,H30597,新材料,14.74,韭圈儿
2018-10-17,H30597,新材料,14.75,韭圈儿
2018-10-18,H30597,新材料,14.37,韭圈儿
2018-10-19,H30597,新材料,14.64,韭圈儿
2018-10-22,H30597,新材料,15.37,韭圈儿
2018-10-23,H30597,新材料,14.9,韭圈儿
2018-10-24,H30597,新材料,15.02,韭圈儿
2018-10-25,H30597,新材料,14.87,韭圈儿
2018-10-26,H30597,新材料,15.15,韭圈儿
2018-10-29,H30597,新材料,15.01,韭圈儿
2018-10-30,H30597,新材料,15.08,韭圈儿
2018-10-31,H30597,新材料,15.88,韭圈儿
2018-11-01,H30597,新材料,16.01,韭圈儿
2018-11-02,H30597,新材料,16.69,韭圈儿
2018-11-05,H30597,新材料,16.77,韭圈儿
2018-11-06,H30597,新材料,16.57,韭圈儿
2018-11-07,H30597,新材料,16.53,韭圈儿
2018-11-08,H30597,新材料,16.32,韭圈儿
2018-11-09,H30597,新材料,16.19,韭圈儿
2018-11-12,H30597,新材料,16.54,韭圈儿
2018-11-13,H30597,新材料,16.71,韭圈儿
2018-11-14,H30597,新材料,16.65,韭圈儿
2018-11-15,H30597,新材料,16.75,韭圈儿
2018-11-16,H30597,新材料,16.83,韭圈儿
2018-11-19,H30597,新材料,16.88,韭圈儿
2018-11-20,H30597,新材料,16.5,韭圈儿
2018-11-21,H30597,新材料,16.47,韭圈儿
2018-11-22,H30597,新材料,16.39,韭圈儿
2018-11-23,H30597,新材料,15.61,韭圈儿
2018-11-26,H30597,新材料,15.46,韭圈儿
2018-11-27,H30597,新材料,15.55,韭圈儿
2018-11-28,H30597,新材料,15.83,韭圈儿
2018-11-29,H30597,新材料,15.54,韭圈儿
2018-11-30,H30597,新材料,15.8,韭圈儿
2018-12-03,H30597,新材料,16.33,韭圈儿
2018-12-04,H30597,新材料,16.42,韭圈儿
2018-12-05,H30597,新材料,16.64,韭圈儿
2018-12-06,H30597,新材料,16.39,韭圈儿
2018-12-07,H30597,新材料,16.4,韭圈儿
2018-12-10,H30597,新材料,16.16,韭圈儿
2018-12-11,H30597,新材料,16.26,韭圈儿
2018-12-12,H30597,新材料,16.28,韭圈儿
2018-12-13,H30597,新材料,16.44,韭圈儿
2018-12-14,H30597,新材料,16.03,韭圈儿
2018-12-17,H30597,新材料,15.89,韭圈儿
2018-12-18,H30597,新材料,15.9,韭圈儿
2018-12-19,H30597,新材料,15.61,韭圈儿
2018-12-20,H30597,新材料,15.62,韭圈儿
2018-12-21,H30597,新材料,15.35,韭圈儿
2018-12-24,H30597,新材料,15.42,韭圈儿
2018-12-25,H30597,新材料,15.17,韭圈儿
2018-12-26,H30597,新材料,15.02,韭圈儿
2018-12-27,H30597,新材料,14.84,韭圈儿
2018-12-28,H30597,新材料,14.85,韭圈儿
2019-01-02,H30597,新材料,14.76,韭圈儿
2019-01-03,H30597,新材料,14.74,韭圈儿
2019-01-04,H30597,新材料,15.11,韭圈儿
2019-01-07,H30597,新材料,15.4,韭圈儿
2019-01-08,H30597,新材料,15.34,韭圈儿
2019-01-09,H30597,新材料,15.49,韭圈儿
2019-01-10,H30597,新材料,15.5,韭圈儿
2019-01-11,H30597,新材料,15.57,韭圈儿
2019-01-14,H30597,新材料,15.54,韭圈儿
2019-01-15,H30597,新材料,15.74,韭圈儿
2019-01-16,H30597,新材料,15.61,韭圈儿
2019-01-17,H30597,新材料,15.47,韭圈儿
2019-01-18,H30597,新材料,15.8,韭圈儿
2019-01-21,H30597,新材料,15.91,韭圈儿
2019-01-22,H30597,新材料,15.65,韭圈儿
2019-01-23,H30597,新材料,15.69,韭圈儿
2019-01-24,H30597,新材料,15.67,韭圈儿
2019-01-25,H30597,新材料,15.71,韭圈儿
2019-01-28,H30597,新材料,15.58,韭圈儿
2019-01-29,H30597,新材料,15.39,韭圈儿
2019-01-30,H30597,新材料,15.33,韭圈儿
2019-01-31,H30597,新材料,15.13,韭圈儿
2019-02-01,H30597,新材料,15.56,韭圈儿
2019-02-11,H30597,新材料,16.07,韭圈儿
2019-02-12,H30597,新材料,15.46,韭圈儿
2019-02-13,H30597,新材料,16.96,韭圈儿
2019-02-14,H30597,新材料,17.09,韭圈儿
2019-02-15,H30597,新材料,16.96,韭圈儿
2019-02-18,H30597,新材料,17.99,韭圈儿
2019-02-19,H30597,新材料,17.95,韭圈儿
2019-02-20,H30597,新材料,18.11,韭圈儿
2019-02-21,H30597,新材料,18.02,韭圈儿
2019-02-22,H30597,新材料,18.48,韭圈儿
2019-02-25,H30597,新材料,19.65,韭圈儿
2019-02-26,H30597,新材料,19.92,韭圈儿
2019-02-27,H30597,新材料,20.75,韭圈儿
2019-02-28,H30597,新材料,22.56,韭圈儿
2019-03-01,H30597,新材料,23.65,韭圈儿
2019-03-04,H30597,新材料,24.02,韭圈儿
2019-03-05,H30597,新材料,24.51,韭圈儿
2019-03-06,H30597,新材料,25.05,韭圈儿
2019-03-07,H30597,新材料,25.37,韭圈儿
2019-03-08,H30597,新材料,23.88,韭圈儿
2019-03-11,H30597,新材料,24.64,韭圈儿
2019-03-12,H30597,新材料,24.86,韭圈儿
2019-03-13,H30597,新材料,24.52,韭圈儿
2019-03-14,H30597,新材料,24.25,韭圈儿
2019-03-15,H30597,新材料,24.59,韭圈儿
2019-03-18,H30597,新材料,25.26,韭圈儿
2019-03-19,H30597,新材料,25.19,韭圈儿
2019-03-20,H30597,新材料,25.01,韭圈儿
2019-03-21,H30597,新材料,25.15,韭圈儿
2019-03-22,H30597,新材料,24.98,韭圈儿
2019-03-25,H30597,新材料,24.52,韭圈儿
2019-03-26,H30597,新材料,24.93,韭圈儿
2019-03-27,H30597,新材料,25.0,韭圈儿
2019-03-28,H30597,新材料,24.78,韭圈儿
2019-03-29,H30597,新材料,26.05,韭圈儿
2019-04-01,H30597,新材料,28.01,韭圈儿
2019-04-02,H30597,新材料,28.47,韭圈儿
2019-04-03,H30597,新材料,28.37,韭圈儿
2019-04-04,H30597,新材料,28.78,韭圈儿
2019-04-08,H30597,新材料,29.21,韭圈儿
2019-04-09,H30597,新材料,29.18,韭圈儿
2019-04-10,H30597,新材料,28.87,韭圈儿
2019-04-11,H30597,新材料,28.4,韭圈儿
2019-04-12,H30597,新材料,28.12,韭圈儿
2019-04-15,H30597,新材料,28.01,韭圈儿
2019-04-16,H30597,新材料,28.81,韭圈儿
2019-04-17,H30597,新材料,29.24,韭圈儿
2019-04-18,H30597,新材料,29.05,韭圈儿
2019-04-19,H30597,新材料,29.63,韭圈儿
2019-04-22,H30597,新材料,28.8,韭圈儿
2019-04-23,H30597,新材料,28.56,韭圈儿
2019-04-24,H30597,新材料,28.85,韭圈儿
2019-04-25,H30597,新材料,28.59,韭圈儿
2019-04-26,H30597,新材料,30.81,韭圈儿
2019-04-29,H30597,新材料,31.89,韭圈儿
2019-04-30,H30597,新材料,35.04,韭圈儿
2019-05-06,H30597,新材料,32.63,韭圈儿
2019-05-07,H30597,新材料,33.08,韭圈儿
2019-05-08,H30597,新材料,32.69,韭圈儿
2019-05-09,H30597,新材料,32.3,韭圈儿
2019-05-10,H30597,新材料,33.36,韭圈儿
2019-05-13,H30597,新材料,32.74,韭圈儿
2019-05-14,H30597,新材料,32.55,韭圈儿
2019-05-15,H30597,新材料,33.27,韭圈儿
2019-05-16,H30597,新材料,34.03,韭圈儿
2019-05-17,H30597,新材料,32.74,韭圈儿
2019-05-20,H30597,新材料,32.75,韭圈儿
2019-05-21,H30597,新材料,33.9,韭圈儿
2019-05-22,H30597,新材料,33.55,韭圈儿
2019-05-23,H30597,新材料,32.93,韭圈儿
2019-05-24,H30597,新材料,32.42,韭圈儿
2019-05-27,H30597,新材料,33.11,韭圈儿
2019-05-28,H30597,新材料,33.12,韭圈儿
2019-05-29,H30597,新材料,33.5,韭圈儿
2019-05-30,H30597,新材料,33.39,韭圈儿
2019-05-31,H30597,新材料,33.41,韭圈儿
2019-06-03,H30597,新材料,32.76,韭圈儿
2019-06-04,H30597,新材料,32.25,韭圈儿
2019-06-05,H30597,新材料,32.22,韭圈儿
2019-06-06,H30597,新材料,31.76,韭圈儿
2019-06-10,H30597,新材料,32.24,韭圈儿
2019-06-11,H30597,新材料,33.48,韭圈儿
2019-06-12,H30597,新材料,33.39,韭圈儿
2019-06-13,H30597,新材料,33.38,韭圈儿
2019-06-14,H30597,新材料,32.71,韭圈儿
2019-06-17,H30597,新材料,25.74,韭圈儿
2019-06-18,H30597,新材料,25.52,韭圈儿
2019-06-19,H30597,新材料,25.83,韭圈儿
2019-06-20,H30597,新材料,26.27,韭圈儿
2019-06-21,H30597,新材料,26.58,韭圈儿
2019-06-24,H30597,新材料,26.88,韭圈儿
2019-06-25,H30597,新材料,26.5,韭圈儿
2019-06-26,H30597,新材料,26.29,韭圈儿
2019-06-27,H30597,新材料,26.45,韭圈儿
2019-06-28,H30597,新材料,26.2,韭圈儿
2019-07-01,H30597,新材料,26.76,韭圈儿
2019-07-02,H30597,新材料,26.76,韭圈儿
2019-07-03,H30597,新材料,26.44,韭圈儿
2019-07-04,H30597,新材料,26.38,韭圈儿
2019-07-05,H30597,新材料,26.41,韭圈儿
2019-07-08,H30597,新材料,25.49,韭圈儿
2019-07-09,H30597,新材料,25.55,韭圈儿
2019-07-10,H30597,新材料,25.29,韭圈儿
2019-07-11,H30597,新材料,25.22,韭圈儿
2019-07-12,H30597,新材料,25.5,韭圈儿
2019-07-15,H30597,新材料,25.71,韭圈儿
2019-07-16,H30597,新材料,25.86,韭圈儿
2019-07-17,H30597,新材料,25.9,韭圈儿
2019-07-18,H30597,新材料,25.72,韭圈儿
2019-07-19,H30597,新材料,25.86,韭圈儿
2019-07-22,H30597,新材料,25.18,韭圈儿
2019-07-23,H30597,新材料,25.46,韭圈儿
2019-07-24,H30597,新材料,25.75,韭圈儿
2019-07-25,H30597,新材料,25.72,韭圈儿
2019-07-26,H30597,新材料,25.81,韭圈儿
2019-07-29,H30597,新材料,25.83,韭圈儿
2019-07-30,H30597,新材料,25.87,韭圈儿
2019-07-31,H30597,新材料,25.88,韭圈儿
2019-08-01,H30597,新材料,25.89,韭圈儿
2019-08-02,H30597,新材料,26.13,韭圈儿
2019-08-05,H30597,新材料,25.69,韭圈儿
2019-08-06,H30597,新材料,25.03,韭圈儿
2019-08-07,H30597,新材料,25.41,韭圈儿
2019-08-08,H30597,新材料,25.53,韭圈儿
2019-08-09,H30597,新材料,25.22,韭圈儿
2019-08-12,H30597,新材料,25.66,韭圈儿
2019-08-13,H30597,新材料,25.44,韭圈儿
2019-08-14,H30597,新材料,25.63,韭圈儿
2019-08-15,H30597,新材料,25.65,韭圈儿
2019-08-16,H30597,新材料,25.82,韭圈儿
2019-08-19,H30597,新材料,26.33,韭圈儿
2019-08-20,H30597,新材料,26.88,韭圈儿
2019-08-21,H30597,新材料,27.38,韭圈儿
2019-08-22,H30597,新材料,27.89,韭圈儿
2019-08-23,H30597,新材料,27.89,韭圈儿
2019-08-26,H30597,新材料,26.62,韭圈儿
2019-08-27,H30597,新材料,26.95,韭圈儿
2019-08-28,H30597,新材料,28.11,韭圈儿
2019-08-29,H30597,新材料,27.97,韭圈儿
2019-08-30,H30597,新材料,28.07,韭圈儿
2019-09-02,H30597,新材料,28.89,韭圈儿
2019-09-03,H30597,新材料,29.14,韭圈儿
2019-09-04,H30597,新材料,29.61,韭圈儿
2019-09-05,H30597,新材料,30.09,韭圈儿
2019-09-06,H30597,新材料,29.95,韭圈儿
2019-09-09,H30597,新材料,30.46,韭圈儿
2019-09-10,H30597,新材料,30.42,韭圈儿
2019-09-11,H30597,新材料,30.19,韭圈儿
2019-09-12,H30597,新材料,30.36,韭圈儿
2019-09-16,H30597,新材料,30.57,韭圈儿
2019-09-17,H30597,新材料,29.85,韭圈儿
2019-09-18,H30597,新材料,29.86,韭圈儿
2019-09-19,H30597,新材料,30.26,韭圈儿
2019-09-20,H30597,新材料,30.18,韭圈儿
2019-09-23,H30597,新材料,29.95,韭圈儿
2019-09-24,H30597,新材料,30.13,韭圈儿
2019-09-25,H30597,新材料,29.8,韭圈儿
2019-09-26,H30597,新材料,29.03,韭圈儿
2019-09-27,H30597,新材料,29.19,韭圈儿
2019-09-30,H30597,新材料,28.82,韭圈儿
2019-10-08,H30597,新材料,28.76,韭圈儿
2019-10-09,H30597,新材料,28.87,韭圈儿
2019-10-10,H30597,新材料,29.28,韭圈儿
2019-10-11,H30597,新材料,29.14,韭圈儿
2019-10-14,H30597,新材料,29.35,韭圈儿
2019-10-15,H30597,新材料,28.69,韭圈儿
2019-10-16,H30597,新材料,28.35,韭圈儿
2019-10-17,H30597,新材料,28.26,韭圈儿
2019-10-18,H30597,新材料,27.82,韭圈儿
2019-10-21,H30597,新材料,27.83,韭圈儿
2019-10-22,H30597,新材料,27.86,韭圈儿
2019-10-23,H30597,新材料,28.0,韭圈儿
2019-10-24,H30597,新材料,28.55,韭圈儿
2019-10-25,H30597,新材料,28.61,韭圈儿
2019-10-28,H30597,新材料,29.48,韭圈儿
2019-10-29,H30597,新材料,28.9,韭圈儿
2019-10-30,H30597,新材料,30.54,韭圈儿
2019-10-31,H30597,新材料,30.75,韭圈儿
2019-11-01,H30597,新材料,31.05,韭圈儿
2019-11-04,H30597,新材料,31.38,韭圈儿
2019-11-05,H30597,新材料,31.69,韭圈儿
2019-11-06,H30597,新材料,31.69,韭圈儿
2019-11-07,H30597,新材料,31.72,韭圈儿
2019-11-08,H30597,新材料,31.71,韭圈儿
2019-11-11,H30597,新材料,31.1,韭圈儿
2019-11-12,H30597,新材料,30.9,韭圈儿
2019-11-13,H30597,新材料,31.0,韭圈儿
2019-11-14,H30597,新材料,31.12,韭圈儿
2019-11-15,H30597,新材料,30.7,韭圈儿
2019-11-18,H30597,新材料,30.97,韭圈儿
2019-11-19,H30597,新材料,31.62,韭圈儿
2019-11-20,H30597,新材料,31.56,韭圈儿
2019-11-21,H30597,新材料,31.59,韭圈儿
2019-11-22,H30597,新材料,31.5,韭圈儿
2019-11-25,H30597,新材料,31.8,韭圈儿
2019-11-26,H30597,新材料,31.83,韭圈儿
2019-11-27,H30597,新材料,32.08,韭圈儿
2019-11-28,H30597,新材料,31.96,韭圈儿
2019-11-29,H30597,新材料,31.86,韭圈儿
2019-12-02,H30597,新材料,31.93,韭圈儿
2019-12-03,H30597,新材料,32.05,韭圈儿
2019-12-04,H30597,新材料,32.37,韭圈儿
2019-12-05,H30597,新材料,32.8,韭圈儿
2019-12-06,H30597,新材料,33.13,韭圈儿
2019-12-09,H30597,新材料,33.05,韭圈儿
2019-12-10,H30597,新材料,33.36,韭圈儿
2019-12-11,H30597,新材料,32.96,韭圈儿
2019-12-12,H30597,新材料,33.04,韭圈儿
2019-12-13,H30597,新材料,33.35,韭圈儿
2019-12-16,H30597,新材料,31.96,韭圈儿
2019-12-17,H30597,新材料,32.47,韭圈儿
2019-12-18,H30597,新材料,32.43,韭圈儿
2019-12-19,H30597,新材料,32.31,韭圈儿
2019-12-20,H30597,新材料,32.04,韭圈儿
2019-12-23,H30597,新材料,31.7,韭圈儿
2019-12-24,H30597,新材料,32.64,韭圈儿
2019-12-25,H30597,新材料,32.96,韭圈儿
2019-12-26,H30597,新材料,32.95,韭圈儿
2019-12-27,H30597,新材料,33.35,韭圈儿
2019-12-30,H30597,新材料,33.76,韭圈儿
2019-12-31,H30597,新材料,33.77,韭圈儿
2020-01-02,H30597,新材料,34.67,韭圈儿
2020-01-03,H30597,新材料,35.04,韭圈儿
2020-01-06,H30597,新材料,35.5,韭圈儿
2020-01-07,H30597,新材料,35.64,韭圈儿
2020-01-08,H30597,新材料,35.48,韭圈儿
2020-01-09,H30597,新材料,35.76,韭圈儿
2020-01-10,H30597,新材料,35.49,韭圈儿
2020-01-13,H30597,新材料,35.98,韭圈儿
2020-01-14,H30597,新材料,36.54,韭圈儿
2020-01-15,H30597,新材料,36.08,韭圈儿
2020-01-16,H30597,新材料,36.17,韭圈儿
2020-01-17,H30597,新材料,36.02,韭圈儿
2020-01-20,H30597,新材料,36.46,韭圈儿
2020-01-21,H30597,新材料,35.8,韭圈儿
2020-01-22,H30597,新材料,36.39,韭圈儿
2020-01-23,H30597,新材料,35.17,韭圈儿
2020-02-03,H30597,新材料,32.04,韭圈儿
2020-02-04,H30597,新材料,32.83,韭圈儿
2020-02-05,H30597,新材料,33.51,韭圈儿
2020-02-06,H30597,新材料,34.07,韭圈儿
2020-02-07,H30597,新材料,34.16,韭圈儿
2020-02-10,H30597,新材料,35.0,韭圈儿
2020-02-11,H30597,新材料,35.3,韭圈儿
2020-02-12,H30597,新材料,36.66,韭圈儿
2020-02-13,H30597,新材料,36.68,韭圈儿
2020-02-14,H30597,新材料,36.8,韭圈儿
2020-02-17,H30597,新材料,37.88,韭圈儿
2020-02-18,H30597,新材料,38.16,韭圈儿
2020-02-19,H30597,新材料,37.39,韭圈儿
2020-02-20,H30597,新材料,37.87,韭圈儿
2020-02-21,H30597,新材料,38.07,韭圈儿
2020-02-24,H30597,新材料,38.05,韭圈儿
2020-02-25,H30597,新材料,38.29,韭圈儿
2020-02-26,H30597,新材料,36.92,韭圈儿
2020-02-27,H30597,新材料,36.96,韭圈儿
2020-02-28,H30597,新材料,34.83,韭圈儿
2020-03-02,H30597,新材料,38.81,韭圈儿
2020-03-03,H30597,新材料,38.95,韭圈儿
2020-03-04,H30597,新材料,38.88,韭圈儿
2020-03-05,H30597,新材料,39.64,韭圈儿
2020-03-06,H30597,新材料,39.34,韭圈儿
2020-03-09,H30597,新材料,37.22,韭圈儿
2020-03-10,H30597,新材料,37.98,韭圈儿
2020-03-11,H30597,新材料,37.23,韭圈儿
2020-03-12,H30597,新材料,36.21,韭圈儿
2020-03-13,H30597,新材料,35.75,韭圈儿
2020-03-16,H30597,新材料,33.74,韭圈儿
2020-03-17,H30597,新材料,33.6,韭圈儿
2020-03-18,H30597,新材料,33.12,韭圈儿
2020-03-19,H30597,新材料,33.14,韭圈儿
2020-03-20,H30597,新材料,33.23,韭圈儿
2020-03-23,H30597,新材料,31.16,韭圈儿
2020-03-24,H30597,新材料,30.13,韭圈儿
2020-03-25,H30597,新材料,31.11,韭圈儿
2020-03-26,H30597,新材料,30.55,韭圈儿
2020-03-27,H30597,新材料,29.78,韭圈儿
2020-03-30,H30597,新材料,28.59,韭圈儿
2020-03-31,H30597,新材料,28.33,韭圈儿
2020-04-01,H30597,新材料,28.71,韭圈儿
2020-04-02,H30597,新材料,29.48,韭圈儿
2020-04-03,H30597,新材料,29.03,韭圈儿
2020-04-07,H30597,新材料,29.73,韭圈儿
2020-04-08,H30597,新材料,29.79,韭圈儿
2020-04-09,H30597,新材料,29.68,韭圈儿
2020-04-10,H30597,新材料,29.05,韭圈儿
2020-04-13,H30597,新材料,28.45,韭圈儿
2020-04-14,H30597,新材料,29.57,韭圈儿
2020-04-15,H30597,新材料,30.61,韭圈儿
2020-04-16,H30597,新材料,30.55,韭圈儿
2020-04-17,H30597,新材料,31.04,韭圈儿
2020-04-20,H30597,新材料,31.74,韭圈儿
2020-04-21,H30597,新材料,31.21,韭圈儿
2020-04-22,H30597,新材料,31.31,韭圈儿
2020-04-23,H30597,新材料,29.38,韭圈儿
2020-04-24,H30597,新材料,29.16,韭圈儿
2020-04-27,H30597,新材料,30.98,韭圈儿
2020-04-28,H30597,新材料,33.93,韭圈儿
2020-04-29,H30597,新材料,35.61,韭圈儿
2020-04-30,H30597,新材料,42.0,韭圈儿
2020-05-06,H30597,新材料,43.14,韭圈儿
2020-05-07,H30597,新材料,43.08,韭圈儿
2020-05-08,H30597,新材料,43.43,韭圈儿
2020-05-11,H30597,新材料,43.05,韭圈儿
2020-05-12,H30597,新材料,43.11,韭圈儿
2020-05-13,H30597,新材料,43.49,韭圈儿
2020-05-14,H30597,新材料,43.01,韭圈儿
2020-05-15,H30597,新材料,43.08,韭圈儿
2020-05-18,H30597,新材料,43.44,韭圈儿
2020-05-19,H30597,新材料,44.52,韭圈儿
2020-05-20,H30597,新材料,44.18,韭圈儿
2020-05-21,H30597,新材料,43.48,韭圈儿
2020-05-22,H30597,新材料,42.58,韭圈儿
2020-05-25,H30597,新材料,42.16,韭圈儿
2020-05-26,H30597,新材料,43.1,韭圈儿
2020-05-27,H30597,新材料,42.66,韭圈儿
2020-05-28,H30597,新材料,42.54,韭圈儿
2020-05-29,H30597,新材料,43.21,韭圈儿
2020-06-01,H30597,新材料,44.61,韭圈儿
2020-06-02,H30597,新材料,44.75,韭圈儿
2020-06-03,H30597,新材料,44.68,韭圈儿
2020-06-04,H30597,新材料,44.89,韭圈儿
2020-06-05,H30597,新材料,44.86,韭圈儿
2020-06-08,H30597,新材料,45.29,韭圈儿
2020-06-09,H30597,新材料,45.58,韭圈儿
2020-06-10,H30597,新材料,45.14,韭圈儿
2020-06-11,H30597,新材料,45.36,韭圈儿
2020-06-12,H30597,新材料,44.86,韭圈儿
2020-06-15,H30597,新材料,40.63,韭圈儿
2020-06-16,H30597,新材料,41.72,韭圈儿
2020-06-17,H30597,新材料,41.7,韭圈儿
2020-06-18,H30597,新材料,42.14,韭圈儿
2020-06-19,H30597,新材料,42.51,韭圈儿
2020-06-22,H30597,新材料,42.93,韭圈儿
2020-06-23,H30597,新材料,43.03,韭圈儿
2020-06-24,H30597,新材料,43.42,韭圈儿
2020-06-29,H30597,新材料,43.36,韭圈儿
2020-06-30,H30597,新材料,43.82,韭圈儿
2020-07-01,H30597,新材料,44.34,韭圈儿
2020-07-02,H30597,新材料,45.35,韭圈儿
2020-07-03,H30597,新材料,45.96,韭圈儿
2020-07-06,H30597,新材料,48.58,韭圈儿
2020-07-07,H30597,新材料,49.15,韭圈儿
2020-07-08,H30597,新材料,50.57,韭圈儿
2020-07-09,H30597,新材料,51.58,韭圈儿
2020-07-10,H30597,新材料,51.05,韭圈儿
2020-07-13,H30597,新材料,53.23,韭圈儿
2020-07-14,H30597,新材料,52.17,韭圈儿
2020-07-15,H30597,新材料,51.09,韭圈儿
2020-07-16,H30597,新材料,48.57,韭圈儿
2020-07-17,H30597,新材料,49.27,韭圈儿
2020-07-20,H30597,新材料,51.89,韭圈儿
2020-07-21,H30597,新材料,51.69,韭圈儿
2020-07-22,H30597,新材料,51.88,韭圈儿
2020-07-23,H30597,新材料,52.62,韭圈儿
2020-07-24,H30597,新材料,50.07,韭圈儿
2020-07-27,H30597,新材料,50.93,韭圈儿
2020-07-28,H30597,新材料,51.67,韭圈儿
2020-07-29,H30597,新材料,52.84,韭圈儿
2020-07-30,H30597,新材料,53.15,韭圈儿
2020-07-31,H30597,新材料,53.71,韭圈儿
2020-08-03,H30597,新材料,55.22,韭圈儿
2020-08-04,H30597,新材料,55.17,韭圈儿
2020-08-05,H30597,新材料,55.39,韭圈儿
2020-08-06,H30597,新材料,55.23,韭圈儿
2020-08-07,H30597,新材料,54.41,韭圈儿
2020-08-10,H30597,新材料,54.3,韭圈儿
2020-08-11,H30597,新材料,50.45,韭圈儿
2020-08-12,H30597,新材料,49.78,韭圈儿
2020-08-13,H30597,新材料,49.82,韭圈儿
2020-08-14,H30597,新材料,50.21,韭圈儿
2020-08-17,H30597,新材料,51.0,韭圈儿
2020-08-18,H30597,新材料,51.29,韭圈儿
2020-08-19,H30597,新材料,50.27,韭圈儿
2020-08-20,H30597,新材料,51.49,韭圈儿
2020-08-21,H30597,新材料,45.11,韭圈儿
2020-08-24,H30597,新材料,46.28,韭圈儿
2020-08-25,H30597,新材料,46.07,韭圈儿
2020-08-26,H30597,新材料,44.7,韭圈儿
2020-08-27,H30597,新材料,45.83,韭圈儿
2020-08-28,H30597,新材料,46.18,韭圈儿
2020-08-31,H30597,新材料,45.88,韭圈儿
2020-09-01,H30597,新材料,47.0,韭圈儿
2020-09-02,H30597,新材料,46.77,韭圈儿
2020-09-03,H30597,新材料,46.57,韭圈儿
2020-09-04,H30597,新材料,46.42,韭圈儿
2020-09-07,H30597,新材料,44.43,韭圈儿
2020-09-08,H30597,新材料,44.24,韭圈儿
2020-09-09,H30597,新材料,42.77,韭圈儿
2020-09-10,H30597,新材料,42.68,韭圈儿
2020-09-11,H30597,新材料,43.89,韭圈儿
2020-09-14,H30597,新材料,44.86,韭圈儿
2020-09-15,H30597,新材料,45.27,韭圈儿
2020-09-16,H30597,新材料,45.18,韭圈儿
2020-09-17,H30597,新材料,45.82,韭圈儿
2020-09-18,H30597,新材料,46.04,韭圈儿
2020-09-21,H30597,新材料,45.96,韭圈儿
2020-09-22,H30597,新材料,45.18,韭圈儿
2020-09-23,H30597,新材料,45.78,韭圈儿
2020-09-24,H30597,新材料,44.18,韭圈儿
2020-09-25,H30597,新材料,44.18,韭圈儿
2020-09-28,H30597,新材料,44.61,韭圈儿
2020-09-29,H30597,新材料,45.71,韭圈儿
2020-09-30,H30597,新材料,45.64,韭圈儿
2020-10-09,H30597,新材料,48.36,韭圈儿
2020-10-12,H30597,新材料,50.17,韭圈儿
2020-10-13,H30597,新材料,50.56,韭圈儿
2020-10-14,H30597,新材料,50.28,韭圈儿
2020-10-15,H30597,新材料,48.87,韭圈儿
2020-10-16,H30597,新材料,48.0,韭圈儿
2020-10-19,H30597,新材料,48.76,韭圈儿
2020-10-20,H30597,新材料,49.83,韭圈儿
2020-10-21,H30597,新材料,48.62,韭圈儿
2020-10-22,H30597,新材料,48.1,韭圈儿
2020-10-23,H30597,新材料,45.72,韭圈儿
2020-10-26,H30597,新材料,46.41,韭圈儿
2020-10-27,H30597,新材料,46.77,韭圈儿
2020-10-28,H30597,新材料,46.84,韭圈儿
2020-10-29,H30597,新材料,46.15,韭圈儿
2020-10-30,H30597,新材料,46.0,韭圈儿
2020-11-02,H30597,新材料,46.34,韭圈儿
2020-11-03,H30597,新材料,46.18,韭圈儿
2020-11-04,H30597,新材料,46.28,韭圈儿
2020-11-05,H30597,新材料,48.09,韭圈儿
2020-11-06,H30597,新材料,47.61,韭圈儿
2020-11-09,H30597,新材料,48.78,韭圈儿
2020-11-10,H30597,新材料,49.09,韭圈儿
2020-11-11,H30597,新材料,47.83,韭圈儿
2020-11-12,H30597,新材料,48.16,韭圈儿
2020-11-13,H30597,新材料,48.11,韭圈儿
2020-11-16,H30597,新材料,48.58,韭圈儿
2020-11-17,H30597,新材料,47.79,韭圈儿
2020-11-18,H30597,新材料,47.05,韭圈儿
2020-11-19,H30597,新材料,47.38,韭圈儿
2020-11-20,H30597,新材料,48.43,韭圈儿
2020-11-23,H30597,新材料,48.72,韭圈儿
2020-11-24,H30597,新材料,48.79,韭圈儿
2020-11-25,H30597,新材料,47.75,韭圈儿
2020-11-26,H30597,新材料,47.26,韭圈儿
2020-11-27,H30597,新材料,47.34,韭圈儿
2020-11-30,H30597,新材料,46.92,韭圈儿
2020-12-01,H30597,新材料,47.78,韭圈儿
2020-12-02,H30597,新材料,47.65,韭圈儿
2020-12-03,H30597,新材料,47.41,韭圈儿
2020-12-04,H30597,新材料,47.86,韭圈儿
2020-12-07,H30597,新材料,48.53,韭圈儿
2020-12-08,H30597,新材料,49.08,韭圈儿
2020-12-09,H30597,新材料,48.65,韭圈儿
2020-12-10,H30597,新材料,49.0,韭圈儿
2020-12-11,H30597,新材料,48.7,韭圈儿
2020-12-14,H30597,新材料,50.16,韭圈儿
2020-12-15,H30597,新材料,51.06,韭圈儿
2020-12-16,H30597,新材料,51.26,韭圈儿
2020-12-17,H30597,新材料,51.55,韭圈儿
2020-12-18,H30597,新材料,52.36,韭圈儿
2020-12-21,H30597,新材料,55.67,韭圈儿
2020-12-22,H30597,新材料,54.43,韭圈儿
2020-12-23,H30597,新材料,55.69,韭圈儿
2020-12-24,H30597,新材料,55.25,韭圈儿
2020-12-25,H30597,新材料,56.54,韭圈儿
2020-12-28,H30597,新材料,56.44,韭圈儿
2020-12-29,H30597,新材料,54.92,韭圈儿
2020-12-30,H30597,新材料,57.05,韭圈儿
2020-12-31,H30597,新材料,58.15,韭圈儿
2021-01-04,H30597,新材料,62.76,韭圈儿
2021-01-05,H30597,新材料,63.87,韭圈儿
2021-01-06,H30597,新材料,64.19,韭圈儿
2021-01-07,H30597,新材料,66.46,韭圈儿
2021-01-08,H30597,新材料,65.52,韭圈儿
2021-01-11,H30597,新材料,63.54,韭圈儿
2021-01-12,H30597,新材料,65.51,韭圈儿
2021-01-13,H30597,新材料,64.62,韭圈儿
2021-01-14,H30597,新材料,62.82,韭圈儿
2021-01-15,H30597,新材料,63.46,韭圈儿
2021-01-18,H30597,新材料,64.48,韭圈儿
2021-01-19,H30597,新材料,62.89,韭圈儿
2021-01-20,H30597,新材料,65.4,韭圈儿
2021-01-21,H30597,新材料,66.66,韭圈儿
2021-01-22,H30597,新材料,68.79,韭圈儿
2021-01-25,H30597,新材料,68.02,韭圈儿
2021-01-26,H30597,新材料,66.77,韭圈儿
2021-01-27,H30597,新材料,68.2,韭圈儿
2021-01-28,H30597,新材料,64.99,韭圈儿
2021-01-29,H30597,新材料,63.45,韭圈儿
2021-02-01,H30597,新材料,64.38,韭圈儿
2021-02-02,H30597,新材料,66.35,韭圈儿
2021-02-03,H30597,新材料,66.71,韭圈儿
2021-02-04,H30597,新材料,66.85,韭圈儿
2021-02-05,H30597,新材料,65.12,韭圈儿
2021-02-08,H30597,新材料,67.14,韭圈儿
2021-02-09,H30597,新材料,69.5,韭圈儿
2021-02-10,H30597,新材料,70.89,韭圈儿
2021-02-18,H30597,新材料,70.57,韭圈儿
2021-02-19,H30597,新材料,68.29,韭圈儿
2021-02-22,H30597,新材料,66.72,韭圈儿
2021-02-23,H30597,新材料,65.83,韭圈儿
2021-02-24,H30597,新材料,62.5,韭圈儿
2021-02-25,H30597,新材料,62.1,韭圈儿
2021-02-26,H30597,新材料,60.05,韭圈儿
2021-03-01,H30597,新材料,62.26,韭圈儿
2021-03-02,H30597,新材料,62.06,韭圈儿
2021-03-03,H30597,新材料,62.07,韭圈儿
2021-03-04,H30597,新材料,58.39,韭圈儿
2021-03-05,H30597,新材料,57.18,韭圈儿
2021-03-08,H30597,新材料,54.3,韭圈儿
2021-03-09,H30597,新材料,52.42,韭圈儿
2021-03-10,H30597,新材料,53.71,韭圈儿
2021-03-11,H30597,新材料,55.5,韭圈儿
2021-03-12,H30597,新材料,56.42,韭圈儿
2021-03-15,H30597,新材料,53.79,韭圈儿
2021-03-16,H30597,新材料,52.51,韭圈儿
2021-03-17,H30597,新材料,53.69,韭圈儿
2021-03-18,H30597,新材料,54.3,韭圈儿
2021-03-19,H30597,新材料,52.44,韭圈儿
2021-03-22,H30597,新材料,51.81,韭圈儿
2021-03-23,H30597,新材料,50.05,韭圈儿
2021-03-24,H30597,新材料,48.1,韭圈儿
2021-03-25,H30597,新材料,48.51,韭圈儿
2021-03-26,H30597,新材料,50.67,韭圈儿
2021-03-29,H30597,新材料,50.72,韭圈儿
2021-03-30,H30597,新材料,51.34,韭圈儿
2021-03-31,H30597,新材料,50.78,韭圈儿
2021-04-01,H30597,新材料,51.87,韭圈儿
2021-04-02,H30597,新材料,52.46,韭圈儿
2021-04-06,H30597,新材料,52.71,韭圈儿
2021-04-07,H30597,新材料,52.15,韭圈儿
2021-04-08,H30597,新材料,52.02,韭圈儿
2021-04-09,H30597,新材料,51.0,韭圈儿
2021-04-12,H30597,新材料,46.14,韭圈儿
2021-04-13,H30597,新材料,46.23,韭圈儿
2021-04-14,H30597,新材料,47.57,韭圈儿
2021-04-15,H30597,新材料,47.06,韭圈儿
2021-04-16,H30597,新材料,46.13,韭圈儿
2021-04-19,H30597,新材料,47.91,韭圈儿
2021-04-20,H30597,新材料,47.75,韭圈儿
2021-04-21,H30597,新材料,47.02,韭圈儿
2021-04-22,H30597,新材料,46.75,韭圈儿
2021-04-23,H30597,新材料,47.15,韭圈儿
2021-04-26,H30597,新材料,46.08,韭圈儿
2021-04-27,H30597,新材料,45.58,韭圈儿
2021-04-28,H30597,新材料,44.93,韭圈儿
2021-04-29,H30597,新材料,44.71,韭圈儿
2021-04-30,H30597,新材料,44.4,韭圈儿
2021-05-06,H30597,新材料,44.46,韭圈儿
2021-05-07,H30597,新材料,43.47,韭圈儿
2021-05-10,H30597,新材料,43.48,韭圈儿
2021-05-11,H30597,新材料,42.98,韭圈儿
2021-05-12,H30597,新材料,42.98,韭圈儿
2021-05-13,H30597,新材料,41.86,韭圈儿
2021-05-14,H30597,新材料,42.9,韭圈儿
2021-05-17,H30597,新材料,44.49,韭圈儿
2021-05-18,H30597,新材料,44.55,韭圈儿
2021-05-19,H30597,新材料,45.23,韭圈儿
2021-05-20,H30597,新材料,44.86,韭圈儿
2021-05-21,H30597,新材料,44.46,韭圈儿
2021-05-24,H30597,新材料,44.79,韭圈儿
2021-05-25,H30597,新材料,45.75,韭圈儿
2021-05-26,H30597,新材料,45.26,韭圈儿
2021-05-27,H30597,新材料,45.64,韭圈儿
2021-05-28,H30597,新材料,46.74,韭圈儿
2021-05-31,H30597,新材料,48.67,韭圈儿
2021-06-01,H30597,新材料,48.58,韭圈儿
2021-06-02,H30597,新材料,48.23,韭圈儿
2021-06-03,H30597,新材料,47.4,韭圈儿
2021-06-04,H30597,新材料,48.22,韭圈儿
2021-06-07,H30597,新材料,47.36,韭圈儿
2021-06-08,H30597,新材料,47.12,韭圈儿
2021-06-09,H30597,新材料,47.52,韭圈儿
2021-06-10,H30597,新材料,49.16,韭圈儿
2021-06-11,H30597,新材料,49.66,韭圈儿
2021-06-15,H30597,新材料,49.6,韭圈儿
2021-06-16,H30597,新材料,47.44,韭圈儿
2021-06-17,H30597,新材料,48.75,韭圈儿
2021-06-18,H30597,新材料,49.82,韭圈儿
2021-06-21,H30597,新材料,50.38,韭圈儿
2021-06-22,H30597,新材料,50.68,韭圈儿
2021-06-23,H30597,新材料,51.93,韭圈儿
2021-06-24,H30597,新材料,52.05,韭圈儿
2021-06-25,H30597,新材料,52.97,韭圈儿
2021-06-28,H30597,新材料,53.89,韭圈儿
2021-06-29,H30597,新材料,54.41,韭圈儿
2021-06-30,H30597,新材料,55.84,韭圈儿
2021-07-01,H30597,新材料,54.77,韭圈儿
2021-07-02,H30597,新材料,53.92,韭圈儿
2021-07-05,H30597,新材料,54.7,韭圈儿
2021-07-06,H30597,新材料,54.74,韭圈儿
2021-07-07,H30597,新材料,57.31,韭圈儿
2021-07-08,H30597,新材料,58.36,韭圈儿
2021-07-09,H30597,新材料,58.68,韭圈儿
2021-07-12,H30597,新材料,60.49,韭圈儿
2021-07-13,H30597,新材料,60.14,韭圈儿
2021-07-14,H30597,新材料,58.58,韭圈儿
2021-07-15,H30597,新材料,60.16,韭圈儿
2021-07-16,H30597,新材料,58.09,韭圈儿
2021-07-19,H30597,新材料,57.24,韭圈儿
2021-07-20,H30597,新材料,57.82,韭圈儿
2021-07-21,H30597,新材料,60.29,韭圈儿
2021-07-22,H30597,新材料,61.13,韭圈儿
2021-07-23,H30597,新材料,60.72,韭圈儿
2021-07-26,H30597,新材料,60.04,韭圈儿
2021-07-27,H30597,新材料,56.53,韭圈儿
2021-07-28,H30597,新材料,57.25,韭圈儿
2021-07-29,H30597,新材料,60.36,韭圈儿
2021-07-30,H30597,新材料,56.34,韭圈儿
2021-08-02,H30597,新材料,57.34,韭圈儿
2021-08-03,H30597,新材料,55.63,韭圈儿
2021-08-04,H30597,新材料,58.88,韭圈儿
2021-08-05,H30597,新材料,58.71,韭圈儿
2021-08-06,H30597,新材料,58.18,韭圈儿
2021-08-09,H30597,新材料,56.63,韭圈儿
2021-08-10,H30597,新材料,55.08,韭圈儿
2021-08-11,H30597,新材料,55.37,韭圈儿
2021-08-12,H30597,新材料,55.05,韭圈儿
2021-08-13,H30597,新材料,54.57,韭圈儿
2021-08-16,H30597,新材料,53.41,韭圈儿
2021-08-17,H30597,新材料,51.9,韭圈儿
2021-08-18,H30597,新材料,50.03,韭圈儿
2021-08-19,H30597,新材料,50.88,韭圈儿
2021-08-20,H30597,新材料,50.36,韭圈儿
2021-08-23,H30597,新材料,52.1,韭圈儿
2021-08-24,H30597,新材料,52.74,韭圈儿
2021-08-25,H30597,新材料,53.06,韭圈儿
2021-08-26,H30597,新材料,52.29,韭圈儿
2021-08-27,H30597,新材料,52.39,韭圈儿
2021-08-30,H30597,新材料,51.64,韭圈儿
2021-08-31,H30597,新材料,50.77,韭圈儿
2021-09-01,H30597,新材料,49.2,韭圈儿
2021-09-02,H30597,新材料,49.69,韭圈儿
2021-09-03,H30597,新材料,48.44,韭圈儿
2021-09-06,H30597,新材料,49.41,韭圈儿
2021-09-07,H30597,新材料,50.62,韭圈儿
2021-09-08,H30597,新材料,49.94,韭圈儿
2021-09-09,H30597,新材料,50.02,韭圈儿
2021-09-10,H30597,新材料,50.54,韭圈儿
2021-09-13,H30597,新材料,50.49,韭圈儿
2021-09-14,H30597,新材料,51.37,韭圈儿
2021-09-15,H30597,新材料,51.57,韭圈儿
2021-09-16,H30597,新材料,49.67,韭圈儿
2021-09-17,H30597,新材料,49.76,韭圈儿
2021-09-22,H30597,新材料,49.67,韭圈儿
2021-09-23,H30597,新材料,49.51,韭圈儿
2021-09-24,H30597,新材料,49.43,韭圈儿
2021-09-27,H30597,新材料,48.94,韭圈儿
2021-09-28,H30597,新材料,48.08,韭圈儿
2021-09-29,H30597,新材料,47.12,韭圈儿
2021-09-30,H30597,新材料,48.47,韭圈儿
2021-10-08,H30597,新材料,47.79,韭圈儿
2021-10-11,H30597,新材料,47.49,韭圈儿
2021-10-12,H30597,新材料,46.18,韭圈儿
2021-10-13,H30597,新材料,47.64,韭圈儿
2021-10-14,H30597,新材料,47.93,韭圈儿
2021-10-15,H30597,新材料,49.47,韭圈儿
2021-10-18,H30597,新材料,50.31,韭圈儿
2021-10-19,H30597,新材料,48.72,韭圈儿
2021-10-20,H30597,新材料,49.12,韭圈儿
2021-10-21,H30597,新材料,48.78,韭圈儿
2021-10-22,H30597,新材料,48.91,韭圈儿
2021-10-25,H30597,新材料,49.8,韭圈儿
2021-10-26,H30597,新材料,48.45,韭圈儿
2021-10-27,H30597,新材料,47.28,韭圈儿
2021-10-28,H30597,新材料,45.0,韭圈儿
2021-10-29,H30597,新材料,46.05,韭圈儿
2021-11-01,H30597,新材料,45.73,韭圈儿
2021-11-02,H30597,新材料,45.69,韭圈儿
2021-11-03,H30597,新材料,44.82,韭圈儿
2021-11-04,H30597,新材料,45.62,韭圈儿
2021-11-05,H30597,新材料,44.73,韭圈儿
2021-11-08,H30597,新材料,45.8,韭圈儿
2021-11-09,H30597,新材料,46.12,韭圈儿
2021-11-10,H30597,新材料,45.55,韭圈儿
2021-11-11,H30597,新材料,46.3,韭圈儿
2021-11-12,H30597,新材料,46.04,韭圈儿
2021-11-15,H30597,新材料,44.61,韭圈儿
2021-11-16,H30597,新材料,44.24,韭圈儿
2021-11-17,H30597,新材料,44.93,韭圈儿
2021-11-18,H30597,新材料,44.9,韭圈儿
2021-11-19,H30597,新材料,45.53,韭圈儿
2021-11-22,H30597,新材料,47.14,韭圈儿
2021-11-23,H30597,新材料,46.63,韭圈儿
2021-11-24,H30597,新材料,45.86,韭圈儿
2021-11-25,H30597,新材料,45.41,韭圈儿
2021-11-26,H30597,新材料,45.59,韭圈儿
2021-11-29,H30597,新材料,46.23,韭圈儿
2021-11-30,H30597,新材料,46.17,韭圈儿
2021-12-01,H30597,新材料,45.59,韭圈儿
2021-12-02,H30597,新材料,45.78,韭圈儿
2021-12-03,H30597,新材料,45.88,韭圈儿
2021-12-06,H30597,新材料,44.91,韭圈儿
2021-12-07,H30597,新材料,44.02,韭圈儿
2021-12-08,H30597,新材料,44.83,韭圈儿
2021-12-09,H30597,新材料,45.0,韭圈儿
2021-12-10,H30597,新材料,45.36,韭圈儿
2021-12-13,H30597,新材料,47.72,韭圈儿
2021-12-14,H30597,新材料,47.2,韭圈儿
2021-12-15,H30597,新材料,46.97,韭圈儿
2021-12-16,H30597,新材料,47.3,韭圈儿
2021-12-17,H30597,新材料,46.32,韭圈儿
2021-12-20,H30597,新材料,44.78,韭圈儿
2021-12-21,H30597,新材料,44.86,韭圈儿
2021-12-22,H30597,新材料,45.2,韭圈儿
2021-12-23,H30597,新材料,45.24,韭圈儿
2021-12-24,H30597,新材料,43.55,韭圈儿
2021-12-27,H30597,新材料,43.58,韭圈儿
2021-12-28,H30597,新材料,44.34,韭圈儿
2021-12-29,H30597,新材料,44.05,韭圈儿
2021-12-30,H30597,新材料,44.47,韭圈儿
2021-12-31,H30597,新材料,45.09,韭圈儿
2022-01-04,H30597,新材料,43.89,韭圈儿
2022-01-05,H30597,新材料,42.58,韭圈儿
2022-01-06,H30597,新材料,42.5,韭圈儿
2022-01-07,H30597,新材料,42.08,韭圈儿
2022-01-10,H30597,新材料,41.87,韭圈儿
2022-01-11,H30597,新材料,41.26,韭圈儿
2022-01-12,H30597,新材料,42.87,韭圈儿
2022-01-13,H30597,新材料,42.2,韭圈儿
2022-01-14,H30597,新材料,42.66,韭圈儿
2022-01-17,H30597,新材料,43.64,韭圈儿
2022-01-18,H30597,新材料,43.26,韭圈儿
2022-01-19,H30597,新材料,42.22,韭圈儿
2022-01-20,H30597,新材料,41.82,韭圈儿
2022-01-21,H30597,新材料,41.39,韭圈儿
2022-01-24,H30597,新材料,41.97,韭圈儿
2022-01-25,H30597,新材料,40.89,韭圈儿
2022-01-26,H30597,新材料,41.74,韭圈儿
2022-01-27,H30597,新材料,40.88,韭圈儿
2022-01-28,H30597,新材料,40.72,韭圈儿
2022-02-07,H30597,新材料,41.05,韭圈儿
2022-02-08,H30597,新材料,39.79,韭圈儿
2022-02-09,H30597,新材料,40.07,韭圈儿
2022-02-10,H30597,新材料,39.09,韭圈儿
2022-02-11,H30597,新材料,38.28,韭圈儿
2022-02-14,H30597,新材料,37.87,韭圈儿
2022-02-15,H30597,新材料,39.07,韭圈儿
2022-02-16,H30597,新材料,39.17,韭圈儿
2022-02-17,H30597,新材料,39.79,韭圈儿
2022-02-18,H30597,新材料,39.45,韭圈儿
2022-02-21,H30597,新材料,39.07,韭圈儿
2022-02-22,H30597,新材料,39.02,韭圈儿
2022-02-23,H30597,新材料,40.44,韭圈儿
2022-02-24,H30597,新材料,39.93,韭圈儿
2022-02-25,H30597,新材料,40.7,韭圈儿
2022-02-28,H30597,新材料,41.19,韭圈儿
2022-03-01,H30597,新材料,41.06,韭圈儿
2022-03-02,H30597,新材料,40.22,韭圈儿
2022-03-03,H30597,新材料,39.6,韭圈儿
2022-03-04,H30597,新材料,38.64,韭圈儿
2022-03-07,H30597,新材料,37.06,韭圈儿
2022-03-08,H30597,新材料,36.49,韭圈儿
2022-03-09,H30597,新材料,36.59,韭圈儿
2022-03-10,H30597,新材料,37.79,韭圈儿
2022-03-11,H30597,新材料,37.19,韭圈儿
2022-03-14,H30597,新材料,35.11,韭圈儿
2022-03-15,H30597,新材料,34.42,韭圈儿
2022-03-16,H30597,新材料,36.34,韭圈儿
2022-03-17,H30597,新材料,36.82,韭圈儿
2022-03-18,H30597,新材料,36.38,韭圈儿
2022-03-21,H30597,新材料,36.64,韭圈儿
2022-03-22,H30597,新材料,36.04,韭圈儿
2022-03-23,H30597,新材料,36.08,韭圈儿
2022-03-24,H30597,新材料,35.68,韭圈儿
2022-03-25,H30597,新材料,34.74,韭圈儿
2022-03-28,H30597,新材料,34.14,韭圈儿
2022-03-29,H30597,新材料,34.09,韭圈儿
2022-03-30,H30597,新材料,35.59,韭圈儿
2022-03-31,H30597,新材料,34.72,韭圈儿
2022-04-01,H30597,新材料,35.13,韭圈儿
2022-04-06,H30597,新材料,34.37,韭圈儿
2022-04-07,H30597,新材料,33.89,韭圈儿
2022-04-08,H30597,新材料,33.88,韭圈儿
2022-04-11,H30597,新材料,32.11,韭圈儿
2022-04-12,H30597,新材料,32.33,韭圈儿
2022-04-13,H30597,新材料,31.83,韭圈儿
2022-04-14,H30597,新材料,31.86,韭圈儿
2022-04-15,H30597,新材料,31.01,韭圈儿
2022-04-18,H30597,新材料,31.47,韭圈儿
2022-04-19,H30597,新材料,31.07,韭圈儿
2022-04-20,H30597,新材料,29.55,韭圈儿
2022-04-21,H30597,新材料,28.63,韭圈儿
2022-04-22,H30597,新材料,27.33,韭圈儿
2022-04-25,H30597,新材料,25.22,韭圈儿
2022-04-26,H30597,新材料,24.14,韭圈儿
2022-04-27,H30597,新材料,25.7,韭圈儿
2022-04-28,H30597,新材料,24.86,韭圈儿
2022-04-29,H30597,新材料,25.81,韭圈儿
2022-05-05,H30597,新材料,25.68,韭圈儿
2022-05-06,H30597,新材料,25.23,韭圈儿
2022-05-09,H30597,新材料,25.16,韭圈儿
2022-05-10,H30597,新材料,25.74,韭圈儿
2022-05-11,H30597,新材料,26.87,韭圈儿
2022-05-12,H30597,新材料,26.68,韭圈儿
2022-05-13,H30597,新材料,26.92,韭圈儿
2022-05-16,H30597,新材料,26.69,韭圈儿
2022-05-17,H30597,新材料,27.58,韭圈儿
2022-05-18,H30597,新材料,27.62,韭圈儿
2022-05-19,H30597,新材料,28.13,韭圈儿
2022-05-20,H30597,新材料,28.51,韭圈儿
2022-05-23,H30597,新材料,28.32,韭圈儿
2022-05-24,H30597,新材料,27.4,韭圈儿
2022-05-25,H30597,新材料,27.39,韭圈儿
2022-05-26,H30597,新材料,27.31,韭圈儿
2022-05-27,H30597,新材料,27.39,韭圈儿
2022-05-30,H30597,新材料,27.75,韭圈儿
2022-05-31,H30597,新材料,28.26,韭圈儿
2022-06-01,H30597,新材料,28.64,韭圈儿
2022-06-02,H30597,新材料,29.33,韭圈儿
2022-06-06,H30597,新材料,30.64,韭圈儿
2022-06-07,H30597,新材料,30.39,韭圈儿
2022-06-08,H30597,新材料,30.44,韭圈儿
2022-06-09,H30597,新材料,29.81,韭圈儿
2022-06-10,H30597,新材料,30.78,韭圈儿
2022-06-13,H30597,新材料,31.11,韭圈儿
2022-06-14,H30597,新材料,31.08,韭圈儿
2022-06-15,H30597,新材料,31.29,韭圈儿
2022-06-16,H30597,新材料,31.45,韭圈儿
2022-06-17,H30597,新材料,32.55,韭圈儿
2022-06-20,H30597,新材料,33.13,韭圈儿
2022-06-21,H30597,新材料,32.85,韭圈儿
2022-06-22,H30597,新材料,32.71,韭圈儿
2022-06-23,H30597,新材料,33.63,韭圈儿
2022-06-24,H30597,新材料,34.68,韭圈儿
2022-06-27,H30597,新材料,34.66,韭圈儿
2022-06-28,H30597,新材料,35.21,韭圈儿
2022-06-29,H30597,新材料,34.11,韭圈儿
2022-06-30,H30597,新材料,34.75,韭圈儿
2022-07-01,H30597,新材料,34.54,韭圈儿
2022-07-04,H30597,新材料,35.41,韭圈儿
2022-07-05,H30597,新材料,35.5,韭圈儿
2022-07-06,H30597,新材料,35.06,韭圈儿
2022-07-07,H30597,新材料,35.75,韭圈儿
2022-07-08,H30597,新材料,35.08,韭圈儿
2022-07-11,H30597,新材料,33.81,韭圈儿
2022-07-12,H30597,新材料,33.27,韭圈儿
2022-07-13,H30597,新材料,34.08,韭圈儿
2022-07-14,H30597,新材料,34.76,韭圈儿
2022-07-15,H30597,新材料,34.15,韭圈儿
2022-07-18,H30597,新材料,34.43,韭圈儿
2022-07-19,H30597,新材料,33.75,韭圈儿
2022-07-20,H30597,新材料,33.78,韭圈儿
2022-07-21,H30597,新材料,33.41,韭圈儿
2022-07-22,H30597,新材料,33.52,韭圈儿
2022-07-25,H30597,新材料,32.97,韭圈儿
2022-07-26,H30597,新材料,33.29,韭圈儿
2022-07-27,H30597,新材料,33.29,韭圈儿
2022-07-28,H30597,新材料,33.08,韭圈儿
2022-07-29,H30597,新材料,33.02,韭圈儿
2022-08-01,H30597,新材料,33.84,韭圈儿
2022-08-02,H30597,新材料,33.29,韭圈儿
2022-08-03,H30597,新材料,32.62,韭圈儿
2022-08-04,H30597,新材料,32.57,韭圈儿
2022-08-05,H30597,新材料,33.17,韭圈儿
2022-08-08,H30597,新材料,33.25,韭圈儿
2022-08-09,H30597,新材料,33.51,韭圈儿
2022-08-10,H30597,新材料,33.01,韭圈儿
2022-08-11,H30597,新材料,33.46,韭圈儿
2022-08-12,H30597,新材料,33.07,韭圈儿
2022-08-15,H30597,新材料,33.81,韭圈儿
2022-08-16,H30597,新材料,33.98,韭圈儿
2022-08-17,H30597,新材料,34.13,韭圈儿
2022-08-18,H30597,新材料,33.04,韭圈儿
2022-08-19,H30597,新材料,32.17,韭圈儿
2022-08-22,H30597,新材料,32.75,韭圈儿
2022-08-23,H30597,新材料,32.74,韭圈儿
2022-08-24,H30597,新材料,30.64,韭圈儿
2022-08-25,H30597,新材料,29.63,韭圈儿
2022-08-26,H30597,新材料,29.2,韭圈儿
2022-08-29,H30597,新材料,29.05,韭圈儿
2022-08-30,H30597,新材料,28.63,韭圈儿
2022-08-31,H30597,新材料,27.82,韭圈儿
2022-09-01,H30597,新材料,27.46,韭圈儿
2022-09-02,H30597,新材料,27.43,韭圈儿
2022-09-05,H30597,新材料,27.55,韭圈儿
2022-09-06,H30597,新材料,27.96,韭圈儿
2022-09-07,H30597,新材料,28.49,韭圈儿
2022-09-08,H30597,新材料,27.97,韭圈儿
2022-09-09,H30597,新材料,28.21,韭圈儿
2022-09-13,H30597,新材料,28.13,韭圈儿
2022-09-14,H30597,新材料,27.57,韭圈儿
2022-09-15,H30597,新材料,26.43,韭圈儿
2022-09-16,H30597,新材料,26.02,韭圈儿
2022-09-19,H30597,新材料,26.1,韭圈儿
2022-09-20,H30597,新材料,26.47,韭圈儿
2022-09-21,H30597,新材料,26.27,韭圈儿
2022-09-22,H30597,新材料,26.06,韭圈儿
2022-09-23,H30597,新材料,25.91,韭圈儿
2022-09-26,H30597,新材料,26.14,韭圈儿
2022-09-27,H30597,新材料,26.24,韭圈儿
2022-09-28,H30597,新材料,25.32,韭圈儿
2022-09-29,H30597,新材料,25.67,韭圈儿
2022-09-30,H30597,新材料,24.97,韭圈儿
2022-10-10,H30597,新材料,24.22,韭圈儿
2022-10-11,H30597,新材料,24.81,韭圈儿
2022-10-12,H30597,新材料,25.55,韭圈儿
2022-10-13,H30597,新材料,25.21,韭圈儿
2022-10-14,H30597,新材料,25.81,韭圈儿
2022-10-17,H30597,新材料,25.61,韭圈儿
2022-10-18,H30597,新材料,25.53,韭圈儿
2022-10-19,H30597,新材料,25.26,韭圈儿
2022-10-20,H30597,新材料,24.68,韭圈儿
2022-10-21,H30597,新材料,23.63,韭圈儿
2022-10-24,H30597,新材料,22.52,韭圈儿
2022-10-25,H30597,新材料,22.83,韭圈儿
2022-10-26,H30597,新材料,23.03,韭圈儿
2022-10-27,H30597,新材料,22.8,韭圈儿
2022-10-28,H30597,新材料,21.96,韭圈儿
2022-10-31,H30597,新材料,21.69,韭圈儿
2022-11-01,H30597,新材料,22.49,韭圈儿
2022-11-02,H30597,新材料,22.8,韭圈儿
2022-11-03,H30597,新材料,22.72,韭圈儿
2022-11-04,H30597,新材料,23.71,韭圈儿
2022-11-07,H30597,新材料,23.92,韭圈儿
2022-11-08,H30597,新材料,23.8,韭圈儿
2022-11-09,H30597,新材料,23.38,韭圈儿
2022-11-10,H30597,新材料,22.78,韭圈儿
2022-11-11,H30597,新材料,23.35,韭圈儿
2022-11-14,H30597,新材料,22.95,韭圈儿
2022-11-15,H30597,新材料,23.53,韭圈儿
2022-11-16,H30597,新材料,23.05,韭圈儿
2022-11-17,H30597,新材料,22.75,韭圈儿
2022-11-18,H30597,新材料,22.69,韭圈儿
2022-11-21,H30597,新材料,22.78,韭圈儿
2022-11-22,H30597,新材料,22.38,韭圈儿
2022-11-23,H30597,新材料,22.53,韭圈儿
2022-11-24,H30597,新材料,22.54,韭圈儿
2022-11-25,H30597,新材料,22.25,韭圈儿
2022-11-28,H30597,新材料,22.02,韭圈儿
2022-11-29,H30597,新材料,22.29,韭圈儿
2022-11-30,H30597,新材料,22.4,韭圈儿
2022-12-01,H30597,新材料,22.86,韭圈儿
2022-12-02,H30597,新材料,22.82,韭圈儿
2022-12-05,H30597,新材料,22.71,韭圈儿
2022-12-06,H30597,新材料,23.06,韭圈儿
2022-12-07,H30597,新材料,23.4,韭圈儿
2022-12-08,H30597,新材料,23.42,韭圈儿
2022-12-09,H30597,新材料,23.58,韭圈儿
2022-12-12,H30597,新材料,23.0,韭圈儿
2022-12-13,H30597,新材料,22.65,韭圈儿
2022-12-14,H30597,新材料,22.59,韭圈儿
2022-12-15,H30597,新材料,23.07,韭圈儿
2022-12-16,H30597,新材料,22.72,韭圈儿
2022-12-19,H30597,新材料,22.64,韭圈儿
2022-12-20,H30597,新材料,22.27,韭圈儿
2022-12-21,H30597,新材料,22.11,韭圈儿
2022-12-22,H30597,新材料,21.67,韭圈儿
2022-12-23,H30597,新材料,21.42,韭圈儿
2022-12-26,H30597,新材料,21.91,韭圈儿
2022-12-27,H30597,新材料,22.02,韭圈儿
2022-12-28,H30597,新材料,21.75,韭圈儿
2022-12-29,H30597,新材料,21.71,韭圈儿
2022-12-30,H30597,新材料,21.55,韭圈儿
2023-01-03,H30597,新材料,21.63,韭圈儿
2023-01-04,H30597,新材料,21.31,韭圈儿
2023-01-05,H30597,新材料,22.01,韭圈儿
2023-01-06,H30597,新材料,22.53,韭圈儿
2023-01-09,H30597,新材料,22.6,韭圈儿
2023-01-10,H30597,新材料,22.85,韭圈儿
2023-01-11,H30597,新材料,22.65,韭圈儿
2023-01-12,H30597,新材料,22.9,韭圈儿
2023-01-13,H30597,新材料,23.03,韭圈儿
2023-01-16,H30597,新材料,23.32,韭圈儿
2023-01-17,H30597,新材料,23.44,韭圈儿
2023-01-18,H30597,新材料,23.51,韭圈儿
2023-01-19,H30597,新材料,23.58,韭圈儿
2023-01-20,H30597,新材料,23.93,韭圈儿
2023-01-30,H30597,新材料,24.46,韭圈儿
2023-01-31,H30597,新材料,24.38,韭圈儿
2023-02-01,H30597,新材料,24.76,韭圈儿
2023-02-02,H30597,新材料,24.63,韭圈儿
2023-02-03,H30597,新材料,24.23,韭圈儿
2023-02-06,H30597,新材料,23.96,韭圈儿
2023-02-07,H30597,新材料,23.85,韭圈儿
2023-02-08,H30597,新材料,23.8,韭圈儿
2023-02-09,H30597,新材料,24.1,韭圈儿
2023-02-10,H30597,新材料,23.83,韭圈儿
2023-02-13,H30597,新材料,24.07,韭圈儿
2023-02-14,H30597,新材料,24.32,韭圈儿
2023-02-15,H30597,新材料,24.22,韭圈儿
2023-02-16,H30597,新材料,23.83,韭圈儿
2023-02-17,H30597,新材料,23.27,韭圈儿
2023-02-20,H30597,新材料,23.57,韭圈儿
2023-02-21,H30597,新材料,23.73,韭圈儿
2023-02-22,H30597,新材料,23.44,韭圈儿
2023-02-23,H30597,新材料,23.57,韭圈儿
2023-02-24,H30597,新材料,23.25,韭圈儿
2023-02-27,H30597,新材料,23.06,韭圈儿
2023-02-28,H30597,新材料,23.21,韭圈儿
2023-03-01,H30597,新材料,23.41,韭圈儿
2023-03-02,H30597,新材料,23.14,韭圈儿
2023-03-03,H30597,新材料,23.21,韭圈儿
2023-03-06,H30597,新材料,23.45,韭圈儿
2023-03-07,H30597,新材料,23.07,韭圈儿
2023-03-08,H30597,新材料,22.92,韭圈儿
2023-03-09,H30597,新材料,22.87,韭圈儿
2023-03-10,H30597,新材料,22.24,韭圈儿
2023-03-13,H30597,新材料,21.76,韭圈儿
2023-03-14,H30597,新材料,21.63,韭圈儿
2023-03-15,H30597,新材料,21.55,韭圈儿
2023-03-16,H30597,新材料,21.09,韭圈儿
2023-03-17,H30597,新材料,21.0,韭圈儿
2023-03-20,H30597,新材料,21.08,韭圈儿
2023-03-21,H30597,新材料,21.53,韭圈儿
2023-03-22,H30597,新材料,21.6,韭圈儿
2023-03-23,H30597,新材料,21.54,韭圈儿
2023-03-24,H30597,新材料,21.44,韭圈儿
2023-03-27,H30597,新材料,21.44,韭圈儿
2023-03-28,H30597,新材料,21.21,韭圈儿
2023-03-29,H30597,新材料,21.35,韭圈儿
2023-03-30,H30597,新材料,21.48,韭圈儿
2023-03-31,H30597,新材料,21.57,韭圈儿
2023-04-03,H30597,新材料,21.7,韭圈儿
2023-04-04,H30597,新材料,21.33,韭圈儿
2023-04-06,H30597,新材料,21.44,韭圈儿
2023-04-07,H30597,新材料,21.55,韭圈儿
2023-04-10,H30597,新材料,21.77,韭圈儿
2023-04-11,H30597,新材料,21.47,韭圈儿
2023-04-12,H30597,新材料,21.21,韭圈儿
2023-04-13,H30597,新材料,21.07,韭圈儿
2023-04-14,H30597,新材料,21.43,韭圈儿
2023-04-17,H30597,新材料,21.86,韭圈儿
2023-04-18,H30597,新材料,22.48,韭圈儿
2023-04-19,H30597,新材料,22.25,韭圈儿
2023-04-20,H30597,新材料,21.87,韭圈儿
2023-04-21,H30597,新材料,21.3,韭圈儿
2023-04-24,H30597,新材料,20.87,韭圈儿
2023-04-25,H30597,新材料,19.73,韭圈儿
2023-04-26,H30597,新材料,20.34,韭圈儿
2023-04-27,H30597,新材料,20.42,韭圈儿
2023-04-28,H30597,新材料,20.54,韭圈儿
2023-05-04,H30597,新材料,20.22,韭圈儿
2023-05-05,H30597,新材料,20.08,韭圈儿
2023-05-08,H30597,新材料,20.19,韭圈儿
2023-05-09,H30597,新材料,19.86,韭圈儿
2023-05-10,H30597,新材料,20.16,韭圈儿
2023-05-11,H30597,新材料,20.42,韭圈儿
2023-05-12,H30597,新材料,20.09,韭圈儿
2023-05-15,H30597,新材料,20.49,韭圈儿
2023-05-16,H30597,新材料,20.51,韭圈儿
2023-05-17,H30597,新材料,20.5,韭圈儿
2023-05-18,H30597,新材料,20.15,韭圈儿
2023-05-19,H30597,新材料,20.15,韭圈儿
2023-05-22,H30597,新材料,20.24,韭圈儿
2023-05-23,H30597,新材料,20.01,韭圈儿
2023-05-24,H30597,新材料,19.98,韭圈儿
2023-05-25,H30597,新材料,19.87,韭圈儿
2023-05-26,H30597,新材料,19.62,韭圈儿
2023-05-29,H30597,新材料,19.31,韭圈儿
2023-05-30,H30597,新材料,19.41,韭圈儿
2023-05-31,H30597,新材料,19.15,韭圈儿
2023-06-01,H30597,新材料,19.13,韭圈儿
2023-06-02,H30597,新材料,19.56,韭圈儿
2023-06-05,H30597,新材料,19.29,韭圈儿
2023-06-06,H30597,新材料,19.11,韭圈儿
2023-06-07,H30597,新材料,18.7,韭圈儿
2023-06-08,H30597,新材料,18.74,韭圈儿
2023-06-09,H30597,新材料,18.85,韭圈儿
2023-06-12,H30597,新材料,19.29,韭圈儿
2023-06-13,H30597,新材料,19.3,韭圈儿
2023-06-14,H30597,新材料,19.24,韭圈儿
2023-06-15,H30597,新材料,20.06,韭圈儿
2023-06-16,H30597,新材料,20.17,韭圈儿
2023-06-19,H30597,新材料,19.96,韭圈儿
2023-06-20,H30597,新材料,19.94,韭圈儿
2023-06-21,H30597,新材料,19.6,韭圈儿
2023-06-26,H30597,新材料,19.59,韭圈儿
2023-06-27,H30597,新材料,19.66,韭圈儿
2023-06-28,H30597,新材料,19.8,韭圈儿
2023-06-29,H30597,新材料,19.66,韭圈儿
2023-06-30,H30597,新材料,20.04,韭圈儿
2023-07-03,H30597,新材料,20.08,韭圈儿
2023-07-04,H30597,新材料,20.05,韭圈儿
2023-07-05,H30597,新材料,19.83,韭圈儿
2023-07-06,H30597,新材料,19.66,韭圈儿
2023-07-07,H30597,新材料,19.45,韭圈儿
2023-07-10,H30597,新材料,19.95,韭圈儿
2023-07-11,H30597,新材料,20.05,韭圈儿
2023-07-12,H30597,新材料,20.01,韭圈儿
2023-07-13,H30597,新材料,20.21,韭圈儿
2023-07-14,H30597,新材料,20.05,韭圈儿
2023-07-17,H30597,新材料,19.84,韭圈儿
2023-07-18,H30597,新材料,19.84,韭圈儿
2023-07-19,H30597,新材料,19.59,韭圈儿
2023-07-20,H30597,新材料,19.65,韭圈儿
2023-07-21,H30597,新材料,19.55,韭圈儿
2023-07-24,H30597,新材料,19.33,韭圈儿
2023-07-25,H30597,新材料,19.89,韭圈儿
2023-07-26,H30597,新材料,19.5,韭圈儿
2023-07-27,H30597,新材料,19.43,韭圈儿
2023-07-28,H30597,新材料,19.74,韭圈儿
2023-07-31,H30597,新材料,20.1,韭圈儿
2023-08-01,H30597,新材料,20.0,韭圈儿
2023-08-02,H30597,新材料,19.99,韭圈儿
2023-08-03,H30597,新材料,19.98,韭圈儿
2023-08-04,H30597,新材料,20.13,韭圈儿
2023-08-07,H30597,新材料,20.13,韭圈儿
2023-08-08,H30597,新材料,20.08,韭圈儿
2023-08-09,H30597,新材料,20.05,韭圈儿
2023-08-10,H30597,新材料,20.08,韭圈儿
2023-08-11,H30597,新材料,19.68,韭圈儿
2023-08-14,H30597,新材料,19.37,韭圈儿
2023-08-15,H30597,新材料,19.25,韭圈儿
2023-08-16,H30597,新材料,19.13,韭圈儿
2023-08-17,H30597,新材料,19.24,韭圈儿
2023-08-18,H30597,新材料,19.21,韭圈儿
2023-08-21,H30597,新材料,18.98,韭圈儿
2023-08-22,H30597,新材料,19.11,韭圈儿
2023-08-23,H30597,新材料,18.67,韭圈儿
2023-08-24,H30597,新材料,18.86,韭圈儿
2023-08-25,H30597,新材料,18.71,韭圈儿
2023-08-28,H30597,新材料,18.97,韭圈儿
2023-08-29,H30597,新材料,19.31,韭圈儿
2023-08-30,H30597,新材料,19.38,韭圈儿
2023-08-31,H30597,新材料,19.62,韭圈儿
2023-09-01,H30597,新材料,19.72,韭圈儿
2023-09-04,H30597,新材料,19.94,韭圈儿
2023-09-05,H30597,新材料,19.9,韭圈儿
2023-09-06,H30597,新材料,19.89,韭圈儿
2023-09-07,H30597,新材料,19.39,韭圈儿
2023-09-08,H30597,新材料,19.2,韭圈儿
2023-09-11,H30597,新材料,19.21,韭圈儿
2023-09-12,H30597,新材料,19.12,韭圈儿
2023-09-13,H30597,新材料,18.94,韭圈儿
2023-09-14,H30597,新材料,18.78,韭圈儿
2023-09-15,H30597,新材料,18.55,韭圈儿
2023-09-18,H30597,新材料,18.7,韭圈儿
2023-09-19,H30597,新材料,18.56,韭圈儿
2023-09-20,H30597,新材料,18.38,韭圈儿
2023-09-21,H30597,新材料,18.2,韭圈儿
2023-09-22,H30597,新材料,18.48,韭圈儿
2023-09-25,H30597,新材料,18.37,韭圈儿
2023-09-26,H30597,新材料,18.11,韭圈儿
2023-09-27,H30597,新材料,18.26,韭圈儿
2023-09-28,H30597,新材料,18.24,韭圈儿
2023-10-09,H30597,新材料,17.98,韭圈儿
2023-10-10,H30597,新材料,17.88,韭圈儿
2023-10-11,H30597,新材料,17.85,韭圈儿
2023-10-12,H30597,新材料,18.1,韭圈儿
2023-10-13,H30597,新材料,17.79,韭圈儿
2023-10-16,H30597,新材料,17.32,韭圈儿
2023-10-17,H30597,新材料,17.43,韭圈儿
2023-10-18,H30597,新材料,17.23,韭圈儿
2023-10-19,H30597,新材料,16.95,韭圈儿
2023-10-20,H30597,新材料,16.83,韭圈儿
2023-10-23,H30597,新材料,16.43,韭圈儿
2023-10-24,H30597,新材料,16.71,韭圈儿
2023-10-25,H30597,新材料,16.77,韭圈儿
2023-10-26,H30597,新材料,17.27,韭圈儿
2023-10-27,H30597,新材料,17.85,韭圈儿
2023-10-30,H30597,新材料,18.33,韭圈儿
2023-10-31,H30597,新材料,18.44,韭圈儿
2023-11-01,H30597,新材料,18.36,韭圈儿
2023-11-02,H30597,新材料,18.09,韭圈儿
2023-11-03,H30597,新材料,18.31,韭圈儿
2023-11-06,H30597,新材料,18.88,韭圈儿
2023-11-07,H30597,新材料,18.68,韭圈儿
2023-11-08,H30597,新材料,18.6,韭圈儿
2023-11-09,H30597,新材料,18.7,韭圈儿
2023-11-10,H30597,新材料,18.45,韭圈儿
2023-11-13,H30597,新材料,18.47,韭圈儿
2023-11-14,H30597,新材料,18.34,韭圈儿
2023-11-15,H30597,新材料,18.48,韭圈儿
2023-11-16,H30597,新材料,18.14,韭圈儿
2023-11-17,H30597,新材料,18.15,韭圈儿
2023-11-20,H30597,新材料,18.12,韭圈儿
2023-11-21,H30597,新材料,18.1,韭圈儿
2023-11-22,H30597,新材料,17.77,韭圈儿
2023-11-23,H30597,新材料,17.88,韭圈儿
2023-11-24,H30597,新材料,17.66,韭圈儿
2023-11-27,H30597,新材料,17.46,韭圈儿
2023-11-28,H30597,新材料,17.52,韭圈儿
2023-11-29,H30597,新材料,17.22,韭圈儿
2023-11-30,H30597,新材料,17.14,韭圈儿
2023-12-01,H30597,新材料,16.98,韭圈儿
2023-12-04,H30597,新材料,16.81,韭圈儿
2023-12-05,H30597,新材料,16.52,韭圈儿
2023-12-06,H30597,新材料,16.74,韭圈儿
2023-12-07,H30597,新材料,16.64,韭圈儿
2023-12-08,H30597,新材料,16.65,韭圈儿
2023-12-11,H30597,新材料,16.61,韭圈儿
2023-12-12,H30597,新材料,16.54,韭圈儿
2023-12-13,H30597,新材料,16.15,韭圈儿
2023-12-14,H30597,新材料,16.06,韭圈儿
2023-12-15,H30597,新材料,16.02,韭圈儿
2023-12-18,H30597,新材料,15.65,韭圈儿
2023-12-19,H30597,新材料,15.75,韭圈儿
2023-12-20,H30597,新材料,15.62,韭圈儿
2023-12-21,H30597,新材料,15.98,韭圈儿
2023-12-22,H30597,新材料,16.14,韭圈儿
2023-12-25,H30597,新材料,16.23,韭圈儿
2023-12-26,H30597,新材料,16.12,韭圈儿
2023-12-27,H30597,新材料,16.05,韭圈儿
2023-12-28,H30597,新材料,16.8,韭圈儿
2023-12-29,H30597,新材料,16.8,韭圈儿
2024-01-02,H30597,新材料,16.45,韭圈儿
2024-01-03,H30597,新材料,16.42,韭圈儿
2024-01-04,H30597,新材料,16.1,韭圈儿
2024-01-05,H30597,新材料,15.92,韭圈儿
2024-01-08,H30597,新材料,15.65,韭圈儿
2024-01-09,H30597,新材料,15.67,韭圈儿
2024-01-10,H30597,新材料,15.74,韭圈儿
2024-01-11,H30597,新材料,16.0,韭圈儿
2024-01-12,H30597,新材料,16.0,韭圈儿
2024-01-15,H30597,新材料,15.74,韭圈儿
2024-01-16,H30597,新材料,15.95,韭圈儿
2024-01-17,H30597,新材料,15.47,韭圈儿
2024-01-18,H30597,新材料,15.82,韭圈儿
2024-01-19,H30597,新材料,15.71,韭圈儿
2024-01-22,H30597,新材料,15.32,韭圈儿
2024-01-23,H30597,新材料,15.39,韭圈儿
2024-01-24,H30597,新材料,15.38,韭圈儿
2024-01-25,H30597,新材料,15.72,韭圈儿
2024-01-26,H30597,新材料,15.46,韭圈儿
2024-01-29,H30597,新材料,15.03,韭圈儿
2024-01-30,H30597,新材料,14.53,韭圈儿
2024-01-31,H30597,新材料,14.54,韭圈儿
2024-02-01,H30597,新材料,14.52,韭圈儿
2024-02-02,H30597,新材料,14.1,韭圈儿
2024-02-05,H30597,新材料,14.03,韭圈儿
2024-02-06,H30597,新材料,14.87,韭圈儿
2024-02-07,H30597,新材料,15.19,韭圈儿
2024-02-08,H30597,新材料,15.47,韭圈儿
2024-02-19,H30597,新材料,15.39,韭圈儿
2024-02-20,H30597,新材料,15.32,韭圈儿
2024-02-21,H30597,新材料,15.56,韭圈儿
2024-02-22,H30597,新材料,15.62,韭圈儿
2024-02-23,H30597,新材料,15.63,韭圈儿
2024-02-26,H30597,新材料,15.57,韭圈儿
2024-02-27,H30597,新材料,15.83,韭圈儿
2024-02-28,H30597,新材料,15.69,韭圈儿
2024-02-29,H30597,新材料,16.28,韭圈儿
2024-03-01,H30597,新材料,16.4,韭圈儿
2024-03-04,H30597,新材料,16.31,韭圈儿
2024-03-05,H30597,新材料,16.21,韭圈儿
2024-03-06,H30597,新材料,16.23,韭圈儿
2024-03-07,H30597,新材料,15.98,韭圈儿
2024-03-08,H30597,新材料,16.06,韭圈儿
2024-03-11,H30597,新材料,16.99,韭圈儿
2024-03-12,H30597,新材料,17.2,韭圈儿
2024-03-13,H30597,新材料,17.09,韭圈儿
2024-03-14,H30597,新材料,16.88,韭圈儿
2024-03-15,H30597,新材料,16.88,韭圈儿
2024-03-18,H30597,新材料,17.34,韭圈儿
2024-03-19,H30597,新材料,17.16,韭圈儿
2024-03-20,H30597,新材料,17.26,韭圈儿
2024-03-21,H30597,新材料,17.14,韭圈儿
2024-03-22,H30597,新材料,16.84,韭圈儿
2024-03-25,H30597,新材料,16.66,韭圈儿
2024-03-26,H30597,新材料,17.03,韭圈儿
2024-03-27,H30597,新材料,16.58,韭圈儿
2024-03-28,H30597,新材料,16.71,韭圈儿
2024-03-29,H30597,新材料,16.89,韭圈儿
2024-04-01,H30597,新材料,17.42,韭圈儿
2024-04-02,H30597,新材料,17.57,韭圈儿
2024-04-03,H30597,新材料,17.48,韭圈儿
2024-04-08,H30597,新材料,17.19,韭圈儿
2024-04-09,H30597,新材料,17.54,韭圈儿
2024-04-10,H30597,新材料,17.27,韭圈儿
2024-04-11,H30597,新材料,17.19,韭圈儿
2024-04-12,H30597,新材料,16.87,韭圈儿
2024-04-15,H30597,新材料,17.32,韭圈儿
2024-04-16,H30597,新材料,16.92,韭圈儿
2024-04-17,H30597,新材料,17.21,韭圈儿
2024-04-18,H30597,新材料,17.18,韭圈儿
2024-04-19,H30597,新材料,16.99,韭圈儿
2024-04-22,H30597,新材料,17.05,韭圈儿
2024-04-23,H30597,新材料,16.84,韭圈儿
2024-04-24,H30597,新材料,17.1,韭圈儿
2024-04-25,H30597,新材料,17.3,韭圈儿
2024-04-26,H30597,新材料,19.08,韭圈儿
2024-04-29,H30597,新材料,19.78,韭圈儿
2024-04-30,H30597,新材料,23.83,韭圈儿
